CustomerID,Churn,Tenure,PreferredLoginDevice,CityTier,WarehouseToHome,PreferredPaymentMode,Gender,HourSpendOnApp,NumberOfDeviceRegistered,PreferedOrderCat,SatisfactionScore,MaritalStatus,NumberOfAddress,Complain,OrderAmountHikeFromlastYear,CouponUsed,OrderCount,DaySinceLastOrder,CashbackAmount,DaySinceLastOrder_Clean,OrderCount_Clean,R_score,F_score,M_score,RFM_Score,CustomerSegment
50001,1,4.0,Mobile Phone,3,6.0,Debit Card,Female,3.0,3,Laptop & Accessory,2,Single,9,1,11.0,1.0,1.0,5.0,159.93,5.0,1.0,2,1,3,6,At Risk
50002,1,,Mobile Phone,1,8.0,UPI,Male,3.0,4,Mobile Phone,3,Single,7,1,15.0,0.0,1.0,0.0,120.9,0.0,1.0,5,1,1,7,Hibernating
50003,1,,Mobile Phone,1,30.0,Debit Card,Male,2.0,4,Mobile Phone,3,Single,6,1,14.0,0.0,1.0,3.0,120.28,3.0,1.0,4,1,1,6,Hibernating
50004,1,0.0,Mobile Phone,3,15.0,Debit Card,Male,2.0,4,Laptop & Accessory,5,Single,8,0,23.0,0.0,1.0,3.0,134.07,3.0,1.0,4,1,1,6,Hibernating
50005,1,0.0,Mobile Phone,1,12.0,Credit Card,Male,,3,Mobile Phone,5,Single,3,0,11.0,1.0,1.0,3.0,129.6,3.0,1.0,4,1,1,6,Hibernating
50006,1,0.0,Computer,1,22.0,Debit Card,Female,3.0,5,Mobile Phone,5,Single,2,1,22.0,4.0,6.0,7.0,139.19,7.0,6.0,2,5,1,8,At Risk
50007,1,,Mobile Phone,3,11.0,Cash on Delivery,Male,2.0,3,Laptop & Accessory,2,Divorced,4,0,14.0,0.0,1.0,0.0,120.86,0.0,1.0,5,1,1,7,Hibernating
50008,1,,Mobile Phone,1,6.0,Credit Card,Male,3.0,3,Mobile Phone,2,Divorced,3,1,16.0,2.0,2.0,0.0,122.93,0.0,2.0,5,2,1,8,Potential Loyalists
50009,1,13.0,Mobile Phone,3,9.0,E wallet,Male,,4,Mobile Phone,3,Divorced,2,1,14.0,0.0,1.0,2.0,126.83,2.0,1.0,5,1,1,7,Hibernating
50010,1,,Mobile Phone,1,31.0,Debit Card,Male,2.0,5,Mobile Phone,3,Single,2,0,12.0,1.0,1.0,1.0,122.93,1.0,1.0,5,1,1,7,Hibernating
50011,1,4.0,Mobile Phone,1,18.0,Cash on Delivery,Female,2.0,3,Others,3,Divorced,2,0,,9.0,15.0,8.0,295.45,8.0,15.0,2,5,5,12,Loyal Customers
50012,1,11.0,Mobile Phone,1,6.0,Debit Card,Male,3.0,4,Fashion,3,Single,10,1,13.0,0.0,1.0,0.0,153.81,0.0,1.0,5,1,3,9,Hibernating
50013,1,0.0,Mobile Phone,1,11.0,Cash on Delivery,Male,2.0,3,Mobile Phone,3,Single,2,1,13.0,2.0,2.0,2.0,134.41,2.0,2.0,5,2,1,8,Potential Loyalists
50014,1,0.0,Mobile Phone,1,15.0,Credit Card,Male,3.0,4,Mobile Phone,3,Divorced,1,1,17.0,0.0,1.0,0.0,133.88,0.0,1.0,5,1,1,7,Hibernating
50015,1,9.0,Mobile Phone,3,15.0,Credit Card,Male,3.0,4,Fashion,2,Single,2,0,16.0,0.0,4.0,7.0,196.19,7.0,4.0,2,4,4,10,Loyal Customers
50016,1,,Mobile Phone,2,12.0,UPI,Male,3.0,3,Mobile Phone,5,Married,5,1,22.0,1.0,1.0,2.0,120.73,2.0,1.0,5,1,1,7,Hibernating
50017,1,0.0,Computer,1,12.0,Debit Card,Female,,4,Mobile Phone,2,Single,2,1,18.0,1.0,1.0,0.0,129.26,0.0,1.0,5,1,1,7,Hibernating
50018,1,0.0,Mobile Phone,3,11.0,E wallet,Male,2.0,4,Laptop & Accessory,3,Single,2,1,11.0,1.0,1.0,3.0,157.44,3.0,1.0,4,1,3,8,Hibernating
50019,1,0.0,Computer,1,13.0,Debit Card,Male,3.0,5,Laptop & Accessory,3,Single,2,1,24.0,1.0,1.0,6.0,160.74,6.0,1.0,2,1,3,6,At Risk
50020,1,19.0,Mobile Phone,1,20.0,Debit Card,Female,3.0,3,Mobile Phone,4,Divorced,10,1,18.0,1.0,4.0,3.0,149.63,3.0,4.0,4,4,2,10,Potential Loyalists
50021,1,0.0,Mobile Phone,3,12.0,Debit Card,Male,3.0,5,Laptop & Accessory,3,Divorced,5,1,18.0,6.0,7.0,7.0,161.72,7.0,7.0,2,5,3,10,Loyal Customers
50022,1,20.0,Mobile Phone,1,29.0,Credit Card,Female,3.0,3,Fashion,2,Divorced,2,0,12.0,11.0,15.0,6.0,203.12,6.0,15.0,2,5,4,11,Loyal Customers
50023,1,,Mobile Phone,3,28.0,E wallet,Male,2.0,3,Mobile Phone,3,Single,2,1,19.0,0.0,1.0,0.0,116.75,0.0,1.0,5,1,1,7,Hibernating
50024,1,0.0,Mobile Phone,3,26.0,Debit Card,Female,3.0,5,Laptop & Accessory,3,Divorced,4,1,11.0,1.0,2.0,2.0,145.59,2.0,2.0,5,2,2,9,Potential Loyalists
50025,1,14.0,Computer,1,14.0,Debit Card,Male,2.0,5,Fashion,2,Single,3,0,15.0,0.0,1.0,3.0,206.5,3.0,1.0,4,1,4,9,Hibernating
50026,1,0.0,Mobile Phone,1,15.0,Credit Card,Female,2.0,3,Mobile Phone,5,Single,8,0,22.0,1.0,1.0,4.0,142.0,4.0,1.0,3,1,2,6,Hibernating
50027,0,8.0,Mobile Phone,3,6.0,E wallet,Male,3.0,3,Fashion,4,Divorced,2,0,13.0,1.0,1.0,6.0,172.95,6.0,1.0,2,1,3,6,At Risk
50028,0,,Mobile Phone,3,12.0,E wallet,Male,2.0,3,Laptop & Accessory,3,Divorced,3,1,20.0,0.0,4.0,5.0,123.06,5.0,4.0,2,4,1,7,At Risk
50029,0,18.0,Mobile Phone,1,,Debit Card,Male,2.0,3,Laptop & Accessory,4,Married,9,0,18.0,1.0,1.0,15.0,123.48,15.0,1.0,1,1,1,3,Hibernating
50030,0,5.0,Computer,3,14.0,E wallet,Female,2.0,3,Fashion,2,Single,2,0,14.0,2.0,3.0,7.0,189.98,7.0,3.0,2,4,4,10,Loyal Customers
50031,0,2.0,Computer,1,6.0,Cash on Delivery,Male,2.0,3,Laptop & Accessory,3,Divorced,2,0,13.0,0.0,1.0,9.0,143.19,9.0,1.0,1,1,2,4,Hibernating
50032,0,0.0,Mobile Phone,1,13.0,Credit Card,Male,2.0,4,Laptop & Accessory,3,Divorced,3,0,17.0,1.0,1.0,0.0,161.32,0.0,1.0,5,1,3,9,Hibernating
50033,0,30.0,Mobile Phone,1,15.0,Credit Card,Female,3.0,4,Mobile Phone,4,Divorced,5,1,20.0,1.0,1.0,0.0,133.46,0.0,1.0,5,1,1,7,Hibernating
50034,0,13.0,Mobile Phone,3,10.0,E wallet,Male,3.0,4,Fashion,2,Divorced,8,0,11.0,2.0,2.0,11.0,208.55,11.0,2.0,1,2,4,7,At Risk
50035,0,,Computer,3,8.0,E wallet,Female,3.0,3,Mobile Phone,3,Divorced,7,0,18.0,1.0,1.0,2.0,122.31,2.0,1.0,5,1,1,7,Hibernating
50036,0,0.0,Mobile Phone,1,,Credit Card,Male,3.0,3,Mobile Phone,2,Divorced,2,0,24.0,0.0,2.0,2.0,123.23,2.0,2.0,5,2,1,8,Potential Loyalists
50037,0,,Computer,1,15.0,Credit Card,Male,2.0,3,Mobile Phone,4,Married,7,0,18.0,0.0,2.0,2.0,120.24,2.0,2.0,5,2,1,8,Potential Loyalists
50038,0,1.0,Mobile Phone,1,27.0,Credit Card,Male,,3,Mobile Phone,2,Divorced,2,0,11.0,0.0,1.0,2.0,127.13,2.0,1.0,5,1,1,7,Hibernating
50039,0,30.0,Mobile Phone,1,30.0,Debit Card,Male,2.0,2,Fashion,2,Married,4,1,16.0,1.0,1.0,4.0,194.39,4.0,1.0,3,1,4,8,Hibernating
50040,0,0.0,Computer,1,,Credit Card,Male,3.0,4,Mobile Phone,3,Married,2,1,15.0,0.0,1.0,1.0,125.66,1.0,1.0,5,1,1,7,Hibernating
50041,0,23.0,Mobile Phone,1,17.0,Debit Card,Female,2.0,3,Others,4,Single,4,0,,2.0,4.0,4.0,299.26,4.0,4.0,3,4,5,12,Loyal Customers
50042,0,14.0,Mobile Phone,1,,Debit Card,Male,2.0,3,Mobile Phone,3,Married,5,0,12.0,1.0,1.0,8.0,124.51,8.0,1.0,2,1,1,4,Hibernating
50043,0,3.0,Mobile Phone,3,11.0,Debit Card,Female,2.0,3,Fashion,2,Divorced,3,0,12.0,2.0,7.0,4.0,194.19,4.0,7.0,3,5,4,12,Loyal Customers
50044,0,11.0,Mobile Phone,3,6.0,Debit Card,Female,2.0,4,Laptop & Accessory,2,Single,5,0,22.0,1.0,1.0,1.0,186.86,1.0,1.0,5,1,4,10,Hibernating
50045,0,5.0,Mobile Phone,1,12.0,Debit Card,Male,,3,Mobile Phone,3,Single,4,0,20.0,0.0,1.0,4.0,130.38,4.0,1.0,3,1,1,5,Hibernating
50046,0,0.0,Mobile Phone,1,23.0,Cash on Delivery,Male,,3,Mobile Phone,4,Divorced,1,1,16.0,1.0,1.0,1.0,130.58,1.0,1.0,5,1,1,7,Hibernating
50047,1,0.0,Computer,3,,Cash on Delivery,Female,3.0,5,Mobile Phone,5,Single,1,0,21.0,1.0,1.0,0.0,123.25,0.0,1.0,5,1,1,7,Hibernating
50048,0,,Computer,1,9.0,Credit Card,Male,1.0,3,Mobile Phone,4,Single,5,0,12.0,4.0,7.0,2.0,120.88,2.0,7.0,5,5,1,11,Potential Loyalists
50049,0,3.0,Computer,1,15.0,Credit Card,Male,,3,Laptop & Accessory,5,Married,2,0,11.0,0.0,6.0,10.0,130.72,10.0,6.0,1,5,1,7,At Risk
50050,0,18.0,Mobile Phone,3,10.0,Debit Card,Female,1.0,3,Laptop & Accessory,5,Married,5,1,11.0,0.0,1.0,3.0,150.06,3.0,1.0,4,1,2,7,Hibernating
50051,0,29.0,Mobile Phone,1,14.0,Debit Card,Female,3.0,3,Mobile Phone,5,Married,5,1,18.0,1.0,2.0,2.0,142.57,2.0,2.0,5,2,2,9,Potential Loyalists
50052,0,6.0,Mobile Phone,1,,Debit Card,Male,2.0,3,Mobile Phone,2,Single,1,0,14.0,0.0,1.0,2.0,125.0,2.0,1.0,5,1,1,7,Hibernating
50053,1,0.0,Mobile Phone,1,8.0,Debit Card,Male,2.0,4,Mobile Phone,2,Single,2,0,22.0,0.0,1.0,0.0,111.02,0.0,1.0,5,1,1,7,Hibernating
50054,0,19.0,Mobile Phone,3,6.0,E wallet,Female,3.0,3,Fashion,5,Married,2,0,25.0,4.0,15.0,7.0,204.53,7.0,15.0,2,5,4,11,Loyal Customers
50055,0,,Mobile Phone,1,15.0,Debit Card,Female,3.0,3,Mobile Phone,2,Single,2,0,12.0,1.0,2.0,1.0,122.88,1.0,2.0,5,2,1,8,Potential Loyalists
50056,0,4.0,Mobile Phone,1,18.0,Credit Card,Female,3.0,3,Mobile Phone,2,Divorced,9,1,23.0,1.0,1.0,2.0,139.29,2.0,1.0,5,1,1,7,Hibernating
50057,0,,Mobile Phone,1,33.0,Credit Card,Female,3.0,3,Mobile Phone,4,Single,3,0,15.0,1.0,1.0,2.0,123.11,2.0,1.0,5,1,1,7,Hibernating
50058,1,4.0,Mobile Phone,3,26.0,E wallet,Female,,3,Mobile Phone,4,Single,2,1,22.0,0.0,1.0,2.0,131.4,2.0,1.0,5,1,1,7,Hibernating
50059,0,23.0,Mobile Phone,1,6.0,Credit Card,Male,2.0,4,Mobile Phone,3,Divorced,3,0,15.0,0.0,1.0,2.0,136.9,2.0,1.0,5,1,1,7,Hibernating
50060,0,26.0,Mobile Phone,1,19.0,Credit Card,Female,2.0,2,Laptop & Accessory,5,Married,2,0,11.0,1.0,1.0,3.0,144.5,3.0,1.0,4,1,2,7,Hibernating
50061,0,6.0,Mobile Phone,1,20.0,Credit Card,Female,,3,Mobile Phone,4,Divorced,2,0,13.0,0.0,1.0,6.0,127.56,6.0,1.0,2,1,1,4,Hibernating
50062,0,13.0,Mobile Phone,1,10.0,Credit Card,Female,2.0,3,Others,3,Divorced,2,0,14.0,,9.0,9.0,290.33,9.0,9.0,1,5,5,11,Loyal Customers
50063,0,28.0,Mobile Phone,1,20.0,Credit Card,Male,3.0,2,Others,4,Single,9,0,11.0,,2.0,15.0,287.22,15.0,2.0,1,2,5,8,At Risk
50064,0,7.0,Computer,1,8.0,Debit Card,Male,2.0,4,Laptop & Accessory,3,Divorced,2,0,17.0,0.0,1.0,9.0,195.47,9.0,1.0,1,1,4,6,At Risk
50065,0,24.0,Mobile Phone,1,9.0,Credit Card,Female,3.0,3,Grocery,4,Single,4,0,18.0,0.0,,0.0,237.34,0.0,2.0,5,2,5,12,Potential Loyalists
50066,0,25.0,Mobile Phone,1,6.0,Debit Card,Male,3.0,4,Others,3,Divorced,1,0,,1.0,11.0,9.0,299.99,9.0,11.0,1,5,5,11,Loyal Customers
50067,0,,Mobile Phone,1,15.0,Credit Card,Female,2.0,3,Mobile Phone,4,Single,2,0,16.0,1.0,1.0,3.0,122.79,3.0,1.0,4,1,1,6,Hibernating
50068,1,0.0,Mobile Phone,1,29.0,Debit Card,Male,2.0,4,Laptop & Accessory,3,Divorced,4,1,13.0,1.0,1.0,1.0,159.16,1.0,1.0,5,1,3,9,Hibernating
50069,0,,Computer,1,13.0,Credit Card,Male,2.0,2,Mobile Phone,2,Married,5,0,14.0,0.0,2.0,2.0,120.89,2.0,2.0,5,2,1,8,Potential Loyalists
50070,0,18.0,Computer,1,8.0,Credit Card,Male,3.0,4,Grocery,2,Divorced,10,0,23.0,,11.0,8.0,267.92,8.0,11.0,2,5,5,12,Loyal Customers
50071,0,10.0,Mobile Phone,1,27.0,Debit Card,Male,3.0,2,Mobile Phone,5,Divorced,2,1,12.0,0.0,1.0,7.0,135.64,7.0,1.0,2,1,1,4,Hibernating
50072,0,8.0,Computer,1,8.0,Credit Card,Female,2.0,3,Laptop & Accessory,4,Single,6,0,11.0,1.0,1.0,2.0,144.25,2.0,1.0,5,1,2,8,Hibernating
50073,0,15.0,Computer,1,27.0,Credit Card,Female,2.0,3,Laptop & Accessory,3,Married,3,0,16.0,0.0,1.0,2.0,152.65,2.0,1.0,5,1,2,8,Hibernating
50074,0,11.0,Mobile Phone,1,8.0,Debit Card,Male,2.0,3,Laptop & Accessory,3,Divorced,10,0,14.0,0.0,1.0,0.0,165.53,0.0,1.0,5,1,3,9,Hibernating
50075,0,11.0,Mobile Phone,1,35.0,Cash on Delivery,Male,2.0,3,Laptop & Accessory,2,Divorced,4,0,18.0,0.0,1.0,7.0,162.61,7.0,1.0,2,1,3,6,At Risk
50076,0,0.0,Computer,1,6.0,Cash on Delivery,Male,2.0,4,Laptop & Accessory,5,Divorced,6,0,19.0,0.0,2.0,0.0,142.98,0.0,2.0,5,2,2,9,Potential Loyalists
50077,0,22.0,Computer,1,24.0,Debit Card,Male,3.0,3,Laptop & Accessory,2,Married,2,1,15.0,0.0,1.0,7.0,168.04,7.0,1.0,2,1,3,6,At Risk
50078,0,7.0,Computer,1,16.0,Credit Card,Male,2.0,3,Mobile Phone,3,Married,2,1,17.0,2.0,2.0,0.0,138.15,0.0,2.0,5,2,1,8,Potential Loyalists
50079,0,13.0,Mobile Phone,1,25.0,Credit Card,Male,,3,Laptop & Accessory,2,Divorced,9,1,15.0,1.0,3.0,7.0,127.41,7.0,3.0,2,4,1,7,At Risk
50080,1,1.0,Mobile Phone,1,35.0,Credit Card,Male,3.0,3,Laptop & Accessory,5,Divorced,8,1,19.0,0.0,1.0,0.0,166.73,0.0,1.0,5,1,3,9,Hibernating
50081,1,0.0,Mobile Phone,3,33.0,E wallet,Female,2.0,3,Fashion,2,Divorced,2,0,22.0,1.0,1.0,9.0,176.39,9.0,1.0,1,1,4,6,At Risk
50082,0,0.0,Mobile Phone,1,,Debit Card,Male,2.0,2,Mobile Phone,4,Married,2,1,16.0,0.0,2.0,2.0,123.28,2.0,2.0,5,2,1,8,Potential Loyalists
50083,0,,Computer,1,24.0,Credit Card,Female,3.0,3,Mobile Phone,2,Single,2,0,13.0,1.0,1.0,7.0,121.53,7.0,1.0,2,1,1,4,Hibernating
50084,0,13.0,Computer,1,15.0,Debit Card,Male,3.0,4,Laptop & Accessory,2,Divorced,10,0,14.0,1.0,1.0,2.0,148.76,2.0,1.0,5,1,2,8,Hibernating
50085,0,19.0,Mobile Phone,1,6.0,Credit Card,Male,3.0,3,Fashion,5,Married,8,0,16.0,0.0,1.0,3.0,193.96,3.0,1.0,4,1,4,9,Hibernating
50086,1,0.0,Mobile Phone,3,10.0,Credit Card,Male,2.0,5,Fashion,2,Divorced,2,0,11.0,7.0,9.0,8.0,204.0,8.0,9.0,2,5,4,11,Loyal Customers
50087,0,3.0,Computer,1,6.0,Debit Card,Male,2.0,4,Fashion,3,Single,2,0,22.0,2.0,5.0,8.0,184.74,8.0,5.0,2,5,4,11,Loyal Customers
50088,0,0.0,Computer,3,26.0,Debit Card,Female,2.0,3,Laptop & Accessory,3,Single,2,0,14.0,1.0,1.0,7.0,199.81,7.0,1.0,2,1,4,7,At Risk
50089,0,24.0,Mobile Phone,1,14.0,Debit Card,Male,2.0,4,Fashion,4,Divorced,6,0,16.0,1.0,4.0,,224.9,3.0,4.0,4,4,5,13,Champions
50090,1,0.0,Mobile Phone,1,,Cash on Delivery,Female,2.0,3,Mobile Phone,5,Single,6,1,11.0,1.0,1.0,4.0,126.57,4.0,1.0,3,1,1,5,Hibernating
50091,0,14.0,Mobile Phone,3,12.0,Debit Card,Female,3.0,3,Fashion,2,Single,4,1,18.0,0.0,,0.0,235.91000000000005,0.0,2.0,5,2,5,12,Potential Loyalists
50092,1,0.0,Computer,3,32.0,E wallet,Female,2.0,4,Laptop & Accessory,5,Single,6,0,15.0,0.0,1.0,1.0,166.96,1.0,1.0,5,1,3,9,Hibernating
50093,1,,Mobile Phone,1,6.0,Cash on Delivery,Male,2.0,3,Mobile Phone,3,Single,1,0,14.0,0.0,1.0,5.0,120.58,5.0,1.0,2,1,1,4,Hibernating
50094,0,18.0,Computer,3,12.0,Credit Card,Female,2.0,4,Fashion,2,Single,7,0,12.0,12.0,12.0,8.0,188.65,8.0,12.0,2,5,4,11,Loyal Customers
50095,0,27.0,Mobile Phone,3,9.0,E wallet,Female,2.0,3,Laptop & Accessory,5,Divorced,3,0,14.0,1.0,1.0,5.0,159.4,5.0,1.0,2,1,3,6,At Risk
50096,0,9.0,Mobile Phone,1,11.0,Debit Card,Male,3.0,3,Laptop & Accessory,4,Single,9,0,16.0,0.0,3.0,7.0,159.14,7.0,3.0,2,4,3,9,Loyal Customers
50097,0,6.0,Mobile Phone,1,,Credit Card,Female,2.0,4,Mobile Phone,4,Divorced,7,0,21.0,0.0,1.0,1.0,126.22,1.0,1.0,5,1,1,7,Hibernating
50098,0,10.0,Computer,1,17.0,UPI,Male,2.0,3,Fashion,2,Married,2,1,14.0,0.0,1.0,,221.85,3.0,1.0,4,1,5,10,Hibernating
50099,0,11.0,Mobile Phone,3,9.0,Debit Card,Male,3.0,3,Fashion,3,Married,1,0,12.0,1.0,5.0,13.0,206.09,13.0,5.0,1,5,4,10,Loyal Customers
50100,0,4.0,Computer,1,6.0,Credit Card,Male,2.0,5,Laptop & Accessory,3,Divorced,1,0,12.0,1.0,1.0,4.0,143.45,4.0,1.0,3,1,2,6,Hibernating
50101,0,,Mobile Phone,1,9.0,Debit Card,Male,3.0,4,Mobile Phone,2,Divorced,4,0,17.0,0.0,1.0,0.0,121.77,0.0,1.0,5,1,1,7,Hibernating
50102,0,10.0,Computer,3,10.0,E wallet,Male,2.0,3,Mobile Phone,2,Married,5,0,17.0,1.0,5.0,8.0,0.0,8.0,5.0,2,5,1,8,At Risk
50103,0,2.0,Computer,3,6.0,Credit Card,Female,2.0,3,Fashion,2,Divorced,2,0,14.0,4.0,4.0,1.0,179.18,1.0,4.0,5,4,4,13,Champions
50104,0,8.0,Computer,3,6.0,E wallet,Female,3.0,3,Fashion,3,Single,2,0,14.0,1.0,1.0,8.0,187.89,8.0,1.0,2,1,4,7,At Risk
50105,1,0.0,Mobile Phone,1,,Credit Card,Male,2.0,4,Mobile Phone,2,Single,2,1,13.0,0.0,1.0,1.0,123.89,1.0,1.0,5,1,1,7,Hibernating
50106,0,25.0,Mobile Phone,1,8.0,Debit Card,Female,2.0,4,Mobile Phone,2,Single,8,0,15.0,0.0,2.0,2.0,132.12,2.0,2.0,5,2,1,8,Potential Loyalists
50107,0,15.0,Mobile Phone,1,10.0,Cash on Delivery,Male,2.0,3,Others,2,Divorced,2,0,,0.0,11.0,15.0,292.32,15.0,11.0,1,5,5,11,Loyal Customers
50108,0,,Mobile Phone,2,12.0,Credit Card,Male,2.0,3,Mobile Phone,3,Divorced,9,0,17.0,2.0,2.0,2.0,122.67,2.0,2.0,5,2,1,8,Potential Loyalists
50109,0,23.0,Mobile Phone,3,6.0,Credit Card,Female,3.0,3,Others,2,Married,4,0,,1.0,1.0,6.0,295.17,6.0,1.0,2,1,5,8,At Risk
50110,1,0.0,Mobile Phone,1,,Credit Card,Male,2.0,3,Mobile Phone,2,Divorced,6,1,13.0,0.0,1.0,4.0,124.36,4.0,1.0,3,1,1,5,Hibernating
50111,0,16.0,Mobile Phone,3,22.0,E wallet,Female,3.0,3,Grocery,2,Divorced,6,1,22.0,0.0,,9.0,260.64,9.0,2.0,1,2,5,8,At Risk
50112,1,0.0,Mobile Phone,1,8.0,Debit Card,Female,,3,Mobile Phone,5,Divorced,8,0,20.0,1.0,1.0,7.0,127.07,7.0,1.0,2,1,1,4,Hibernating
50113,0,25.0,Computer,3,8.0,Debit Card,Male,3.0,4,Others,3,Single,2,1,18.0,,15.0,12.0,290.68,12.0,15.0,1,5,5,11,Loyal Customers
50114,0,5.0,Mobile Phone,3,10.0,Debit Card,Female,2.0,3,Mobile Phone,4,Divorced,3,0,11.0,1.0,1.0,2.0,139.31,2.0,1.0,5,1,1,7,Hibernating
50115,1,0.0,Mobile Phone,1,6.0,Debit Card,Male,3.0,4,Mobile Phone,3,Single,1,1,14.0,1.0,1.0,2.0,137.3,2.0,1.0,5,1,1,7,Hibernating
50116,0,,Mobile Phone,1,6.0,Credit Card,Female,3.0,3,Mobile Phone,3,Married,8,0,14.0,0.0,1.0,2.0,122.32,2.0,1.0,5,1,1,7,Hibernating
50117,0,5.0,Computer,3,32.0,E wallet,Male,3.0,3,Laptop & Accessory,2,Divorced,1,0,18.0,1.0,2.0,2.0,144.65,2.0,2.0,5,2,2,9,Potential Loyalists
50118,0,14.0,Mobile Phone,1,25.0,Debit Card,Male,,3,Laptop & Accessory,5,Married,3,0,16.0,1.0,1.0,0.0,130.72,0.0,1.0,5,1,1,7,Hibernating
50119,0,13.0,Mobile Phone,1,30.0,Cash on Delivery,Male,3.0,3,Laptop & Accessory,2,Married,2,0,17.0,2.0,4.0,7.0,133.19,7.0,4.0,2,4,1,7,At Risk
50120,0,18.0,Mobile Phone,1,6.0,UPI,Male,3.0,2,Others,2,Divorced,1,0,,1.0,1.0,7.0,292.02,7.0,1.0,2,1,5,8,At Risk
50121,0,4.0,Computer,1,9.0,Credit Card,Male,3.0,3,Fashion,3,Married,10,0,12.0,1.0,,2.0,236.75,2.0,2.0,5,2,5,12,Potential Loyalists
50122,0,6.0,Mobile Phone,1,11.0,Debit Card,Female,,4,Mobile Phone,2,Divorced,2,0,13.0,0.0,1.0,2.0,129.11,2.0,1.0,5,1,1,7,Hibernating
50123,0,7.0,Mobile Phone,1,8.0,Debit Card,Male,2.0,4,Laptop & Accessory,5,Divorced,7,0,13.0,0.0,5.0,9.0,159.57,9.0,5.0,1,5,3,9,Loyal Customers
50124,0,10.0,Mobile Phone,1,6.0,Credit Card,Female,2.0,4,Mobile Phone,5,Divorced,3,0,14.0,1.0,1.0,2.0,139.2,2.0,1.0,5,1,1,7,Hibernating
50125,0,18.0,Computer,1,13.0,Debit Card,Male,3.0,2,Laptop & Accessory,3,Divorced,5,0,17.0,0.0,1.0,2.0,164.34,2.0,1.0,5,1,3,9,Hibernating
50126,1,0.0,Computer,1,16.0,Credit Card,Male,3.0,3,Fashion,3,Married,7,0,11.0,1.0,1.0,0.0,200.48,0.0,1.0,5,1,4,10,Hibernating
50127,0,12.0,Computer,1,8.0,Cash on Delivery,Female,3.0,3,Fashion,3,Single,1,0,25.0,10.0,11.0,,209.38,3.0,11.0,4,5,5,14,Champions
50128,0,2.0,Mobile Phone,1,,Debit Card,Male,2.0,3,Mobile Phone,2,Single,2,0,19.0,0.0,1.0,5.0,123.4,5.0,1.0,2,1,1,4,Hibernating
50129,0,15.0,Mobile Phone,1,23.0,Debit Card,Female,2.0,2,Laptop & Accessory,5,Single,4,1,13.0,0.0,1.0,2.0,165.45,2.0,1.0,5,1,3,9,Hibernating
50130,0,2.0,Mobile Phone,3,26.0,E wallet,Male,2.0,3,Laptop & Accessory,2,Married,3,0,14.0,1.0,1.0,2.0,169.31,2.0,1.0,5,1,3,9,Hibernating
50131,0,0.0,Mobile Phone,1,6.0,Debit Card,Female,3.0,3,Laptop & Accessory,3,Divorced,1,0,12.0,1.0,1.0,2.0,148.98,2.0,1.0,5,1,2,8,Hibernating
50132,0,15.0,Mobile Phone,1,,Credit Card,Female,2.0,4,Mobile Phone,5,Married,1,1,11.0,4.0,7.0,8.0,125.93,8.0,7.0,2,5,1,8,At Risk
50133,0,13.0,Mobile Phone,1,8.0,Credit Card,Male,2.0,3,Others,3,Married,1,0,,0.0,3.0,9.0,294.36,9.0,3.0,1,4,5,10,Loyal Customers
50134,0,24.0,Mobile Phone,1,6.0,Debit Card,Male,,3,Mobile Phone,2,Divorced,2,0,11.0,1.0,1.0,0.0,127.23,0.0,1.0,5,1,1,7,Hibernating
50135,1,0.0,Computer,1,35.0,Credit Card,Male,3.0,4,Mobile Phone,4,Single,1,0,11.0,1.0,1.0,4.0,134.79,4.0,1.0,3,1,1,5,Hibernating
50136,0,5.0,Computer,1,13.0,Debit Card,Male,,2,Mobile Phone,4,Divorced,2,0,20.0,0.0,1.0,3.0,127.94,3.0,1.0,4,1,1,6,Hibernating
50137,0,11.0,Computer,3,8.0,Debit Card,Male,2.0,4,Laptop & Accessory,2,Divorced,4,0,18.0,6.0,7.0,5.0,152.49,5.0,7.0,2,5,2,9,At Risk
50138,0,,Mobile Phone,1,8.0,Cash on Delivery,Male,2.0,4,Laptop & Accessory,5,Single,5,0,13.0,0.0,1.0,4.0,121.76,4.0,1.0,3,1,1,5,Hibernating
50139,0,19.0,Mobile Phone,3,8.0,Cash on Delivery,Female,3.0,5,Grocery,4,Divorced,4,1,12.0,,7.0,7.0,268.72,7.0,7.0,2,5,5,12,Loyal Customers
50140,1,0.0,Mobile Phone,1,8.0,Debit Card,Male,3.0,3,Mobile Phone,3,Single,3,0,11.0,1.0,1.0,0.0,134.85,0.0,1.0,5,1,1,7,Hibernating
50141,0,2.0,Mobile Phone,3,8.0,Credit Card,Male,3.0,4,Laptop & Accessory,4,Divorced,3,0,19.0,0.0,1.0,0.0,166.44,0.0,1.0,5,1,3,9,Hibernating
50142,0,4.0,Mobile Phone,1,29.0,Credit Card,Male,3.0,4,Laptop & Accessory,2,Divorced,1,0,21.0,1.0,7.0,8.0,155.82,8.0,7.0,2,5,3,10,Loyal Customers
50143,0,0.0,Computer,1,11.0,Debit Card,Male,2.0,2,Laptop & Accessory,5,Married,2,0,12.0,1.0,1.0,5.0,140.0,5.0,1.0,2,1,1,4,Hibernating
50144,0,18.0,Mobile Phone,1,26.0,Credit Card,Male,3.0,3,Grocery,2,Divorced,1,1,14.0,0.0,,10.0,234.96,10.0,2.0,1,2,5,8,At Risk
50145,0,9.0,Mobile Phone,1,12.0,Debit Card,Male,2.0,3,Mobile Phone,2,Divorced,1,0,11.0,4.0,10.0,11.0,132.1,11.0,10.0,1,5,1,7,At Risk
50146,0,28.0,Mobile Phone,1,6.0,Credit Card,Male,2.0,3,Others,5,Single,1,1,14.0,,4.0,13.0,290.45,13.0,4.0,1,4,5,10,Loyal Customers
50147,1,10.0,Computer,1,35.0,Debit Card,Male,2.0,3,Fashion,4,Divorced,2,1,12.0,5.0,9.0,,218.49,3.0,9.0,4,5,5,14,Champions
50148,0,,Mobile Phone,1,15.0,Credit Card,Male,3.0,3,Mobile Phone,2,Divorced,2,0,23.0,1.0,1.0,4.0,120.7,4.0,1.0,3,1,1,5,Hibernating
50149,0,10.0,Mobile Phone,3,12.0,Credit Card,Male,3.0,3,Laptop & Accessory,2,Divorced,5,0,14.0,0.0,1.0,1.0,165.02,1.0,1.0,5,1,3,9,Hibernating
50150,0,0.0,Mobile Phone,1,9.0,Credit Card,Male,3.0,4,Mobile Phone,3,Single,2,0,17.0,1.0,1.0,0.0,132.3,0.0,1.0,5,1,1,7,Hibernating
50151,0,10.0,Computer,1,6.0,Credit Card,Female,0.0,3,Fashion,2,Married,3,1,18.0,0.0,,2.0,236.03,2.0,2.0,5,2,5,12,Potential Loyalists
50152,0,2.0,Mobile Phone,1,28.0,Debit Card,Female,3.0,2,Fashion,4,Married,8,0,18.0,5.0,6.0,,219.96,3.0,6.0,4,5,5,14,Champions
50153,0,11.0,Mobile Phone,3,13.0,Credit Card,Female,2.0,2,Laptop & Accessory,5,Married,2,1,24.0,0.0,7.0,7.0,156.05,7.0,7.0,2,5,3,10,Loyal Customers
50154,0,0.0,Computer,1,6.0,Debit Card,Female,2.0,3,Laptop & Accessory,4,Married,2,0,20.0,0.0,1.0,4.0,163.97,4.0,1.0,3,1,3,7,Hibernating
50155,0,23.0,Mobile Phone,1,10.0,Debit Card,Male,3.0,3,Others,4,Married,4,0,14.0,,1.0,6.0,291.44,6.0,1.0,2,1,5,8,At Risk
50156,0,26.0,Mobile Phone,1,9.0,Credit Card,Male,2.0,3,Grocery,3,Divorced,4,1,16.0,,1.0,3.0,275.84,3.0,1.0,4,1,5,10,Hibernating
50157,0,15.0,Mobile Phone,3,6.0,Debit Card,Male,2.0,3,Laptop & Accessory,3,Divorced,2,0,25.0,4.0,11.0,6.0,149.07,6.0,11.0,2,5,2,9,At Risk
50158,0,2.0,Computer,3,8.0,Debit Card,Male,2.0,3,Laptop & Accessory,2,Single,2,0,18.0,0.0,1.0,9.0,145.54,9.0,1.0,1,1,2,4,Hibernating
50159,0,28.0,Mobile Phone,1,26.0,Cash on Delivery,Male,2.0,3,Laptop & Accessory,2,Divorced,4,1,19.0,1.0,1.0,8.0,154.15,8.0,1.0,2,1,3,6,At Risk
50160,0,0.0,Computer,1,17.0,Credit Card,Male,2.0,3,Laptop & Accessory,5,Divorced,2,1,13.0,2.0,3.0,3.0,147.41,3.0,3.0,4,4,2,10,Potential Loyalists
50161,0,,Mobile Phone,1,6.0,Debit Card,Female,2.0,3,Mobile Phone,2,Single,2,0,12.0,1.0,5.0,7.0,121.15,7.0,5.0,2,5,1,8,At Risk
50162,1,7.0,Computer,1,30.0,Debit Card,Male,,3,Mobile Phone,3,Married,4,1,22.0,0.0,1.0,0.0,131.61,0.0,1.0,5,1,1,7,Hibernating
50163,0,11.0,Mobile Phone,1,29.0,Debit Card,Male,2.0,3,Laptop & Accessory,2,Married,10,0,14.0,0.0,1.0,2.0,157.45,2.0,1.0,5,1,3,9,Hibernating
50164,1,0.0,Mobile Phone,1,,Credit Card,Male,2.0,3,Mobile Phone,4,Married,3,1,13.0,1.0,1.0,2.0,123.73,2.0,1.0,5,1,1,7,Hibernating
50165,0,1.0,Mobile Phone,1,14.0,Debit Card,Female,3.0,3,Mobile Phone,2,Single,2,0,21.0,0.0,1.0,2.0,133.1,2.0,1.0,5,1,1,7,Hibernating
50166,0,22.0,Computer,1,16.0,Debit Card,Female,2.0,3,Others,5,Single,10,1,11.0,,1.0,2.0,286.65,2.0,1.0,5,1,5,11,Hibernating
50167,0,9.0,Mobile Phone,1,9.0,Cash on Delivery,Male,1.0,3,Laptop & Accessory,4,Single,5,0,12.0,6.0,7.0,7.0,144.85,7.0,7.0,2,5,2,9,At Risk
50168,0,4.0,Computer,3,11.0,E wallet,Female,,3,Mobile Phone,4,Married,2,0,11.0,0.0,2.0,2.0,127.89,2.0,2.0,5,2,1,8,Potential Loyalists
50169,1,0.0,Mobile Phone,3,10.0,E wallet,Male,2.0,4,Laptop & Accessory,2,Single,2,1,12.0,7.0,7.0,4.0,158.28,4.0,7.0,3,5,3,11,Loyal Customers
50170,0,10.0,Computer,1,,Credit Card,Male,2.0,3,Mobile Phone,2,Divorced,2,1,12.0,0.0,1.0,2.0,123.26,2.0,1.0,5,1,1,7,Hibernating
50171,0,15.0,Computer,3,32.0,E wallet,Female,3.0,3,Grocery,4,Divorced,6,0,14.0,2.0,,8.0,235.25,8.0,2.0,2,2,5,9,At Risk
50172,1,,Mobile Phone,1,9.0,Debit Card,Male,2.0,3,Mobile Phone,3,Single,2,0,13.0,0.0,1.0,0.0,114.2,0.0,1.0,5,1,1,7,Hibernating
50173,0,8.0,Mobile Phone,3,22.0,E wallet,Male,3.0,3,Fashion,4,Divorced,1,0,15.0,3.0,6.0,9.0,180.2,9.0,6.0,1,5,4,10,Loyal Customers
50174,0,9.0,Computer,1,24.0,Debit Card,Male,2.0,2,Mobile Phone,2,Divorced,5,0,18.0,0.0,1.0,0.0,136.88,0.0,1.0,5,1,1,7,Hibernating
50175,0,24.0,Mobile Phone,1,8.0,Credit Card,Male,2.0,5,Laptop & Accessory,4,Married,6,0,18.0,0.0,1.0,2.0,154.82,2.0,1.0,5,1,3,9,Hibernating
50176,0,14.0,Mobile Phone,3,8.0,Debit Card,Male,2.0,3,Grocery,4,Single,2,0,19.0,1.0,,4.0,260.15,4.0,2.0,3,2,5,10,Potential Loyalists
50177,0,0.0,Mobile Phone,3,16.0,Credit Card,Female,3.0,4,Mobile Phone,3,Single,2,0,12.0,1.0,1.0,0.0,112.0,0.0,1.0,5,1,1,7,Hibernating
50178,0,1.0,Mobile Phone,1,22.0,Credit Card,Male,3.0,2,Laptop & Accessory,5,Single,1,0,19.0,0.0,1.0,7.0,156.61,7.0,1.0,2,1,3,6,At Risk
50179,0,4.0,Mobile Phone,3,13.0,Cash on Delivery,Male,3.0,2,Laptop & Accessory,2,Divorced,5,0,11.0,3.0,7.0,7.0,169.29,7.0,7.0,2,5,3,10,Loyal Customers
50180,0,12.0,Mobile Phone,1,6.0,Credit Card,Male,2.0,2,Fashion,2,Married,1,0,17.0,3.0,3.0,7.0,196.13,7.0,3.0,2,4,4,10,Loyal Customers
50181,0,9.0,Computer,1,30.0,Debit Card,Female,2.0,3,Laptop & Accessory,4,Divorced,8,0,15.0,0.0,1.0,8.0,156.74,8.0,1.0,2,1,3,6,At Risk
50182,0,5.0,Mobile Phone,3,13.0,Debit Card,Male,3.0,4,Laptop & Accessory,3,Divorced,2,0,14.0,1.0,4.0,8.0,154.84,8.0,4.0,2,4,3,9,Loyal Customers
50183,0,11.0,Mobile Phone,1,31.0,Debit Card,Female,2.0,4,Fashion,4,Divorced,4,0,17.0,1.0,1.0,,220.61,3.0,1.0,4,1,5,10,Hibernating
50184,0,30.0,Computer,1,6.0,Debit Card,Male,2.0,5,Laptop & Accessory,3,Married,3,1,13.0,1.0,1.0,2.0,156.6,2.0,1.0,5,1,3,9,Hibernating
50185,0,4.0,Mobile Phone,1,11.0,Cash on Delivery,Male,2.0,3,Mobile Phone,2,Divorced,1,1,12.0,0.0,1.0,3.0,148.21,3.0,1.0,4,1,2,7,Hibernating
50186,0,4.0,Mobile Phone,2,8.0,UPI,Male,3.0,4,Laptop & Accessory,5,Divorced,4,0,12.0,0.0,1.0,0.0,164.1,0.0,1.0,5,1,3,9,Hibernating
50187,0,18.0,Computer,1,13.0,Debit Card,Male,3.0,3,Fashion,5,Married,2,0,18.0,5.0,9.0,11.0,152.1,11.0,9.0,1,5,2,8,At Risk
50188,0,4.0,Mobile Phone,1,8.0,Debit Card,Male,,3,Mobile Phone,2,Married,1,1,18.0,1.0,2.0,2.0,126.95,2.0,2.0,5,2,1,8,Potential Loyalists
50189,0,6.0,Computer,1,11.0,Debit Card,Female,3.0,3,Fashion,4,Divorced,7,0,11.0,2.0,8.0,,218.78,3.0,8.0,4,5,5,14,Champions
50190,0,12.0,Mobile Phone,1,16.0,Credit Card,Male,2.0,3,Grocery,5,Divorced,2,1,14.0,,11.0,10.0,270.68,10.0,11.0,1,5,5,11,Loyal Customers
50191,0,16.0,Computer,1,,Debit Card,Female,2.0,3,Mobile Phone,2,Single,1,0,19.0,0.0,1.0,7.0,124.55,7.0,1.0,2,1,1,4,Hibernating
50192,0,22.0,Mobile Phone,1,6.0,Cash on Delivery,Female,2.0,4,Grocery,3,Single,8,1,12.0,1.0,,7.0,239.64,7.0,2.0,2,2,5,9,At Risk
50193,1,15.0,Mobile Phone,1,14.0,Credit Card,Male,2.0,4,Laptop & Accessory,4,Divorced,3,0,15.0,7.0,7.0,7.0,149.41,7.0,7.0,2,5,2,9,At Risk
50194,0,0.0,Mobile Phone,1,,Debit Card,Female,2.0,3,Mobile Phone,4,Single,2,1,12.0,0.0,1.0,2.0,124.78,2.0,1.0,5,1,1,7,Hibernating
50195,0,5.0,Mobile Phone,3,14.0,Cash on Delivery,Female,3.0,4,Laptop & Accessory,4,Divorced,2,1,11.0,6.0,11.0,9.0,152.28,9.0,11.0,1,5,2,8,At Risk
50196,0,0.0,Mobile Phone,3,8.0,Debit Card,Male,3.0,3,Laptop & Accessory,3,Single,2,1,11.0,1.0,1.0,4.0,144.78,4.0,1.0,3,1,2,6,Hibernating
50197,0,4.0,Mobile Phone,3,13.0,E wallet,Male,3.0,3,Laptop & Accessory,2,Married,5,0,12.0,0.0,1.0,7.0,175.47,7.0,1.0,2,1,4,7,At Risk
50198,0,5.0,Mobile Phone,1,8.0,Credit Card,Female,3.0,2,Laptop & Accessory,2,Single,8,0,16.0,1.0,1.0,7.0,150.55,7.0,1.0,2,1,2,5,Hibernating
50199,1,0.0,Mobile Phone,1,8.0,Credit Card,Male,2.0,5,Mobile Phone,2,Divorced,6,1,13.0,2.0,2.0,2.0,134.64,2.0,2.0,5,2,1,8,Potential Loyalists
50200,0,3.0,Mobile Phone,1,34.0,Credit Card,Female,3.0,3,Laptop & Accessory,2,Divorced,2,0,13.0,0.0,1.0,9.0,157.75,9.0,1.0,1,1,3,5,At Risk
50201,0,4.0,Computer,1,13.0,Debit Card,Female,2.0,4,Fashion,3,Divorced,2,0,24.0,3.0,8.0,9.0,189.43,9.0,8.0,1,5,4,10,Loyal Customers
50202,0,12.0,Computer,1,5.0,Credit Card,Male,2.0,4,Others,2,Divorced,2,0,,9.0,13.0,3.0,292.72,3.0,13.0,4,5,5,14,Champions
50203,1,2.0,Mobile Phone,3,9.0,Credit Card,Female,2.0,3,Laptop & Accessory,3,Divorced,5,1,18.0,1.0,1.0,0.0,152.38,0.0,1.0,5,1,2,8,Hibernating
50204,0,6.0,Computer,3,16.0,E wallet,Male,2.0,4,Laptop & Accessory,2,Single,4,0,14.0,1.0,1.0,1.0,146.82,1.0,1.0,5,1,2,8,Hibernating
50205,0,20.0,Mobile Phone,1,11.0,Debit Card,Male,2.0,3,Others,3,Divorced,5,0,11.0,,1.0,1.0,283.0,1.0,1.0,5,1,5,11,Hibernating
50206,0,16.0,Computer,1,16.0,Debit Card,Female,2.0,4,Laptop & Accessory,3,Married,2,0,11.0,0.0,1.0,0.0,152.57,0.0,1.0,5,1,2,8,Hibernating
50207,0,0.0,Computer,3,6.0,E wallet,Male,3.0,3,Laptop & Accessory,4,Divorced,1,1,13.0,0.0,1.0,4.0,163.49,4.0,1.0,3,1,3,7,Hibernating
50208,0,27.0,Computer,1,26.0,Debit Card,Female,2.0,3,Laptop & Accessory,3,Single,4,0,12.0,1.0,1.0,3.0,148.69,3.0,1.0,4,1,2,7,Hibernating
50209,0,16.0,Mobile Phone,1,13.0,Debit Card,Female,2.0,3,Fashion,5,Divorced,9,0,16.0,1.0,1.0,0.0,199.85,0.0,1.0,5,1,4,10,Hibernating
50210,0,18.0,Mobile Phone,1,14.0,UPI,Male,3.0,3,Laptop & Accessory,2,Divorced,10,0,14.0,7.0,9.0,8.0,136.97,8.0,9.0,2,5,1,8,At Risk
50211,0,13.0,Mobile Phone,3,6.0,Credit Card,Male,2.0,5,Laptop & Accessory,2,Divorced,3,1,22.0,1.0,1.0,2.0,174.57,2.0,1.0,5,1,4,10,Hibernating
50212,1,,Mobile Phone,1,14.0,UPI,Male,3.0,5,Mobile Phone,5,Divorced,2,1,11.0,1.0,1.0,7.0,121.19,7.0,1.0,2,1,1,4,Hibernating
50213,0,2.0,Mobile Phone,1,15.0,UPI,Male,1.0,4,Mobile Phone,2,Single,1,0,17.0,2.0,2.0,2.0,139.83,2.0,2.0,5,2,1,8,Potential Loyalists
50214,0,3.0,Mobile Phone,3,11.0,E wallet,Female,1.0,4,Laptop & Accessory,3,Married,2,0,13.0,0.0,1.0,2.0,161.18,2.0,1.0,5,1,3,9,Hibernating
50215,0,0.0,Mobile Phone,3,14.0,E wallet,Female,2.0,3,Laptop & Accessory,4,Divorced,2,0,18.0,0.0,1.0,7.0,162.14,7.0,1.0,2,1,3,6,At Risk
50216,0,10.0,Mobile Phone,1,11.0,Credit Card,Male,3.0,3,Laptop & Accessory,2,Married,8,0,16.0,0.0,1.0,4.0,163.47,4.0,1.0,3,1,3,7,Hibernating
50217,0,11.0,Mobile Phone,1,21.0,Debit Card,Male,3.0,4,Fashion,2,Married,1,1,14.0,1.0,2.0,,215.1,3.0,2.0,4,2,5,11,Potential Loyalists
50218,0,4.0,Mobile Phone,1,13.0,Credit Card,Female,2.0,3,Fashion,2,Single,2,1,14.0,2.0,4.0,10.0,171.43,10.0,4.0,1,4,3,8,Loyal Customers
50219,0,2.0,Mobile Phone,3,16.0,E wallet,Female,2.0,4,Laptop & Accessory,4,Married,2,1,14.0,0.0,1.0,7.0,182.68,7.0,1.0,2,1,4,7,At Risk
50220,0,8.0,Mobile Phone,1,11.0,Cash on Delivery,Male,3.0,3,Fashion,4,Single,1,0,13.0,0.0,1.0,13.0,180.95,13.0,1.0,1,1,4,6,At Risk
50221,0,0.0,Mobile Phone,1,32.0,Debit Card,Male,,3,Mobile Phone,2,Married,2,0,12.0,1.0,1.0,2.0,129.04,2.0,1.0,5,1,1,7,Hibernating
50222,0,14.0,Mobile Phone,1,12.0,Credit Card,Male,3.0,4,Laptop & Accessory,4,Single,7,1,15.0,1.0,1.0,2.0,160.32,2.0,1.0,5,1,3,9,Hibernating
50223,0,20.0,Computer,3,10.0,Credit Card,Male,,3,Laptop & Accessory,3,Single,4,0,19.0,0.0,1.0,0.0,129.76,0.0,1.0,5,1,1,7,Hibernating
50224,0,15.0,Mobile Phone,1,29.0,Debit Card,Female,2.0,3,Grocery,2,Single,3,0,14.0,0.0,,0.0,259.92,0.0,2.0,5,2,5,12,Potential Loyalists
50225,0,2.0,Computer,3,8.0,Debit Card,Male,3.0,3,Laptop & Accessory,3,Divorced,2,0,14.0,1.0,1.0,2.0,146.49,2.0,1.0,5,1,2,8,Hibernating
50226,0,15.0,Mobile Phone,2,8.0,Cash on Delivery,Male,,3,Mobile Phone,3,Married,1,1,11.0,1.0,1.0,0.0,126.96,0.0,1.0,5,1,1,7,Hibernating
50227,0,5.0,Mobile Phone,1,,Credit Card,Female,3.0,3,Mobile Phone,4,Divorced,2,0,13.0,0.0,1.0,7.0,123.7,7.0,1.0,2,1,1,4,Hibernating
50228,0,21.0,Mobile Phone,3,35.0,Credit Card,Female,3.0,3,Fashion,3,Divorced,4,0,21.0,0.0,1.0,,225.04,3.0,1.0,4,1,5,10,Hibernating
50229,0,10.0,Mobile Phone,1,12.0,Credit Card,Male,2.0,2,Laptop & Accessory,5,Married,5,1,13.0,2.0,6.0,7.0,159.74,7.0,6.0,2,5,3,10,Loyal Customers
50230,0,3.0,Computer,3,31.0,Cash on Delivery,Female,2.0,3,Laptop & Accessory,3,Divorced,8,1,12.0,1.0,2.0,2.0,147.36,2.0,2.0,5,2,2,9,Potential Loyalists
50231,0,0.0,Mobile Phone,3,6.0,Debit Card,Male,2.0,3,Laptop & Accessory,3,Divorced,2,0,17.0,2.0,7.0,7.0,152.96,7.0,7.0,2,5,2,9,At Risk
50232,0,15.0,Mobile Phone,1,8.0,UPI,Male,3.0,4,Laptop & Accessory,2,Single,4,0,23.0,0.0,1.0,0.0,167.81,0.0,1.0,5,1,3,9,Hibernating
50233,1,,Computer,3,6.0,Cash on Delivery,Female,2.0,4,Mobile Phone,4,Single,2,1,11.0,1.0,1.0,2.0,121.74,2.0,1.0,5,1,1,7,Hibernating
50234,0,9.0,Computer,3,6.0,Credit Card,Female,2.0,3,Laptop & Accessory,2,Single,5,0,15.0,1.0,1.0,0.0,166.53,0.0,1.0,5,1,3,9,Hibernating
50235,0,9.0,Computer,3,9.0,Credit Card,Male,2.0,4,Fashion,2,Divorced,5,0,11.0,0.0,1.0,12.0,196.99,12.0,1.0,1,1,4,6,At Risk
50236,0,30.0,Mobile Phone,1,6.0,Credit Card,Male,2.0,3,Laptop & Accessory,3,Divorced,3,0,11.0,1.0,1.0,2.0,167.55,2.0,1.0,5,1,3,9,Hibernating
50237,0,,Mobile Phone,1,16.0,Debit Card,Female,2.0,2,Mobile Phone,3,Divorced,4,1,13.0,0.0,1.0,7.0,122.13,7.0,1.0,2,1,1,4,Hibernating
50238,0,0.0,Computer,3,,Credit Card,Male,2.0,3,Mobile Phone,2,Single,2,0,24.0,0.0,2.0,2.0,126.1,2.0,2.0,5,2,1,8,Potential Loyalists
50239,1,0.0,Mobile Phone,3,11.0,E wallet,Female,,3,Mobile Phone,3,Single,2,1,13.0,1.0,1.0,0.0,128.51,0.0,1.0,5,1,1,7,Hibernating
50240,0,10.0,Mobile Phone,1,16.0,Credit Card,Female,3.0,3,Mobile Phone,5,Divorced,7,0,20.0,1.0,1.0,3.0,134.52,3.0,1.0,4,1,1,6,Hibernating
50241,0,19.0,Computer,1,13.0,Credit Card,Female,1.0,3,Laptop & Accessory,3,Divorced,3,0,14.0,0.0,1.0,0.0,152.58,0.0,1.0,5,1,2,8,Hibernating
50242,1,4.0,Computer,3,10.0,E wallet,Male,2.0,3,Laptop & Accessory,4,Single,2,0,18.0,7.0,7.0,7.0,193.55,7.0,7.0,2,5,4,11,Loyal Customers
50243,0,23.0,Mobile Phone,1,16.0,Cash on Delivery,Male,3.0,4,Fashion,2,Single,7,0,15.0,0.0,1.0,3.0,204.96,3.0,1.0,4,1,4,9,Hibernating
50244,1,3.0,Mobile Phone,3,28.0,E wallet,Male,3.0,4,Laptop & Accessory,3,Divorced,3,1,12.0,1.0,1.0,0.0,163.8,0.0,1.0,5,1,3,9,Hibernating
50245,0,4.0,Mobile Phone,1,,Debit Card,Male,2.0,4,Mobile Phone,4,Single,1,1,16.0,1.0,2.0,2.0,126.57,2.0,2.0,5,2,1,8,Potential Loyalists
50246,1,0.0,Mobile Phone,3,18.0,Debit Card,Female,,2,Mobile Phone,4,Single,2,0,15.0,0.0,1.0,0.0,127.16,0.0,1.0,5,1,1,7,Hibernating
50247,0,,Mobile Phone,1,29.0,Debit Card,Male,2.0,3,Mobile Phone,2,Single,10,0,16.0,1.0,1.0,2.0,122.01,2.0,1.0,5,1,1,7,Hibernating
50248,0,8.0,Mobile Phone,1,15.0,Debit Card,Male,3.0,4,Laptop & Accessory,4,Single,10,0,19.0,1.0,1.0,0.0,165.4,0.0,1.0,5,1,3,9,Hibernating
50249,0,0.0,Mobile Phone,1,6.0,Credit Card,Male,2.0,3,Mobile Phone,4,Married,2,0,11.0,0.0,1.0,4.0,138.16,4.0,1.0,3,1,1,5,Hibernating
50250,0,1.0,Mobile Phone,3,15.0,Debit Card,Male,3.0,3,Laptop & Accessory,2,Single,2,0,16.0,1.0,1.0,7.0,152.53,7.0,1.0,2,1,2,5,Hibernating
50251,0,22.0,Mobile Phone,1,13.0,UPI,Male,2.0,4,Fashion,3,Single,9,0,24.0,1.0,1.0,0.0,145.0,0.0,1.0,5,1,2,8,Hibernating
50252,0,24.0,Mobile Phone,3,20.0,Debit Card,Female,2.0,3,Laptop & Accessory,2,Divorced,5,0,11.0,0.0,1.0,7.0,149.36,7.0,1.0,2,1,2,5,Hibernating
50253,0,9.0,Mobile Phone,1,,Debit Card,Female,3.0,3,Mobile Phone,3,Divorced,5,0,13.0,1.0,2.0,2.0,125.43,2.0,2.0,5,2,1,8,Potential Loyalists
50254,1,0.0,Computer,3,25.0,E wallet,Male,3.0,2,Laptop & Accessory,2,Single,9,1,13.0,1.0,1.0,4.0,153.04,4.0,1.0,3,1,2,6,Hibernating
50255,0,28.0,Mobile Phone,1,8.0,Debit Card,Female,3.0,3,Grocery,2,Single,3,1,13.0,,1.0,2.0,266.59,2.0,1.0,5,1,5,11,Hibernating
50256,0,0.0,Mobile Phone,3,16.0,E wallet,Female,3.0,3,Laptop & Accessory,3,Married,2,1,12.0,0.0,1.0,3.0,142.6,3.0,1.0,4,1,2,7,Hibernating
50257,0,3.0,Mobile Phone,3,,Cash on Delivery,Male,3.0,3,Mobile Phone,4,Divorced,2,0,18.0,1.0,1.0,0.0,124.76,0.0,1.0,5,1,1,7,Hibernating
50258,1,0.0,Computer,1,9.0,Cash on Delivery,Male,,3,Mobile Phone,5,Single,1,0,22.0,0.0,1.0,4.0,131.02,4.0,1.0,3,1,1,5,Hibernating
50259,0,,Mobile Phone,1,17.0,Credit Card,Female,2.0,3,Mobile Phone,4,Divorced,2,0,13.0,1.0,1.0,2.0,122.44,2.0,1.0,5,1,1,7,Hibernating
50260,0,9.0,Mobile Phone,3,8.0,Credit Card,Male,3.0,4,Fashion,3,Divorced,2,0,13.0,9.0,9.0,0.0,175.96,0.0,9.0,5,5,4,14,Champions
50261,1,,Computer,1,10.0,Cash on Delivery,Male,2.0,3,Mobile Phone,2,Single,19,1,23.0,1.0,1.0,0.0,122.85,0.0,1.0,5,1,1,7,Hibernating
50262,0,10.0,Mobile Phone,1,20.0,Debit Card,Female,,3,Mobile Phone,5,Married,2,0,12.0,3.0,12.0,17.0,130.34,17.0,12.0,1,5,1,7,At Risk
50263,0,13.0,Mobile Phone,3,8.0,E wallet,Female,2.0,3,Laptop & Accessory,4,Married,8,0,12.0,0.0,1.0,3.0,157.15,3.0,1.0,4,1,3,8,Hibernating
50264,0,15.0,Mobile Phone,1,,Debit Card,Female,3.0,3,Mobile Phone,5,Married,4,0,16.0,1.0,1.0,2.0,125.76,2.0,1.0,5,1,1,7,Hibernating
50265,0,10.0,Mobile Phone,1,16.0,Debit Card,Male,2.0,3,Laptop & Accessory,4,Single,3,1,12.0,0.0,1.0,1.0,141.97,1.0,1.0,5,1,2,8,Hibernating
50266,0,16.0,Mobile Phone,1,18.0,Debit Card,Male,2.0,4,Grocery,4,Married,2,0,11.0,0.0,,9.0,243.36,9.0,2.0,1,2,5,8,At Risk
50267,0,13.0,Mobile Phone,1,8.0,Credit Card,Female,3.0,4,Laptop & Accessory,3,Divorced,7,0,22.0,1.0,1.0,0.0,134.48,0.0,1.0,5,1,1,7,Hibernating
50268,0,27.0,Mobile Phone,1,11.0,Credit Card,Male,2.0,3,Others,5,Divorced,5,0,,1.0,1.0,2.0,294.06,2.0,1.0,5,1,5,11,Hibernating
50269,0,7.0,Computer,3,10.0,E wallet,Female,3.0,3,Laptop & Accessory,3,Divorced,10,0,15.0,1.0,1.0,2.0,165.38,2.0,1.0,5,1,3,9,Hibernating
50270,0,4.0,Mobile Phone,1,13.0,Credit Card,Female,2.0,3,Laptop & Accessory,5,Divorced,2,0,12.0,3.0,3.0,12.0,143.06,12.0,3.0,1,4,2,7,At Risk
50271,0,,Computer,1,27.0,Credit Card,Male,3.0,3,Mobile Phone,2,Divorced,8,0,20.0,0.0,1.0,2.0,122.58,2.0,1.0,5,1,1,7,Hibernating
50272,0,16.0,Mobile Phone,1,14.0,UPI,Female,3.0,3,Laptop & Accessory,3,Married,5,1,14.0,0.0,1.0,2.0,145.22,2.0,1.0,5,1,2,8,Hibernating
50273,0,0.0,Mobile Phone,3,10.0,Debit Card,Female,2.0,4,Laptop & Accessory,2,Single,2,1,11.0,0.0,1.0,3.0,144.87,3.0,1.0,4,1,2,7,Hibernating
50274,0,10.0,Computer,1,31.0,Credit Card,Female,3.0,3,Laptop & Accessory,3,Divorced,4,1,15.0,3.0,10.0,7.0,144.49,7.0,10.0,2,5,2,9,At Risk
50275,0,,Mobile Phone,1,6.0,Debit Card,Male,3.0,4,Mobile Phone,5,Divorced,2,0,12.0,0.0,3.0,2.0,122.18,2.0,3.0,5,4,1,10,Potential Loyalists
50276,0,12.0,Computer,1,6.0,Debit Card,Male,2.0,3,Others,3,Married,2,1,14.0,0.0,1.0,6.0,291.97,6.0,1.0,2,1,5,8,At Risk
50277,0,29.0,Computer,3,12.0,Debit Card,Female,2.0,2,Grocery,5,Divorced,10,0,11.0,2.0,,7.0,232.12,7.0,2.0,2,2,5,9,At Risk
50278,0,3.0,Mobile Phone,3,18.0,Cash on Delivery,Female,2.0,3,Laptop & Accessory,3,Single,1,0,11.0,3.0,4.0,4.0,165.77,4.0,4.0,3,4,3,10,Loyal Customers
50279,0,14.0,Mobile Phone,3,6.0,E wallet,Male,2.0,2,Fashion,5,Divorced,2,0,16.0,1.0,1.0,7.0,183.92,7.0,1.0,2,1,4,7,At Risk
50280,0,1.0,Mobile Phone,1,23.0,Credit Card,Male,3.0,3,Laptop & Accessory,5,Married,2,0,12.0,0.0,1.0,8.0,145.58,8.0,1.0,2,1,2,5,Hibernating
50281,1,0.0,Mobile Phone,1,9.0,Credit Card,Male,3.0,3,Mobile Phone,5,Divorced,6,0,13.0,1.0,1.0,2.0,140.31,2.0,1.0,5,1,1,7,Hibernating
50282,0,25.0,Mobile Phone,1,9.0,Credit Card,Male,2.0,4,Fashion,3,Divorced,3,1,14.0,0.0,1.0,4.0,179.69,4.0,1.0,3,1,4,8,Hibernating
50283,0,18.0,Mobile Phone,1,,Debit Card,Male,3.0,3,Mobile Phone,2,Divorced,4,0,21.0,1.0,1.0,2.0,126.54,2.0,1.0,5,1,1,7,Hibernating
50284,0,25.0,Mobile Phone,1,10.0,Debit Card,Female,1.0,3,Grocery,2,Divorced,3,0,13.0,,1.0,4.0,265.55,4.0,1.0,3,1,5,9,Hibernating
50285,0,15.0,Computer,1,35.0,Debit Card,Female,3.0,3,Laptop & Accessory,3,Married,3,0,11.0,1.0,1.0,2.0,145.56,2.0,1.0,5,1,2,8,Hibernating
50286,0,3.0,Mobile Phone,1,8.0,Debit Card,Female,2.0,5,Laptop & Accessory,2,Single,3,0,20.0,0.0,1.0,2.0,160.91,2.0,1.0,5,1,3,9,Hibernating
50287,0,30.0,Mobile Phone,1,13.0,Debit Card,Female,2.0,3,Others,5,Divorced,6,0,,0.0,11.0,10.0,295.66,10.0,11.0,1,5,5,11,Loyal Customers
50288,0,19.0,Mobile Phone,1,24.0,Credit Card,Female,2.0,3,Laptop & Accessory,3,Married,3,0,14.0,0.0,1.0,8.0,148.1,8.0,1.0,2,1,2,5,Hibernating
50289,0,15.0,Computer,1,34.0,Cash on Delivery,Female,2.0,4,Laptop & Accessory,2,Divorced,1,0,11.0,0.0,1.0,4.0,145.23,4.0,1.0,3,1,2,6,Hibernating
50290,1,0.0,Mobile Phone,3,6.0,Cash on Delivery,Female,3.0,3,Mobile Phone,4,Single,2,1,16.0,1.0,1.0,4.0,132.02,4.0,1.0,3,1,1,5,Hibernating
50291,1,0.0,Computer,3,,E wallet,Female,2.0,5,Mobile Phone,3,Married,1,0,16.0,1.0,1.0,0.0,123.51,0.0,1.0,5,1,1,7,Hibernating
50292,0,,Computer,1,8.0,Debit Card,Male,2.0,3,Mobile Phone,2,Divorced,2,1,23.0,1.0,1.0,0.0,117.02,0.0,1.0,5,1,1,7,Hibernating
50293,0,13.0,Mobile Phone,3,8.0,Debit Card,Female,3.0,3,Others,3,Divorced,1,0,14.0,,1.0,12.0,280.41,12.0,1.0,1,1,5,7,At Risk
50294,0,0.0,Mobile Phone,1,29.0,Debit Card,Female,,3,Mobile Phone,2,Married,2,0,22.0,1.0,1.0,2.0,128.86,2.0,1.0,5,1,1,7,Hibernating
50295,0,,Computer,1,9.0,Debit Card,Male,2.0,3,Mobile Phone,2,Divorced,5,0,15.0,0.0,1.0,4.0,120.97,4.0,1.0,3,1,1,5,Hibernating
50296,0,2.0,Mobile Phone,1,9.0,Credit Card,Male,3.0,4,Fashion,3,Divorced,2,0,18.0,1.0,1.0,,219.35,3.0,1.0,4,1,5,10,Hibernating
50297,1,0.0,Mobile Phone,1,,Cash on Delivery,Female,3.0,4,Mobile Phone,4,Divorced,6,0,16.0,0.0,1.0,1.0,125.46,1.0,1.0,5,1,1,7,Hibernating
50298,1,0.0,Mobile Phone,2,,Cash on Delivery,Male,2.0,4,Mobile Phone,2,Single,2,0,12.0,1.0,1.0,0.0,125.64,0.0,1.0,5,1,1,7,Hibernating
50299,0,3.0,Computer,3,28.0,UPI,Female,3.0,3,Fashion,5,Divorced,1,0,11.0,2.0,7.0,8.0,184.12,8.0,7.0,2,5,4,11,Loyal Customers
50300,0,30.0,Mobile Phone,3,35.0,E wallet,Male,2.0,4,Grocery,2,Married,4,0,12.0,0.0,,0.0,241.18,0.0,2.0,5,2,5,12,Potential Loyalists
50301,0,23.0,Mobile Phone,1,35.0,Debit Card,Male,2.0,4,Grocery,3,Divorced,1,0,15.0,,15.0,7.0,270.46,7.0,15.0,2,5,5,12,Loyal Customers
50302,0,3.0,Computer,1,,Credit Card,Female,2.0,3,Mobile Phone,2,Single,1,0,14.0,5.0,6.0,7.0,125.64,7.0,6.0,2,5,1,8,At Risk
50303,0,30.0,Computer,3,34.0,E wallet,Female,3.0,4,Fashion,5,Divorced,5,0,19.0,13.0,13.0,11.0,202.66,11.0,13.0,1,5,4,10,Loyal Customers
50304,0,20.0,Mobile Phone,1,8.0,Credit Card,Female,3.0,3,Laptop & Accessory,2,Married,6,0,13.0,0.0,1.0,4.0,150.7,4.0,1.0,3,1,2,6,Hibernating
50305,0,19.0,Mobile Phone,1,8.0,Debit Card,Male,2.0,3,Grocery,3,Divorced,7,0,13.0,,1.0,1.0,278.61,1.0,1.0,5,1,5,11,Hibernating
50306,0,8.0,Mobile Phone,1,28.0,Debit Card,Male,2.0,5,Mobile Phone,3,Single,1,0,15.0,2.0,4.0,3.0,142.3,3.0,4.0,4,4,2,10,Potential Loyalists
50307,0,27.0,Mobile Phone,1,14.0,Debit Card,Female,2.0,3,Laptop & Accessory,3,Single,8,0,11.0,1.0,1.0,0.0,137.8,0.0,1.0,5,1,1,7,Hibernating
50308,0,7.0,Mobile Phone,1,8.0,Debit Card,Male,,4,Mobile Phone,3,Married,4,0,12.0,5.0,5.0,7.0,127.68,7.0,5.0,2,5,1,8,At Risk
50309,0,19.0,Mobile Phone,3,16.0,E wallet,Female,3.0,4,Fashion,2,Divorced,3,1,19.0,1.0,1.0,2.0,190.71,2.0,1.0,5,1,4,10,Hibernating
50310,0,4.0,Mobile Phone,1,15.0,Debit Card,Male,2.0,3,Fashion,4,Married,2,0,25.0,1.0,1.0,8.0,206.48,8.0,1.0,2,1,4,7,At Risk
50311,1,0.0,Mobile Phone,1,21.0,Credit Card,Male,2.0,3,Fashion,3,Divorced,8,1,12.0,0.0,,7.0,236.1,7.0,2.0,2,2,5,9,At Risk
50312,1,0.0,Mobile Phone,1,16.0,Credit Card,Male,2.0,5,Mobile Phone,2,Married,8,0,13.0,0.0,1.0,3.0,134.08,3.0,1.0,4,1,1,6,Hibernating
50313,0,3.0,Mobile Phone,3,13.0,E wallet,Male,,3,Mobile Phone,4,Single,1,0,14.0,1.0,1.0,2.0,129.83,2.0,1.0,5,1,1,7,Hibernating
50314,0,8.0,Mobile Phone,1,22.0,Debit Card,Male,3.0,3,Fashion,3,Divorced,5,1,12.0,0.0,1.0,0.0,176.32,0.0,1.0,5,1,4,10,Hibernating
50315,1,0.0,Computer,1,26.0,Debit Card,Male,3.0,3,Fashion,3,Divorced,4,0,12.0,1.0,1.0,0.0,198.24,0.0,1.0,5,1,4,10,Hibernating
50316,1,0.0,Computer,2,29.0,UPI,Female,2.0,3,Fashion,5,Married,10,1,15.0,1.0,1.0,2.0,199.5,2.0,1.0,5,1,4,10,Hibernating
50317,0,,Computer,1,11.0,UPI,Male,3.0,3,Mobile Phone,3,Divorced,5,0,17.0,2.0,2.0,0.0,120.93,0.0,2.0,5,2,1,8,Potential Loyalists
50318,0,9.0,Computer,3,16.0,Credit Card,Male,2.0,3,Fashion,2,Single,2,0,14.0,1.0,9.0,7.0,199.8,7.0,9.0,2,5,4,11,Loyal Customers
50319,1,0.0,Computer,1,10.0,Cash on Delivery,Male,2.0,4,Mobile Phone,3,Single,6,0,16.0,1.0,1.0,2.0,138.94,2.0,1.0,5,1,1,7,Hibernating
50320,0,21.0,Mobile Phone,3,8.0,E wallet,Female,2.0,3,Laptop & Accessory,2,Divorced,3,0,14.0,4.0,6.0,7.0,140.51,7.0,6.0,2,5,1,8,At Risk
50321,0,28.0,Mobile Phone,3,24.0,Debit Card,Female,2.0,3,Grocery,4,Single,4,0,23.0,,7.0,7.0,268.35,7.0,7.0,2,5,5,12,Loyal Customers
50322,0,14.0,Computer,3,16.0,Debit Card,Male,2.0,3,Laptop & Accessory,2,Single,8,0,14.0,0.0,1.0,10.0,162.3,10.0,1.0,1,1,3,5,At Risk
50323,0,8.0,Mobile Phone,3,6.0,E wallet,Male,2.0,3,Laptop & Accessory,3,Divorced,10,0,11.0,3.0,6.0,9.0,147.17,9.0,6.0,1,5,2,8,At Risk
50324,0,13.0,Mobile Phone,1,12.0,Debit Card,Female,3.0,3,Grocery,3,Single,8,0,15.0,4.0,,13.0,232.37,13.0,2.0,1,2,5,8,At Risk
50325,0,12.0,Computer,1,14.0,Debit Card,Female,2.0,3,Mobile Phone,3,Divorced,2,0,11.0,0.0,1.0,7.0,137.55,7.0,1.0,2,1,1,4,Hibernating
50326,0,4.0,Mobile Phone,3,8.0,Debit Card,Male,3.0,3,Laptop & Accessory,2,Single,5,1,13.0,1.0,1.0,5.0,165.82,5.0,1.0,2,1,3,6,At Risk
50327,0,15.0,Mobile Phone,1,30.0,Credit Card,Male,2.0,3,Fashion,5,Divorced,2,1,21.0,4.0,5.0,8.0,174.06,8.0,5.0,2,5,4,11,Loyal Customers
50328,0,18.0,Mobile Phone,3,8.0,UPI,Male,3.0,3,Laptop & Accessory,4,Divorced,1,0,19.0,3.0,3.0,7.0,148.05,7.0,3.0,2,4,2,8,At Risk
50329,1,0.0,Computer,2,23.0,Debit Card,Female,,3,Mobile Phone,3,Married,1,1,11.0,0.0,1.0,0.0,127.41,0.0,1.0,5,1,1,7,Hibernating
50330,0,2.0,Mobile Phone,1,25.0,Cash on Delivery,Male,2.0,3,Laptop & Accessory,2,Married,5,0,12.0,0.0,1.0,2.0,142.62,2.0,1.0,5,1,2,8,Hibernating
50331,0,6.0,Mobile Phone,1,6.0,Credit Card,Female,3.0,2,Grocery,3,Married,5,0,19.0,,1.0,5.0,261.84,5.0,1.0,2,1,5,8,At Risk
50332,0,0.0,Mobile Phone,3,13.0,Debit Card,Male,2.0,4,Fashion,2,Married,10,0,21.0,1.0,1.0,,215.57,3.0,1.0,4,1,5,10,Hibernating
50333,1,,Computer,3,11.0,E wallet,Male,3.0,3,Mobile Phone,4,Single,2,1,14.0,1.0,1.0,0.0,118.78,0.0,1.0,5,1,1,7,Hibernating
50334,0,13.0,Computer,3,34.0,UPI,Male,2.0,5,Fashion,5,Married,4,0,15.0,1.0,1.0,,209.32,3.0,1.0,4,1,5,10,Hibernating
50335,0,14.0,Computer,1,8.0,UPI,Female,3.0,4,Laptop & Accessory,3,Single,3,1,17.0,0.0,1.0,7.0,168.11,7.0,1.0,2,1,3,6,At Risk
50336,0,0.0,Mobile Phone,3,35.0,Credit Card,Male,2.0,3,Laptop & Accessory,3,Married,6,0,12.0,1.0,1.0,0.0,143.06,0.0,1.0,5,1,2,8,Hibernating
50337,0,8.0,Mobile Phone,3,6.0,Credit Card,Female,3.0,3,Laptop & Accessory,3,Single,2,0,16.0,0.0,1.0,3.0,148.59,3.0,1.0,4,1,2,7,Hibernating
50338,0,7.0,Mobile Phone,3,27.0,Debit Card,Male,3.0,2,Laptop & Accessory,2,Single,2,0,12.0,5.0,5.0,7.0,153.37,7.0,5.0,2,5,2,9,At Risk
50339,1,0.0,Mobile Phone,1,,Cash on Delivery,Male,3.0,5,Mobile Phone,2,Single,2,1,18.0,1.0,1.0,0.0,123.4,0.0,1.0,5,1,1,7,Hibernating
50340,0,10.0,Mobile Phone,1,6.0,Cash on Delivery,Female,2.0,3,Fashion,2,Single,5,0,17.0,1.0,1.0,2.0,174.91,2.0,1.0,5,1,4,10,Hibernating
50341,0,19.0,Computer,1,24.0,Credit Card,Female,2.0,3,Fashion,3,Divorced,6,0,11.0,1.0,1.0,2.0,205.27,2.0,1.0,5,1,4,10,Hibernating
50342,0,14.0,Mobile Phone,3,8.0,Debit Card,Female,3.0,3,Grocery,5,Divorced,8,0,16.0,,11.0,8.0,265.95,8.0,11.0,2,5,5,12,Loyal Customers
50343,0,10.0,Computer,3,15.0,Credit Card,Male,3.0,3,Fashion,4,Married,2,0,13.0,6.0,7.0,7.0,188.34,7.0,7.0,2,5,4,11,Loyal Customers
50344,0,25.0,Mobile Phone,1,12.0,Cash on Delivery,Male,3.0,3,Laptop & Accessory,5,Married,4,1,12.0,2.0,6.0,9.0,155.77,9.0,6.0,1,5,3,9,Loyal Customers
50345,1,0.0,Computer,3,17.0,UPI,Male,2.0,2,Laptop & Accessory,3,Divorced,9,0,12.0,1.0,1.0,2.0,147.07,2.0,1.0,5,1,2,8,Hibernating
50346,0,0.0,Computer,3,,Credit Card,Male,2.0,3,Mobile Phone,2,Divorced,1,0,13.0,0.0,2.0,1.0,124.0,1.0,2.0,5,2,1,8,Potential Loyalists
50347,0,11.0,Mobile Phone,1,16.0,Credit Card,Female,3.0,3,Laptop & Accessory,3,Divorced,4,0,19.0,1.0,1.0,0.0,198.24,0.0,1.0,5,1,4,10,Hibernating
50348,0,10.0,Mobile Phone,1,6.0,Debit Card,Female,3.0,3,Laptop & Accessory,4,Divorced,7,0,12.0,3.0,4.0,3.0,164.47,3.0,4.0,4,4,3,11,Loyal Customers
50349,0,22.0,Mobile Phone,1,24.0,Debit Card,Male,2.0,4,Others,3,Married,2,1,,0.0,1.0,9.0,295.02,9.0,1.0,1,1,5,7,At Risk
50350,0,0.0,Mobile Phone,1,29.0,Credit Card,Male,,2,Mobile Phone,2,Divorced,2,1,11.0,0.0,1.0,4.0,127.25,4.0,1.0,3,1,1,5,Hibernating
50351,0,0.0,Mobile Phone,3,34.0,E wallet,Male,3.0,3,Laptop & Accessory,4,Divorced,2,0,20.0,1.0,1.0,4.0,162.72,4.0,1.0,3,1,3,7,Hibernating
50352,0,,Mobile Phone,1,23.0,UPI,Male,3.0,4,Mobile Phone,4,Divorced,2,0,21.0,1.0,1.0,0.0,121.27,0.0,1.0,5,1,1,7,Hibernating
50353,0,23.0,Computer,2,9.0,Credit Card,Male,2.0,3,Others,4,Divorced,2,0,11.0,,10.0,7.0,282.0,7.0,10.0,2,5,5,12,Loyal Customers
50354,0,,Mobile Phone,3,19.0,Credit Card,Male,2.0,3,Mobile Phone,3,Divorced,2,0,11.0,1.0,1.0,6.0,120.96,6.0,1.0,2,1,1,4,Hibernating
50355,1,0.0,Computer,1,13.0,Debit Card,Female,,3,Mobile Phone,3,Divorced,2,1,16.0,0.0,1.0,2.0,128.86,2.0,1.0,5,1,1,7,Hibernating
50356,1,,Computer,3,18.0,Debit Card,Male,3.0,4,Mobile Phone,5,Divorced,2,0,18.0,1.0,1.0,0.0,120.33,0.0,1.0,5,1,1,7,Hibernating
50357,0,7.0,Mobile Phone,1,6.0,Debit Card,Male,2.0,4,Mobile Phone,2,Divorced,2,1,13.0,0.0,1.0,3.0,136.22,3.0,1.0,4,1,1,6,Hibernating
50358,1,0.0,Mobile Phone,3,19.0,Credit Card,Male,2.0,3,Laptop & Accessory,5,Married,3,0,17.0,0.0,1.0,2.0,142.33,2.0,1.0,5,1,2,8,Hibernating
50359,0,8.0,Mobile Phone,1,31.0,UPI,Male,2.0,4,Laptop & Accessory,2,Single,5,0,14.0,0.0,1.0,2.0,136.81,2.0,1.0,5,1,1,7,Hibernating
50360,0,4.0,Mobile Phone,3,12.0,Credit Card,Male,3.0,2,Laptop & Accessory,2,Married,5,0,22.0,3.0,5.0,7.0,154.6,7.0,5.0,2,5,3,10,Loyal Customers
50361,0,,Mobile Phone,1,12.0,Credit Card,Female,3.0,4,Mobile Phone,3,Married,1,0,12.0,1.0,1.0,3.0,121.87,3.0,1.0,4,1,1,6,Hibernating
50362,0,10.0,Mobile Phone,3,8.0,E wallet,Male,3.0,3,Laptop & Accessory,3,Divorced,5,1,11.0,0.0,1.0,0.0,196.02,0.0,1.0,5,1,4,10,Hibernating
50363,0,0.0,Mobile Phone,1,6.0,Debit Card,Female,,4,Mobile Phone,4,Single,2,0,13.0,1.0,1.0,0.0,128.36,0.0,1.0,5,1,1,7,Hibernating
50364,0,15.0,Mobile Phone,1,8.0,Debit Card,Female,2.0,3,Laptop & Accessory,2,Divorced,2,0,13.0,2.0,2.0,2.0,140.89,2.0,2.0,5,2,2,9,Potential Loyalists
50365,0,16.0,Mobile Phone,1,12.0,UPI,Male,2.0,4,Grocery,2,Married,5,1,14.0,,1.0,0.0,266.27,0.0,1.0,5,1,5,11,Hibernating
50366,0,11.0,Mobile Phone,1,,Debit Card,Female,2.0,3,Mobile Phone,5,Single,4,0,17.0,1.0,1.0,0.0,126.19,0.0,1.0,5,1,1,7,Hibernating
50367,0,16.0,Computer,1,15.0,Credit Card,Male,3.0,3,Laptop & Accessory,3,Married,4,1,13.0,2.0,4.0,7.0,156.79,7.0,4.0,2,4,3,9,Loyal Customers
50368,0,21.0,Mobile Phone,1,6.0,Debit Card,Female,2.0,4,Grocery,5,Divorced,8,0,11.0,0.0,,2.0,254.02,2.0,2.0,5,2,5,12,Potential Loyalists
50369,0,17.0,Mobile Phone,2,6.0,Debit Card,Female,2.0,4,Laptop & Accessory,3,Single,5,0,11.0,1.0,1.0,2.0,159.85,2.0,1.0,5,1,3,9,Hibernating
50370,0,7.0,Mobile Phone,3,,Cash on Delivery,Female,2.0,3,Mobile Phone,3,Married,2,1,18.0,1.0,1.0,6.0,125.79,6.0,1.0,2,1,1,4,Hibernating
50371,1,0.0,Mobile Phone,3,8.0,E wallet,Male,,3,Mobile Phone,5,Married,1,0,11.0,0.0,1.0,2.0,130.41,2.0,1.0,5,1,1,7,Hibernating
50372,0,0.0,Mobile Phone,3,28.0,Cash on Delivery,Male,2.0,3,Mobile Phone,3,Single,2,0,11.0,1.0,1.0,2.0,134.47,2.0,1.0,5,1,1,7,Hibernating
50373,0,17.0,Mobile Phone,1,9.0,UPI,Male,2.0,3,Others,2,Divorced,5,1,,1.0,1.0,1.0,295.13,1.0,1.0,5,1,5,11,Hibernating
50374,0,0.0,Mobile Phone,1,12.0,Credit Card,Male,,3,Mobile Phone,3,Divorced,1,0,20.0,2.0,2.0,2.0,127.73,2.0,2.0,5,2,1,8,Potential Loyalists
50375,0,6.0,Mobile Phone,3,14.0,E wallet,Male,2.0,3,Laptop & Accessory,3,Married,1,0,12.0,1.0,1.0,2.0,171.04,2.0,1.0,5,1,3,9,Hibernating
50376,0,5.0,Mobile Phone,1,15.0,Debit Card,Female,3.0,3,Laptop & Accessory,2,Divorced,2,1,12.0,1.0,1.0,5.0,163.22,5.0,1.0,2,1,3,6,At Risk
50377,0,,Computer,1,9.0,Credit Card,Female,3.0,3,Mobile Phone,3,Married,2,0,20.0,1.0,1.0,0.0,120.83,0.0,1.0,5,1,1,7,Hibernating
50378,0,26.0,Mobile Phone,3,6.0,Credit Card,Female,2.0,3,Laptop & Accessory,5,Single,8,0,20.0,6.0,8.0,10.0,183.81,10.0,8.0,1,5,4,10,Loyal Customers
50379,0,7.0,Mobile Phone,1,6.0,Debit Card,Male,,3,Mobile Phone,2,Divorced,2,0,12.0,6.0,8.0,8.0,126.91,8.0,8.0,2,5,1,8,At Risk
50380,1,8.0,Computer,3,32.0,Debit Card,Female,3.0,3,Laptop & Accessory,5,Divorced,3,0,14.0,0.0,1.0,0.0,142.86,0.0,1.0,5,1,2,8,Hibernating
50381,0,0.0,Mobile Phone,1,12.0,Debit Card,Female,3.0,3,Mobile Phone,2,Divorced,2,1,13.0,0.0,1.0,2.0,126.59,2.0,1.0,5,1,1,7,Hibernating
50382,0,10.0,Mobile Phone,1,9.0,UPI,Male,2.0,3,Fashion,3,Divorced,2,0,15.0,6.0,7.0,8.0,194.34,8.0,7.0,2,5,4,11,Loyal Customers
50383,0,2.0,Mobile Phone,3,9.0,Credit Card,Female,3.0,3,Laptop & Accessory,3,Divorced,2,0,14.0,0.0,1.0,2.0,155.61,2.0,1.0,5,1,3,9,Hibernating
50384,0,8.0,Mobile Phone,1,12.0,Debit Card,Male,2.0,5,Laptop & Accessory,2,Single,2,0,13.0,11.0,11.0,8.0,166.46,8.0,11.0,2,5,3,10,Loyal Customers
50385,0,6.0,Computer,1,12.0,Debit Card,Male,1.0,3,Laptop & Accessory,2,Married,4,0,23.0,4.0,4.0,7.0,177.25,7.0,4.0,2,4,4,10,Loyal Customers
50386,0,27.0,Mobile Phone,2,25.0,Credit Card,Male,2.0,3,Fashion,4,Divorced,3,0,15.0,3.0,7.0,1.0,207.25,1.0,7.0,5,5,4,14,Champions
50387,0,9.0,Mobile Phone,1,15.0,Credit Card,Male,2.0,4,Laptop & Accessory,4,Married,3,1,11.0,1.0,1.0,2.0,188.47,2.0,1.0,5,1,4,10,Hibernating
50388,0,,Mobile Phone,1,9.0,Credit Card,Male,2.0,4,Mobile Phone,2,Single,1,0,13.0,0.0,1.0,1.0,120.45,1.0,1.0,5,1,1,7,Hibernating
50389,1,0.0,Mobile Phone,1,16.0,Credit Card,Male,2.0,3,Mobile Phone,3,Single,2,1,11.0,0.0,1.0,1.0,110.09,1.0,1.0,5,1,1,7,Hibernating
50390,1,0.0,Computer,1,9.0,Debit Card,Male,3.0,3,Mobile Phone,5,Single,2,1,11.0,9.0,9.0,7.0,133.48,7.0,9.0,2,5,1,8,At Risk
50391,0,,Computer,1,9.0,Debit Card,Male,2.0,4,Mobile Phone,3,Divorced,2,0,18.0,1.0,1.0,0.0,112.81,0.0,1.0,5,1,1,7,Hibernating
50392,0,0.0,Mobile Phone,1,10.0,Credit Card,Male,,2,Mobile Phone,5,Divorced,3,0,16.0,0.0,1.0,2.0,128.19,2.0,1.0,5,1,1,7,Hibernating
50393,0,0.0,Mobile Phone,3,14.0,Debit Card,Male,2.0,2,Laptop & Accessory,4,Divorced,1,0,22.0,0.0,1.0,2.0,148.51,2.0,1.0,5,1,2,8,Hibernating
50394,0,11.0,Mobile Phone,3,13.0,E wallet,Female,2.0,4,Laptop & Accessory,2,Single,1,0,20.0,1.0,1.0,5.0,140.28,5.0,1.0,2,1,1,4,Hibernating
50395,0,2.0,Computer,1,6.0,Debit Card,Male,,5,Mobile Phone,2,Married,2,0,18.0,2.0,2.0,8.0,127.2,8.0,2.0,2,2,1,5,Hibernating
50396,0,21.0,Mobile Phone,3,8.0,E wallet,Male,2.0,2,Laptop & Accessory,4,Divorced,4,0,12.0,2.0,2.0,2.0,181.2,2.0,2.0,5,2,4,11,Potential Loyalists
50397,0,0.0,Computer,3,9.0,Credit Card,Female,3.0,2,Laptop & Accessory,2,Married,2,1,20.0,1.0,1.0,4.0,146.47,4.0,1.0,3,1,2,6,Hibernating
50398,0,10.0,Mobile Phone,1,16.0,Debit Card,Male,3.0,2,Mobile Phone,2,Single,4,0,17.0,1.0,1.0,0.0,146.8,0.0,1.0,5,1,2,8,Hibernating
50399,0,23.0,Mobile Phone,1,34.0,Credit Card,Male,3.0,2,Mobile Phone,3,Divorced,2,1,11.0,3.0,3.0,8.0,132.21,8.0,3.0,2,4,1,7,At Risk
50400,0,7.0,Mobile Phone,1,15.0,Credit Card,Female,2.0,4,Fashion,4,Single,2,0,14.0,4.0,7.0,7.0,186.21,7.0,7.0,2,5,4,11,Loyal Customers
50401,1,0.0,Mobile Phone,3,9.0,Debit Card,Female,3.0,3,Laptop & Accessory,3,Single,10,0,14.0,1.0,2.0,0.0,145.77,0.0,2.0,5,2,2,9,Potential Loyalists
50402,0,12.0,Mobile Phone,1,8.0,Cash on Delivery,Female,3.0,4,Laptop & Accessory,3,Single,2,0,11.0,2.0,11.0,10.0,145.53,10.0,11.0,1,5,2,8,At Risk
50403,0,5.0,Mobile Phone,3,16.0,E wallet,Male,2.0,3,Laptop & Accessory,2,Single,2,0,12.0,0.0,1.0,8.0,153.96,8.0,1.0,2,1,3,6,At Risk
50404,1,13.0,Computer,3,14.0,Cash on Delivery,Male,2.0,3,Laptop & Accessory,3,Divorced,4,1,14.0,1.0,1.0,3.0,167.96,3.0,1.0,4,1,3,8,Hibernating
50405,0,11.0,Mobile Phone,1,6.0,Debit Card,Female,2.0,2,Laptop & Accessory,2,Single,1,0,13.0,1.0,1.0,8.0,176.25,8.0,1.0,2,1,4,7,At Risk
50406,0,0.0,Mobile Phone,1,6.0,Debit Card,Female,3.0,3,Fashion,5,Divorced,2,0,11.0,1.0,1.0,7.0,174.12,7.0,1.0,2,1,4,7,At Risk
50407,0,5.0,Mobile Phone,1,9.0,Debit Card,Female,2.0,3,Fashion,2,Single,4,0,15.0,3.0,7.0,,211.59,3.0,7.0,4,5,5,14,Champions
50408,0,20.0,Mobile Phone,3,20.0,E wallet,Male,2.0,3,Laptop & Accessory,5,Single,3,0,12.0,0.0,1.0,7.0,149.6,7.0,1.0,2,1,2,5,Hibernating
50409,0,13.0,Computer,3,11.0,Debit Card,Male,2.0,4,Fashion,5,Divorced,6,1,21.0,0.0,1.0,12.0,204.75,12.0,1.0,1,1,4,6,At Risk
50410,0,26.0,Mobile Phone,1,13.0,Debit Card,Male,2.0,2,Grocery,3,Divorced,4,0,19.0,0.0,,3.0,248.14,3.0,2.0,4,2,5,11,Potential Loyalists
50411,0,14.0,Mobile Phone,2,16.0,UPI,Male,3.0,4,Others,2,Married,4,0,15.0,,12.0,6.0,291.41,6.0,12.0,2,5,5,12,Loyal Customers
50412,0,30.0,Mobile Phone,3,22.0,E wallet,Male,2.0,3,Laptop & Accessory,5,Single,9,0,14.0,1.0,2.0,2.0,154.05,2.0,2.0,5,2,3,10,Potential Loyalists
50413,0,0.0,Computer,1,16.0,Debit Card,Male,2.0,3,Fashion,5,Married,2,0,21.0,1.0,1.0,7.0,187.93,7.0,1.0,2,1,4,7,At Risk
50414,0,14.0,Mobile Phone,2,6.0,UPI,Male,2.0,4,Others,3,Divorced,2,0,12.0,,2.0,10.0,291.89,10.0,2.0,1,2,5,8,At Risk
50415,0,23.0,Mobile Phone,3,14.0,E wallet,Male,2.0,3,Mobile Phone,4,Divorced,8,0,15.0,1.0,2.0,2.0,138.75,2.0,2.0,5,2,1,8,Potential Loyalists
50416,1,,Mobile Phone,1,6.0,Debit Card,Female,3.0,5,Mobile Phone,4,Single,8,1,13.0,1.0,3.0,7.0,122.16,7.0,3.0,2,4,1,7,At Risk
50417,0,9.0,Computer,1,14.0,Debit Card,Female,3.0,2,Fashion,5,Divorced,10,0,14.0,0.0,1.0,,217.13,3.0,1.0,4,1,5,10,Hibernating
50418,0,11.0,Mobile Phone,1,6.0,Debit Card,Female,2.0,3,Fashion,3,Single,5,1,14.0,0.0,1.0,0.0,178.61,0.0,1.0,5,1,4,10,Hibernating
50419,0,17.0,Computer,1,30.0,Credit Card,Male,2.0,5,Mobile Phone,3,Single,3,0,14.0,0.0,1.0,4.0,137.08,4.0,1.0,3,1,1,5,Hibernating
50420,0,20.0,Computer,3,9.0,Credit Card,Female,2.0,3,Grocery,3,Married,10,1,12.0,7.0,,13.0,237.7,13.0,2.0,1,2,5,8,At Risk
50421,0,3.0,Mobile Phone,3,33.0,E wallet,Male,2.0,3,Laptop & Accessory,2,Married,8,0,23.0,4.0,7.0,7.0,153.04,7.0,7.0,2,5,2,9,At Risk
50422,0,2.0,Mobile Phone,3,,Debit Card,Male,2.0,3,Mobile Phone,3,Single,2,0,11.0,0.0,1.0,0.0,126.42,0.0,1.0,5,1,1,7,Hibernating
50423,1,5.0,Computer,1,25.0,Credit Card,Male,,2,Mobile Phone,3,Married,7,1,12.0,2.0,2.0,2.0,127.59,2.0,2.0,5,2,1,8,Potential Loyalists
50424,0,16.0,Computer,3,21.0,Debit Card,Male,2.0,4,Laptop & Accessory,2,Divorced,4,0,18.0,0.0,2.0,2.0,168.04,2.0,2.0,5,2,3,10,Potential Loyalists
50425,0,7.0,Mobile Phone,1,14.0,Credit Card,Female,3.0,3,Laptop & Accessory,3,Single,4,0,11.0,1.0,4.0,3.0,161.42,3.0,4.0,4,4,3,11,Loyal Customers
50426,0,0.0,Mobile Phone,1,,Credit Card,Male,2.0,3,Mobile Phone,5,Divorced,2,0,14.0,0.0,1.0,2.0,125.0,2.0,1.0,5,1,1,7,Hibernating
50427,0,12.0,Mobile Phone,2,9.0,UPI,Female,2.0,2,Laptop & Accessory,4,Divorced,10,0,15.0,3.0,3.0,6.0,163.89,6.0,3.0,2,4,3,9,Loyal Customers
50428,0,29.0,Mobile Phone,1,15.0,Credit Card,Male,2.0,3,Grocery,2,Divorced,8,0,11.0,0.0,1.0,,211.03,3.0,1.0,4,1,5,10,Hibernating
50429,0,13.0,Mobile Phone,1,,Credit Card,Female,2.0,4,Mobile Phone,2,Single,1,1,20.0,2.0,2.0,3.0,123.42,3.0,2.0,4,2,1,7,Potential Loyalists
50430,0,0.0,Mobile Phone,1,13.0,Credit Card,Female,2.0,4,Laptop & Accessory,5,Single,9,0,19.0,1.0,1.0,7.0,168.11,7.0,1.0,2,1,3,6,At Risk
50431,0,,Mobile Phone,3,16.0,E wallet,Male,2.0,3,Mobile Phone,4,Married,2,0,14.0,0.0,2.0,2.0,122.97,2.0,2.0,5,2,1,8,Potential Loyalists
50432,0,26.0,Mobile Phone,1,,Debit Card,Male,2.0,3,Laptop & Accessory,2,Single,3,0,17.0,1.0,2.0,2.0,124.5,2.0,2.0,5,2,1,8,Potential Loyalists
50433,0,8.0,Computer,1,8.0,Debit Card,Female,3.0,3,Laptop & Accessory,5,Married,3,0,11.0,0.0,1.0,0.0,150.93,0.0,1.0,5,1,2,8,Hibernating
50434,0,5.0,Computer,1,30.0,Debit Card,Male,3.0,3,Laptop & Accessory,2,Divorced,2,0,15.0,2.0,4.0,7.0,153.09,7.0,4.0,2,4,2,8,At Risk
50435,0,11.0,Mobile Phone,1,8.0,Credit Card,Male,,3,Mobile Phone,3,Divorced,7,1,13.0,0.0,1.0,1.0,130.57,1.0,1.0,5,1,1,7,Hibernating
50436,0,7.0,Mobile Phone,1,14.0,Debit Card,Female,2.0,3,Laptop & Accessory,5,Married,4,0,14.0,1.0,1.0,0.0,151.21,0.0,1.0,5,1,2,8,Hibernating
50437,0,25.0,Mobile Phone,3,9.0,E wallet,Male,2.0,4,Grocery,5,Divorced,2,0,11.0,,1.0,16.0,268.56,16.0,1.0,1,1,5,7,At Risk
50438,1,0.0,Mobile Phone,1,6.0,UPI,Male,,3,Mobile Phone,2,Single,2,1,13.0,5.0,7.0,8.0,126.86,8.0,7.0,2,5,1,8,At Risk
50439,0,0.0,Mobile Phone,3,32.0,Credit Card,Female,2.0,3,Laptop & Accessory,2,Single,2,0,23.0,0.0,1.0,4.0,161.8,4.0,1.0,3,1,3,7,Hibernating
50440,0,18.0,Mobile Phone,3,8.0,Cash on Delivery,Male,2.0,5,Laptop & Accessory,3,Single,1,0,13.0,0.0,3.0,1.0,166.32,1.0,3.0,5,4,3,12,Loyal Customers
50441,0,0.0,Mobile Phone,1,16.0,Credit Card,Male,3.0,2,Mobile Phone,3,Single,2,0,18.0,1.0,1.0,2.0,135.05,2.0,1.0,5,1,1,7,Hibernating
50442,1,10.0,Computer,3,33.0,Debit Card,Female,3.0,1,Laptop & Accessory,3,Single,5,1,12.0,1.0,1.0,3.0,163.97,3.0,1.0,4,1,3,8,Hibernating
50443,0,7.0,Mobile Phone,3,8.0,UPI,Male,2.0,3,Laptop & Accessory,2,Single,2,0,22.0,0.0,1.0,4.0,162.74,4.0,1.0,3,1,3,7,Hibernating
50444,1,18.0,Mobile Phone,1,8.0,Credit Card,Male,3.0,3,Others,5,Divorced,6,1,,1.0,1.0,4.0,298.59,4.0,1.0,3,1,5,9,Hibernating
50445,0,9.0,Computer,3,14.0,Debit Card,Male,3.0,4,Fashion,5,Single,2,0,15.0,0.0,1.0,9.0,175.87,9.0,1.0,1,1,4,6,At Risk
50446,0,25.0,Computer,1,25.0,Credit Card,Male,2.0,3,Mobile Phone,2,Divorced,1,0,18.0,1.0,1.0,2.0,142.58,2.0,1.0,5,1,2,8,Hibernating
50447,0,0.0,Computer,1,6.0,Debit Card,Female,3.0,5,Mobile Phone,2,Married,4,0,14.0,2.0,2.0,0.0,143.64,0.0,2.0,5,2,2,9,Potential Loyalists
50448,0,2.0,Mobile Phone,1,33.0,Credit Card,Female,3.0,3,Laptop & Accessory,3,Divorced,5,0,12.0,1.0,1.0,1.0,143.35,1.0,1.0,5,1,2,8,Hibernating
50449,1,0.0,Mobile Phone,3,14.0,Cash on Delivery,Male,2.0,4,Laptop & Accessory,5,Single,7,0,17.0,1.0,1.0,2.0,153.26,2.0,1.0,5,1,2,8,Hibernating
50450,0,7.0,Mobile Phone,1,6.0,Debit Card,Female,3.0,1,Mobile Phone,2,Single,3,0,16.0,0.0,1.0,3.0,132.8,3.0,1.0,4,1,1,6,Hibernating
50451,0,27.0,Mobile Phone,1,25.0,Credit Card,Female,3.0,3,Laptop & Accessory,5,Married,10,1,11.0,0.0,1.0,4.0,154.85,4.0,1.0,3,1,3,7,Hibernating
50452,0,2.0,Computer,3,5.0,E wallet,Male,2.0,3,Laptop & Accessory,2,Divorced,1,0,19.0,0.0,1.0,1.0,143.42,1.0,1.0,5,1,2,8,Hibernating
50453,0,10.0,Mobile Phone,1,16.0,Debit Card,Female,,3,Mobile Phone,5,Married,1,1,13.0,3.0,4.0,3.0,127.82,3.0,4.0,4,4,1,9,Potential Loyalists
50454,0,11.0,Computer,1,8.0,Debit Card,Female,3.0,1,Laptop & Accessory,5,Single,7,1,12.0,4.0,4.0,12.0,159.8,12.0,4.0,1,4,3,8,Loyal Customers
50455,0,7.0,Mobile Phone,1,8.0,Credit Card,Female,2.0,4,Mobile Phone,5,Single,2,0,11.0,1.0,1.0,3.0,143.81,3.0,1.0,4,1,2,7,Hibernating
50456,0,8.0,Mobile Phone,3,,Debit Card,Female,3.0,3,Mobile Phone,2,Divorced,2,0,16.0,0.0,1.0,2.0,125.72,2.0,1.0,5,1,1,7,Hibernating
50457,0,3.0,Mobile Phone,1,6.0,Debit Card,Male,2.0,5,Mobile Phone,3,Divorced,4,0,21.0,1.0,1.0,2.0,138.33,2.0,1.0,5,1,1,7,Hibernating
50458,0,13.0,Computer,1,8.0,Credit Card,Female,2.0,1,Laptop & Accessory,4,Divorced,2,0,24.0,0.0,3.0,7.0,142.44,7.0,3.0,2,4,2,8,At Risk
50459,0,7.0,Mobile Phone,3,14.0,Debit Card,Female,3.0,3,Laptop & Accessory,5,Divorced,6,0,17.0,1.0,1.0,2.0,165.0,2.0,1.0,5,1,3,9,Hibernating
50460,0,15.0,Computer,1,14.0,Debit Card,Male,3.0,3,Others,2,Married,2,0,13.0,,14.0,9.0,284.3,9.0,14.0,1,5,5,11,Loyal Customers
50461,1,,Mobile Phone,1,12.0,Debit Card,Male,3.0,1,Mobile Phone,5,Divorced,2,1,21.0,1.0,1.0,0.0,116.01,0.0,1.0,5,1,1,7,Hibernating
50462,0,0.0,Computer,1,15.0,Debit Card,Male,,4,Mobile Phone,4,Married,2,0,11.0,1.0,1.0,0.0,126.94,0.0,1.0,5,1,1,7,Hibernating
50463,0,25.0,Mobile Phone,1,17.0,Debit Card,Female,,3,Laptop & Accessory,3,Divorced,9,0,20.0,1.0,1.0,4.0,131.49,4.0,1.0,3,1,1,5,Hibernating
50464,0,23.0,Mobile Phone,1,8.0,Credit Card,Male,3.0,3,Grocery,3,Divorced,6,0,16.0,,1.0,3.0,276.39,3.0,1.0,4,1,5,10,Hibernating
50465,1,0.0,Mobile Phone,1,,Debit Card,Female,2.0,4,Mobile Phone,5,Divorced,2,1,11.0,0.0,1.0,0.0,123.19,0.0,1.0,5,1,1,7,Hibernating
50466,0,6.0,Mobile Phone,1,13.0,Credit Card,Male,2.0,3,Fashion,3,Divorced,1,0,11.0,0.0,3.0,,216.91000000000005,3.0,3.0,4,4,5,13,Champions
50467,1,0.0,Mobile Phone,3,22.0,E wallet,Female,3.0,3,Laptop & Accessory,5,Single,6,0,15.0,1.0,1.0,2.0,153.24,2.0,1.0,5,1,2,8,Hibernating
50468,0,20.0,Mobile Phone,1,8.0,UPI,Female,2.0,3,Grocery,2,Divorced,2,1,11.0,,3.0,0.0,267.52,0.0,3.0,5,4,5,14,Champions
50469,0,9.0,Mobile Phone,1,6.0,UPI,Female,2.0,3,Laptop & Accessory,4,Divorced,1,0,15.0,0.0,1.0,5.0,152.28,5.0,1.0,2,1,2,5,Hibernating
50470,0,2.0,Mobile Phone,1,29.0,Debit Card,Male,,1,Mobile Phone,3,Divorced,2,0,24.0,1.0,1.0,7.0,127.0,7.0,1.0,2,1,1,4,Hibernating
50471,1,20.0,Mobile Phone,1,8.0,Debit Card,Male,2.0,3,Others,4,Single,8,1,,5.0,13.0,8.0,292.46,8.0,13.0,2,5,5,12,Loyal Customers
50472,0,8.0,Mobile Phone,1,,Debit Card,Female,2.0,1,Mobile Phone,3,Single,4,0,13.0,0.0,2.0,2.0,125.06,2.0,2.0,5,2,1,8,Potential Loyalists
50473,0,15.0,Mobile Phone,1,6.0,Debit Card,Female,2.0,4,Laptop & Accessory,2,Divorced,10,1,13.0,0.0,1.0,2.0,160.62,2.0,1.0,5,1,3,9,Hibernating
50474,1,0.0,Mobile Phone,1,8.0,Credit Card,Male,2.0,3,Mobile Phone,3,Single,7,0,17.0,0.0,2.0,1.0,143.82,1.0,2.0,5,2,2,9,Potential Loyalists
50475,0,,Mobile Phone,2,19.0,UPI,Male,2.0,3,Mobile Phone,4,Divorced,4,0,13.0,1.0,1.0,4.0,121.43,4.0,1.0,3,1,1,5,Hibernating
50476,0,5.0,Mobile Phone,1,10.0,Debit Card,Female,3.0,4,Laptop & Accessory,3,Divorced,2,0,12.0,1.0,6.0,8.0,161.62,8.0,6.0,2,5,3,10,Loyal Customers
50477,0,13.0,Computer,1,22.0,Credit Card,Male,2.0,4,Laptop & Accessory,3,Single,7,0,14.0,1.0,1.0,0.0,150.94,0.0,1.0,5,1,2,8,Hibernating
50478,0,3.0,Mobile Phone,1,8.0,Credit Card,Female,2.0,4,Laptop & Accessory,2,Single,6,1,24.0,1.0,1.0,0.0,168.77,0.0,1.0,5,1,3,9,Hibernating
50479,0,,Mobile Phone,1,8.0,Debit Card,Female,3.0,4,Mobile Phone,3,Single,2,0,14.0,1.0,1.0,0.0,122.74,0.0,1.0,5,1,1,7,Hibernating
50480,0,15.0,Mobile Phone,1,35.0,Debit Card,Male,3.0,3,Laptop & Accessory,4,Divorced,2,0,13.0,2.0,7.0,8.0,144.34,8.0,7.0,2,5,2,9,At Risk
50481,0,11.0,Computer,1,18.0,Debit Card,Male,2.0,4,Laptop & Accessory,5,Married,3,0,15.0,1.0,1.0,2.0,162.88,2.0,1.0,5,1,3,9,Hibernating
50482,0,7.0,Computer,1,,Debit Card,Female,3.0,4,Mobile Phone,2,Single,2,0,16.0,1.0,1.0,3.0,125.53,3.0,1.0,4,1,1,6,Hibernating
50483,1,12.0,Mobile Phone,3,17.0,E wallet,Female,2.0,3,Fashion,2,Divorced,2,0,18.0,0.0,7.0,7.0,176.54,7.0,7.0,2,5,4,11,Loyal Customers
50484,1,18.0,Mobile Phone,3,8.0,Credit Card,Male,2.0,3,Laptop & Accessory,2,Single,5,0,16.0,0.0,7.0,3.0,151.6,3.0,7.0,4,5,2,11,Potential Loyalists
50485,0,16.0,Mobile Phone,1,20.0,Debit Card,Male,3.0,3,Grocery,5,Divorced,7,0,24.0,,1.0,0.0,271.59,0.0,1.0,5,1,5,11,Hibernating
50486,0,0.0,Mobile Phone,1,11.0,Cash on Delivery,Male,2.0,4,Fashion,2,Married,2,1,16.0,0.0,1.0,,228.08,3.0,1.0,4,1,5,10,Hibernating
50487,0,8.0,Mobile Phone,1,13.0,UPI,Male,2.0,3,Fashion,3,Single,4,0,21.0,0.0,1.0,6.0,202.21,6.0,1.0,2,1,4,7,At Risk
50488,0,1.0,Mobile Phone,3,8.0,E wallet,Female,2.0,3,Laptop & Accessory,4,Divorced,2,1,20.0,7.0,7.0,5.0,147.79,5.0,7.0,2,5,2,9,At Risk
50489,0,7.0,Mobile Phone,2,9.0,UPI,Male,2.0,3,Mobile Phone,2,Divorced,1,0,19.0,1.0,1.0,2.0,137.37,2.0,1.0,5,1,1,7,Hibernating
50490,1,0.0,Computer,1,,Credit Card,Female,2.0,4,Mobile Phone,3,Divorced,2,1,14.0,0.0,1.0,7.0,123.66,7.0,1.0,2,1,1,4,Hibernating
50491,0,,Computer,1,9.0,Credit Card,Male,2.0,3,Mobile Phone,2,Divorced,2,0,11.0,1.0,1.0,0.0,117.06,0.0,1.0,5,1,1,7,Hibernating
50492,0,24.0,Mobile Phone,3,32.0,E wallet,Female,3.0,3,Grocery,3,Divorced,3,0,14.0,,4.0,17.0,263.07,17.0,4.0,1,4,5,10,Loyal Customers
50493,0,17.0,Mobile Phone,1,10.0,Credit Card,Male,2.0,3,Laptop & Accessory,4,Single,10,0,12.0,1.0,2.0,3.0,159.33,3.0,2.0,4,2,3,9,Potential Loyalists
50494,0,0.0,Mobile Phone,1,8.0,Credit Card,Male,3.0,1,Mobile Phone,5,Single,8,0,13.0,1.0,1.0,1.0,134.24,1.0,1.0,5,1,1,7,Hibernating
50495,0,6.0,Mobile Phone,3,6.0,Credit Card,Male,2.0,1,Laptop & Accessory,5,Married,2,0,22.0,0.0,1.0,8.0,140.37,8.0,1.0,2,1,1,4,Hibernating
50496,0,8.0,Mobile Phone,1,,Credit Card,Female,2.0,4,Mobile Phone,5,Single,2,0,11.0,1.0,1.0,1.0,125.59,1.0,1.0,5,1,1,7,Hibernating
50497,0,9.0,Mobile Phone,3,6.0,Debit Card,Male,2.0,3,Laptop & Accessory,2,Divorced,2,1,14.0,2.0,4.0,11.0,162.01,11.0,4.0,1,4,3,8,Loyal Customers
50498,0,5.0,Mobile Phone,3,19.0,Debit Card,Male,3.0,3,Laptop & Accessory,2,Married,3,0,11.0,0.0,1.0,3.0,144.03,3.0,1.0,4,1,2,7,Hibernating
50499,0,3.0,Computer,1,11.0,Debit Card,Male,3.0,4,Mobile Phone,2,Married,10,0,12.0,0.0,1.0,3.0,137.61,3.0,1.0,4,1,1,6,Hibernating
50500,0,26.0,Mobile Phone,3,13.0,E wallet,Female,3.0,4,Fashion,2,Divorced,8,1,18.0,0.0,1.0,,209.34,3.0,1.0,4,1,5,10,Hibernating
50501,0,18.0,Mobile Phone,3,15.0,E wallet,Male,3.0,3,Fashion,5,Married,5,1,12.0,1.0,1.0,2.0,207.61,2.0,1.0,5,1,4,10,Hibernating
50502,0,5.0,Mobile Phone,1,14.0,Credit Card,Female,3.0,1,Laptop & Accessory,3,Divorced,6,0,12.0,1.0,1.0,3.0,151.75,3.0,1.0,4,1,2,7,Hibernating
50503,0,25.0,Computer,1,31.0,Credit Card,Female,2.0,4,Grocery,2,Divorced,4,0,22.0,0.0,,0.0,238.26,0.0,2.0,5,2,5,12,Potential Loyalists
50504,0,10.0,Mobile Phone,3,22.0,E wallet,Male,3.0,4,Laptop & Accessory,3,Married,5,0,19.0,1.0,1.0,0.0,163.34,0.0,1.0,5,1,3,9,Hibernating
50505,0,1.0,Mobile Phone,2,14.0,Credit Card,Male,3.0,4,Mobile Phone,2,Married,2,0,13.0,0.0,1.0,4.0,149.36,4.0,1.0,3,1,2,6,Hibernating
50506,0,0.0,Mobile Phone,1,6.0,Debit Card,Male,2.0,4,Laptop & Accessory,2,Divorced,7,0,22.0,2.0,2.0,2.0,147.75,2.0,2.0,5,2,2,9,Potential Loyalists
50507,0,17.0,Mobile Phone,1,14.0,Debit Card,Male,,1,Mobile Phone,2,Divorced,3,1,24.0,1.0,1.0,2.0,128.18,2.0,1.0,5,1,1,7,Hibernating
50508,0,15.0,Computer,1,,Credit Card,Male,2.0,3,Mobile Phone,2,Single,6,1,14.0,0.0,2.0,2.0,125.15,2.0,2.0,5,2,1,8,Potential Loyalists
50509,0,9.0,Mobile Phone,2,,Debit Card,Male,3.0,4,Mobile Phone,5,Divorced,1,0,21.0,1.0,1.0,3.0,123.42,3.0,1.0,4,1,1,6,Hibernating
50510,0,0.0,Mobile Phone,3,9.0,UPI,Male,3.0,3,Laptop & Accessory,5,Divorced,2,1,18.0,1.0,1.0,3.0,141.94,3.0,1.0,4,1,2,7,Hibernating
50511,0,8.0,Mobile Phone,1,15.0,Debit Card,Female,3.0,4,Fashion,3,Divorced,2,1,20.0,2.0,5.0,15.0,206.85,15.0,5.0,1,5,4,10,Loyal Customers
50512,1,,Computer,1,31.0,Debit Card,Female,3.0,3,Mobile Phone,4,Married,2,1,19.0,0.0,7.0,8.0,120.22,8.0,7.0,2,5,1,8,At Risk
50513,0,5.0,Computer,1,6.0,Debit Card,Male,3.0,3,Mobile Phone,2,Married,1,0,12.0,0.0,1.0,2.0,123.14,2.0,1.0,5,1,1,7,Hibernating
50514,0,0.0,Mobile Phone,3,10.0,E wallet,Male,2.0,4,Laptop & Accessory,5,Divorced,2,0,12.0,1.0,1.0,3.0,142.56,3.0,1.0,4,1,2,7,Hibernating
50515,0,22.0,Mobile Phone,1,6.0,Cash on Delivery,Female,2.0,3,Mobile Phone,5,Divorced,3,0,16.0,1.0,1.0,2.0,135.8,2.0,1.0,5,1,1,7,Hibernating
50516,0,0.0,Computer,1,10.0,Debit Card,Male,,4,Mobile Phone,2,Divorced,1,0,17.0,0.0,3.0,4.0,131.62,4.0,3.0,3,4,1,8,Potential Loyalists
50517,0,5.0,Computer,3,11.0,Debit Card,Male,2.0,3,Laptop & Accessory,4,Divorced,2,0,14.0,2.0,5.0,3.0,165.24,3.0,5.0,4,5,3,12,Loyal Customers
50518,0,11.0,Mobile Phone,3,15.0,E wallet,Male,,4,Mobile Phone,4,Divorced,1,0,19.0,0.0,1.0,2.0,128.99,2.0,1.0,5,1,1,7,Hibernating
50519,0,15.0,Mobile Phone,1,9.0,Debit Card,Female,3.0,1,Laptop & Accessory,2,Divorced,3,1,13.0,0.0,1.0,3.0,152.31,3.0,1.0,4,1,2,7,Hibernating
50520,0,4.0,Mobile Phone,1,,Debit Card,Male,2.0,3,Mobile Phone,2,Divorced,4,1,19.0,1.0,1.0,2.0,123.56,2.0,1.0,5,1,1,7,Hibernating
50521,1,0.0,Mobile Phone,3,6.0,Credit Card,Female,,4,Mobile Phone,3,Married,7,1,19.0,0.0,1.0,2.0,128.0,2.0,1.0,5,1,1,7,Hibernating
50522,0,26.0,Mobile Phone,3,14.0,E wallet,Male,3.0,3,Grocery,2,Divorced,6,0,14.0,0.0,2.0,,218.36,3.0,2.0,4,2,5,11,Potential Loyalists
50523,0,8.0,Mobile Phone,1,31.0,Cash on Delivery,Male,3.0,4,Fashion,4,Divorced,4,0,16.0,3.0,4.0,8.0,209.03,8.0,4.0,2,4,5,11,Loyal Customers
50524,0,10.0,Computer,3,27.0,Credit Card,Female,,3,Mobile Phone,2,Divorced,6,0,15.0,1.0,1.0,0.0,129.73,0.0,1.0,5,1,1,7,Hibernating
50525,0,26.0,Mobile Phone,1,29.0,Debit Card,Female,3.0,3,Grocery,2,Single,7,0,18.0,2.0,,8.0,242.75,8.0,2.0,2,2,5,9,At Risk
50526,0,16.0,Computer,1,6.0,Debit Card,Female,2.0,3,Laptop & Accessory,2,Divorced,5,0,13.0,1.0,2.0,2.0,155.62,2.0,2.0,5,2,3,10,Potential Loyalists
50527,0,20.0,Mobile Phone,3,8.0,E wallet,Female,2.0,3,Laptop & Accessory,2,Divorced,1,1,22.0,5.0,7.0,7.0,145.37,7.0,7.0,2,5,2,9,At Risk
50528,0,10.0,Computer,3,25.0,Credit Card,Male,2.0,3,Fashion,4,Single,2,1,13.0,0.0,1.0,9.0,176.42,9.0,1.0,1,1,4,6,At Risk
50529,0,23.0,Computer,1,8.0,Debit Card,Male,3.0,3,Grocery,5,Married,2,0,11.0,,14.0,7.0,279.24,7.0,14.0,2,5,5,12,Loyal Customers
50530,0,12.0,Mobile Phone,2,8.0,Debit Card,Female,2.0,4,Laptop & Accessory,2,Divorced,9,0,11.0,0.0,1.0,4.0,152.04,4.0,1.0,3,1,2,6,Hibernating
50531,0,,Mobile Phone,2,9.0,UPI,Male,2.0,3,Mobile Phone,4,Married,4,1,11.0,0.0,1.0,3.0,122.77,3.0,1.0,4,1,1,6,Hibernating
50532,1,0.0,Mobile Phone,1,31.0,Debit Card,Male,,3,Mobile Phone,2,Single,2,1,24.0,1.0,1.0,1.0,127.95,1.0,1.0,5,1,1,7,Hibernating
50533,0,2.0,Mobile Phone,1,,Credit Card,Female,3.0,4,Mobile Phone,2,Married,7,0,14.0,1.0,1.0,3.0,125.32,3.0,1.0,4,1,1,6,Hibernating
50534,0,17.0,Mobile Phone,1,,Debit Card,Male,3.0,3,Mobile Phone,5,Divorced,2,1,13.0,2.0,7.0,1.0,125.59,1.0,7.0,5,5,1,11,Potential Loyalists
50535,0,1.0,Mobile Phone,3,11.0,Credit Card,Male,3.0,3,Laptop & Accessory,2,Single,2,0,14.0,1.0,1.0,2.0,149.08,2.0,1.0,5,1,2,8,Hibernating
50536,1,20.0,Computer,1,,Debit Card,Male,2.0,4,Mobile Phone,2,Married,10,1,14.0,0.0,1.0,0.0,123.8,0.0,1.0,5,1,1,7,Hibernating
50537,0,16.0,Mobile Phone,1,14.0,Debit Card,Female,2.0,3,Laptop & Accessory,4,Married,5,0,21.0,1.0,1.0,0.0,147.65,0.0,1.0,5,1,2,8,Hibernating
50538,1,,Mobile Phone,3,8.0,Credit Card,Female,2.0,4,Mobile Phone,3,Single,2,0,13.0,0.0,1.0,2.0,120.44,2.0,1.0,5,1,1,7,Hibernating
50539,1,0.0,Mobile Phone,1,24.0,UPI,Female,,3,Mobile Phone,2,Single,2,0,19.0,1.0,1.0,0.0,126.93,0.0,1.0,5,1,1,7,Hibernating
50540,0,9.0,Mobile Phone,1,20.0,Debit Card,Male,3.0,3,Laptop & Accessory,2,Divorced,1,1,17.0,4.0,4.0,11.0,165.86,11.0,4.0,1,4,3,8,Loyal Customers
50541,0,20.0,Mobile Phone,3,8.0,Debit Card,Female,3.0,4,Mobile Phone,2,Single,2,1,18.0,1.0,1.0,2.0,132.94,2.0,1.0,5,1,1,7,Hibernating
50542,1,0.0,Mobile Phone,1,9.0,Debit Card,Female,2.0,3,Laptop & Accessory,3,Divorced,1,1,19.0,1.0,1.0,2.0,141.71,2.0,1.0,5,1,2,8,Hibernating
50543,1,4.0,Mobile Phone,1,8.0,Debit Card,Female,,5,Mobile Phone,2,Married,5,1,13.0,0.0,1.0,0.0,127.78,0.0,1.0,5,1,1,7,Hibernating
50544,0,1.0,Mobile Phone,1,,Credit Card,Female,3.0,3,Mobile Phone,3,Married,6,0,18.0,2.0,2.0,2.0,123.77,2.0,2.0,5,2,1,8,Potential Loyalists
50545,1,2.0,Mobile Phone,1,,Credit Card,Male,3.0,3,Mobile Phone,5,Divorced,8,1,21.0,1.0,2.0,2.0,124.04,2.0,2.0,5,2,1,8,Potential Loyalists
50546,0,0.0,Mobile Phone,1,,Debit Card,Female,3.0,3,Mobile Phone,3,Single,2,0,19.0,1.0,1.0,0.0,123.18,0.0,1.0,5,1,1,7,Hibernating
50547,0,,Mobile Phone,1,16.0,Debit Card,Male,2.0,3,Mobile Phone,4,Married,2,0,14.0,1.0,1.0,0.0,120.08,0.0,1.0,5,1,1,7,Hibernating
50548,0,15.0,Mobile Phone,3,20.0,Credit Card,Female,3.0,4,Laptop & Accessory,3,Single,8,0,17.0,0.0,1.0,3.0,162.44,3.0,1.0,4,1,3,8,Hibernating
50549,0,6.0,Mobile Phone,1,6.0,UPI,Male,,4,Mobile Phone,5,Single,4,1,11.0,0.0,1.0,2.0,127.99,2.0,1.0,5,1,1,7,Hibernating
50550,0,30.0,Mobile Phone,1,11.0,Cash on Delivery,Female,2.0,4,Fashion,4,Married,3,1,13.0,1.0,1.0,4.0,205.52,4.0,1.0,3,1,4,8,Hibernating
50551,0,4.0,Mobile Phone,3,,Debit Card,Male,2.0,4,Mobile Phone,3,Divorced,4,0,15.0,3.0,5.0,2.0,123.29,2.0,5.0,5,5,1,11,Potential Loyalists
50552,0,8.0,Mobile Phone,1,27.0,Debit Card,Female,2.0,3,Laptop & Accessory,2,Divorced,2,1,25.0,0.0,1.0,7.0,140.14,7.0,1.0,2,1,1,4,Hibernating
50553,0,22.0,Mobile Phone,1,14.0,UPI,Female,2.0,3,Fashion,4,Divorced,5,0,11.0,0.0,1.0,7.0,174.03,7.0,1.0,2,1,4,7,At Risk
50554,0,,Mobile Phone,1,26.0,Credit Card,Male,2.0,3,Mobile Phone,3,Divorced,5,0,17.0,0.0,1.0,0.0,122.59,0.0,1.0,5,1,1,7,Hibernating
50555,0,4.0,Computer,3,26.0,E wallet,Female,2.0,3,Laptop & Accessory,3,Divorced,2,0,13.0,1.0,1.0,0.0,169.32,0.0,1.0,5,1,3,9,Hibernating
50556,0,9.0,Mobile Phone,1,13.0,UPI,Male,3.0,3,Mobile Phone,2,Single,3,0,18.0,0.0,1.0,1.0,146.78,1.0,1.0,5,1,2,8,Hibernating
50557,0,11.0,Mobile Phone,1,6.0,Cash on Delivery,Female,3.0,3,Fashion,5,Divorced,2,0,13.0,3.0,,11.0,235.82,11.0,2.0,1,2,5,8,At Risk
50558,0,5.0,Computer,1,,Debit Card,Female,3.0,4,Mobile Phone,4,Divorced,7,0,20.0,1.0,1.0,2.0,123.32,2.0,1.0,5,1,1,7,Hibernating
50559,1,0.0,Mobile Phone,3,,E wallet,Male,2.0,4,Mobile Phone,4,Divorced,2,1,18.0,0.0,1.0,0.0,124.13,0.0,1.0,5,1,1,7,Hibernating
50560,0,13.0,Mobile Phone,3,16.0,E wallet,Male,3.0,4,Fashion,4,Married,3,0,12.0,1.0,1.0,0.0,197.05,0.0,1.0,5,1,4,10,Hibernating
50561,0,0.0,Computer,3,6.0,Credit Card,Male,2.0,4,Laptop & Accessory,5,Single,2,0,12.0,1.0,1.0,7.0,142.94,7.0,1.0,2,1,2,5,Hibernating
50562,0,14.0,Mobile Phone,1,12.0,Credit Card,Male,2.0,3,Mobile Phone,5,Single,3,1,13.0,1.0,2.0,17.0,147.21,17.0,2.0,1,2,2,5,Hibernating
50563,0,9.0,Mobile Phone,1,,Credit Card,Male,3.0,3,Mobile Phone,3,Single,5,0,21.0,2.0,3.0,9.0,125.19,9.0,3.0,1,4,1,6,At Risk
50564,1,,Mobile Phone,3,27.0,UPI,Male,2.0,4,Mobile Phone,4,Single,2,1,13.0,0.0,1.0,0.0,121.21,0.0,1.0,5,1,1,7,Hibernating
50565,1,0.0,Mobile Phone,1,10.0,Cash on Delivery,Male,,3,Mobile Phone,5,Single,2,0,19.0,1.0,1.0,0.0,129.73,0.0,1.0,5,1,1,7,Hibernating
50566,0,4.0,Mobile Phone,1,18.0,Credit Card,Female,2.0,3,Laptop & Accessory,2,Divorced,1,1,11.0,0.0,8.0,5.0,158.55,5.0,8.0,2,5,3,10,Loyal Customers
50567,0,13.0,Computer,1,15.0,Credit Card,Male,2.0,3,Mobile Phone,4,Married,9,1,14.0,0.0,1.0,0.0,136.17,0.0,1.0,5,1,1,7,Hibernating
50568,0,5.0,Mobile Phone,1,9.0,Credit Card,Female,3.0,3,Laptop & Accessory,5,Divorced,2,0,12.0,6.0,6.0,3.0,167.25,3.0,6.0,4,5,3,12,Loyal Customers
50569,1,0.0,Mobile Phone,3,9.0,Debit Card,Male,2.0,4,Fashion,2,Divorced,2,1,11.0,3.0,3.0,7.0,203.25,7.0,3.0,2,4,4,10,Loyal Customers
50570,0,6.0,Mobile Phone,1,6.0,Debit Card,Female,2.0,4,Laptop & Accessory,2,Single,1,0,14.0,0.0,1.0,4.0,169.49,4.0,1.0,3,1,3,7,Hibernating
50571,1,0.0,Mobile Phone,3,6.0,Debit Card,Male,2.0,4,Fashion,3,Divorced,6,0,11.0,1.0,11.0,7.0,206.09,7.0,11.0,2,5,4,11,Loyal Customers
50572,0,18.0,Computer,1,10.0,Debit Card,Male,2.0,3,Laptop & Accessory,4,Divorced,2,0,12.0,1.0,1.0,8.0,144.47,8.0,1.0,2,1,2,5,Hibernating
50573,0,,Computer,3,26.0,Cash on Delivery,Female,2.0,3,Mobile Phone,2,Divorced,2,0,15.0,0.0,1.0,2.0,121.57,2.0,1.0,5,1,1,7,Hibernating
50574,0,8.0,Mobile Phone,3,24.0,Credit Card,Female,2.0,3,Laptop & Accessory,3,Divorced,2,0,16.0,1.0,1.0,0.0,146.01,0.0,1.0,5,1,2,8,Hibernating
50575,0,25.0,Mobile Phone,1,6.0,Debit Card,Male,3.0,3,Grocery,2,Divorced,3,0,15.0,,7.0,8.0,270.99,8.0,7.0,2,5,5,12,Loyal Customers
50576,1,20.0,Mobile Phone,1,,Cash on Delivery,Male,2.0,3,Mobile Phone,3,Single,5,0,24.0,1.0,1.0,0.0,124.79,0.0,1.0,5,1,1,7,Hibernating
50577,0,26.0,Mobile Phone,3,8.0,Credit Card,Male,2.0,3,Grocery,3,Married,7,0,13.0,2.0,,2.0,248.52,2.0,2.0,5,2,5,12,Potential Loyalists
50578,0,3.0,Mobile Phone,3,14.0,UPI,Male,3.0,3,Fashion,3,Married,6,0,11.0,4.0,7.0,7.0,172.64,7.0,7.0,2,5,3,10,Loyal Customers
50579,0,11.0,Computer,3,16.0,Cash on Delivery,Female,2.0,3,Laptop & Accessory,2,Single,2,1,13.0,0.0,1.0,3.0,156.66,3.0,1.0,4,1,3,8,Hibernating
50580,0,8.0,Mobile Phone,3,9.0,Debit Card,Male,3.0,3,Fashion,2,Married,7,0,13.0,0.0,1.0,8.0,178.23,8.0,1.0,2,1,4,7,At Risk
50581,0,12.0,Mobile Phone,3,8.0,Debit Card,Male,2.0,1,Fashion,3,Single,1,0,18.0,1.0,1.0,7.0,178.8,7.0,1.0,2,1,4,7,At Risk
50582,1,3.0,Computer,3,30.0,Debit Card,Female,3.0,1,Grocery,4,Single,5,1,16.0,1.0,,0.0,231.94,0.0,2.0,5,2,5,12,Potential Loyalists
50583,0,20.0,Computer,1,22.0,Credit Card,Male,3.0,1,Laptop & Accessory,3,Married,2,1,19.0,0.0,2.0,7.0,150.67,7.0,2.0,2,2,2,6,Hibernating
50584,0,9.0,Computer,3,14.0,Cash on Delivery,Male,2.0,3,Laptop & Accessory,2,Married,5,0,13.0,1.0,1.0,7.0,150.79,7.0,1.0,2,1,2,5,Hibernating
50585,1,0.0,Computer,1,,Credit Card,Male,2.0,4,Mobile Phone,5,Single,1,1,22.0,1.0,1.0,2.0,123.21,2.0,1.0,5,1,1,7,Hibernating
50586,0,6.0,Computer,3,23.0,Debit Card,Male,2.0,3,Grocery,3,Single,2,0,11.0,,6.0,0.0,274.44,0.0,6.0,5,5,5,15,Champions
50587,1,0.0,Mobile Phone,1,,Debit Card,Female,3.0,4,Mobile Phone,5,Single,7,1,20.0,1.0,1.0,0.0,124.04,0.0,1.0,5,1,1,7,Hibernating
50588,0,6.0,Mobile Phone,1,19.0,Debit Card,Female,2.0,3,Mobile Phone,2,Single,4,0,18.0,1.0,1.0,2.0,134.52,2.0,1.0,5,1,1,7,Hibernating
50589,0,,Mobile Phone,1,6.0,Credit Card,Female,3.0,3,Mobile Phone,2,Married,4,0,14.0,0.0,1.0,2.0,122.7,2.0,1.0,5,1,1,7,Hibernating
50590,0,23.0,Mobile Phone,1,6.0,Credit Card,Male,3.0,3,Grocery,2,Married,10,0,22.0,,1.0,3.0,273.99,3.0,1.0,4,1,5,10,Hibernating
50591,0,6.0,Computer,1,6.0,UPI,Female,2.0,1,Laptop & Accessory,4,Divorced,2,1,13.0,0.0,1.0,2.0,154.88,2.0,1.0,5,1,3,9,Hibernating
50592,0,14.0,Computer,1,15.0,Credit Card,Male,3.0,3,Others,3,Married,3,0,,1.0,1.0,11.0,294.19,11.0,1.0,1,1,5,7,At Risk
50593,0,0.0,Mobile Phone,1,22.0,Cash on Delivery,Female,,3,Mobile Phone,4,Divorced,10,0,14.0,2.0,2.0,2.0,128.11,2.0,2.0,5,2,1,8,Potential Loyalists
50594,0,18.0,Computer,1,29.0,Debit Card,Male,2.0,3,Laptop & Accessory,5,Divorced,2,1,15.0,1.0,1.0,8.0,136.33,8.0,1.0,2,1,1,4,Hibernating
50595,0,20.0,Mobile Phone,3,10.0,Debit Card,Female,2.0,3,Laptop & Accessory,2,Single,2,1,17.0,1.0,1.0,7.0,141.63,7.0,1.0,2,1,2,5,Hibernating
50596,1,,Mobile Phone,1,28.0,Debit Card,Female,2.0,3,Mobile Phone,3,Divorced,5,1,11.0,0.0,1.0,1.0,121.32,1.0,1.0,5,1,1,7,Hibernating
50597,0,23.0,Mobile Phone,1,30.0,Debit Card,Male,3.0,3,Grocery,3,Divorced,4,1,18.0,0.0,,5.0,239.73,5.0,2.0,2,2,5,9,At Risk
50598,0,11.0,Computer,1,16.0,Credit Card,Male,,3,Mobile Phone,3,Divorced,1,0,17.0,0.0,1.0,2.0,126.84,2.0,1.0,5,1,1,7,Hibernating
50599,0,19.0,Mobile Phone,1,13.0,Credit Card,Male,3.0,3,Fashion,3,Married,7,0,13.0,0.0,1.0,7.0,208.45,7.0,1.0,2,1,4,7,At Risk
50600,0,0.0,Mobile Phone,1,23.0,Credit Card,Female,2.0,4,Laptop & Accessory,3,Married,2,0,15.0,2.0,3.0,2.0,143.77,2.0,3.0,5,4,2,11,Potential Loyalists
50601,1,0.0,Mobile Phone,1,20.0,UPI,Male,2.0,4,Mobile Phone,4,Married,2,1,24.0,1.0,1.0,2.0,137.43,2.0,1.0,5,1,1,7,Hibernating
50602,0,4.0,Computer,1,6.0,Debit Card,Female,3.0,3,Laptop & Accessory,5,Divorced,2,0,12.0,1.0,1.0,3.0,141.48,3.0,1.0,4,1,2,7,Hibernating
50603,0,0.0,Computer,1,11.0,Debit Card,Male,3.0,3,Mobile Phone,2,Single,2,0,15.0,1.0,1.0,0.0,110.51,0.0,1.0,5,1,1,7,Hibernating
50604,0,27.0,Mobile Phone,1,23.0,Cash on Delivery,Female,2.0,3,Fashion,3,Divorced,9,0,11.0,1.0,1.0,8.0,207.39,8.0,1.0,2,1,4,7,At Risk
50605,0,8.0,Mobile Phone,1,31.0,Credit Card,Female,2.0,3,Fashion,3,Married,2,1,11.0,2.0,10.0,1.0,203.88,1.0,10.0,5,5,4,14,Champions
50606,0,3.0,Mobile Phone,1,14.0,Debit Card,Female,3.0,1,Fashion,5,Divorced,1,1,12.0,0.0,1.0,,214.16000000000005,3.0,1.0,4,1,5,10,Hibernating
50607,1,0.0,Mobile Phone,1,,Credit Card,Female,3.0,4,Mobile Phone,5,Single,2,1,15.0,0.0,1.0,0.0,126.0,0.0,1.0,5,1,1,7,Hibernating
50608,1,0.0,Computer,1,,Credit Card,Female,2.0,3,Mobile Phone,4,Single,1,0,17.0,0.0,1.0,2.0,124.22,2.0,1.0,5,1,1,7,Hibernating
50609,0,0.0,Mobile Phone,1,8.0,Credit Card,Male,2.0,1,Laptop & Accessory,2,Divorced,2,0,12.0,1.0,1.0,3.0,154.72,3.0,1.0,4,1,3,8,Hibernating
50610,0,0.0,Mobile Phone,1,,Debit Card,Male,3.0,5,Mobile Phone,5,Divorced,2,0,15.0,1.0,1.0,1.0,124.51,1.0,1.0,5,1,1,7,Hibernating
50611,0,21.0,Mobile Phone,1,12.0,Debit Card,Male,3.0,4,Laptop & Accessory,3,Single,3,0,13.0,0.0,2.0,2.0,142.4,2.0,2.0,5,2,2,9,Potential Loyalists
50612,0,21.0,Mobile Phone,1,10.0,Debit Card,Male,3.0,4,Fashion,3,Single,8,0,14.0,1.0,4.0,,209.99,3.0,4.0,4,4,5,13,Champions
50613,0,14.0,Mobile Phone,1,13.0,Credit Card,Female,2.0,3,Laptop & Accessory,3,Single,7,0,14.0,1.0,2.0,1.0,150.03,1.0,2.0,5,2,2,9,Potential Loyalists
50614,0,12.0,Mobile Phone,1,6.0,Debit Card,Female,3.0,4,Grocery,2,Divorced,2,0,16.0,0.0,11.0,,227.42,3.0,11.0,4,5,5,14,Champions
50615,0,0.0,Mobile Phone,1,8.0,Debit Card,Female,2.0,3,Laptop & Accessory,2,Divorced,1,0,18.0,0.0,2.0,2.0,142.27,2.0,2.0,5,2,2,9,Potential Loyalists
50616,0,8.0,Mobile Phone,1,16.0,UPI,Male,2.0,3,Mobile Phone,2,Married,2,0,20.0,1.0,1.0,2.0,139.17,2.0,1.0,5,1,1,7,Hibernating
50617,0,15.0,Mobile Phone,3,11.0,E wallet,Male,2.0,3,Others,3,Divorced,7,0,13.0,,1.0,0.0,283.03,0.0,1.0,5,1,5,11,Hibernating
50618,0,23.0,Mobile Phone,1,,Debit Card,Male,3.0,3,Mobile Phone,2,Divorced,5,0,18.0,1.0,1.0,0.0,123.8,0.0,1.0,5,1,1,7,Hibernating
50619,0,30.0,Mobile Phone,1,8.0,Debit Card,Female,3.0,4,Grocery,2,Single,4,1,13.0,0.0,,3.0,237.26,3.0,2.0,4,2,5,11,Potential Loyalists
50620,1,0.0,Mobile Phone,1,17.0,Credit Card,Female,3.0,5,Laptop & Accessory,4,Divorced,6,0,15.0,1.0,1.0,0.0,147.77,0.0,1.0,5,1,2,8,Hibernating
50621,0,28.0,Computer,1,24.0,Credit Card,Male,3.0,3,Laptop & Accessory,4,Divorced,4,1,14.0,6.0,6.0,7.0,163.85,7.0,6.0,2,5,3,10,Loyal Customers
50622,0,14.0,Computer,1,13.0,Debit Card,Female,2.0,5,Others,3,Married,2,0,,1.0,5.0,10.0,299.73,10.0,5.0,1,5,5,11,Loyal Customers
50623,0,11.0,Mobile Phone,3,9.0,Debit Card,Male,2.0,3,Laptop & Accessory,2,Single,9,1,12.0,1.0,1.0,0.0,168.61,0.0,1.0,5,1,3,9,Hibernating
50624,1,0.0,Computer,3,35.0,Credit Card,Male,3.0,5,Laptop & Accessory,5,Single,9,0,18.0,0.0,2.0,2.0,149.69,2.0,2.0,5,2,2,9,Potential Loyalists
50625,1,15.0,Mobile Phone,3,8.0,E wallet,Female,2.0,5,Others,2,Divorced,2,0,,5.0,6.0,9.0,298.45,9.0,6.0,1,5,5,11,Loyal Customers
50626,0,17.0,Mobile Phone,3,34.0,Credit Card,Female,2.0,1,Grocery,2,Divorced,4,1,18.0,1.0,,11.0,233.2,11.0,2.0,1,2,5,8,At Risk
50627,0,23.0,Computer,3,6.0,Debit Card,Female,3.0,3,Laptop & Accessory,3,Divorced,1,0,12.0,1.0,1.0,13.0,163.47,13.0,1.0,1,1,3,5,At Risk
50628,1,0.0,Mobile Phone,1,22.0,Debit Card,Female,,1,Mobile Phone,5,Single,2,0,16.0,15.0,15.0,14.0,127.43,14.0,15.0,1,5,1,7,At Risk
50629,0,12.0,Computer,1,28.0,Credit Card,Female,2.0,3,Fashion,5,Single,2,1,13.0,1.0,2.0,8.0,208.8,8.0,2.0,2,2,4,8,At Risk
50630,0,6.0,Computer,3,,Debit Card,Female,2.0,4,Mobile Phone,2,Single,1,0,19.0,2.0,2.0,2.0,123.42,2.0,2.0,5,2,1,8,Potential Loyalists
50631,0,18.0,Mobile Phone,3,17.0,Debit Card,Female,2.0,3,Grocery,2,Divorced,4,0,13.0,,1.0,1.0,276.5,1.0,1.0,5,1,5,11,Hibernating
50632,0,5.0,Computer,1,35.0,Credit Card,Female,3.0,3,Mobile Phone,3,Single,10,0,12.0,5.0,7.0,7.0,140.25,7.0,7.0,2,5,1,8,At Risk
50633,0,7.0,Mobile Phone,3,6.0,E wallet,Male,3.0,1,Laptop & Accessory,2,Married,1,0,11.0,1.0,1.0,9.0,197.25,9.0,1.0,1,1,4,6,At Risk
50634,0,30.0,Mobile Phone,3,6.0,Cash on Delivery,Male,3.0,3,Fashion,2,Divorced,4,1,14.0,0.0,1.0,,219.04,3.0,1.0,4,1,5,10,Hibernating
50635,0,,Mobile Phone,2,30.0,Credit Card,Male,2.0,3,Mobile Phone,4,Single,2,0,16.0,0.0,1.0,4.0,121.77,4.0,1.0,3,1,1,5,Hibernating
50636,0,26.0,Computer,3,8.0,E wallet,Female,2.0,4,Fashion,4,Divorced,3,0,12.0,0.0,6.0,12.0,175.25,12.0,6.0,1,5,4,10,Loyal Customers
50637,1,0.0,Mobile Phone,1,21.0,UPI,Male,2.0,3,Laptop & Accessory,3,Married,8,0,14.0,0.0,1.0,0.0,148.34,0.0,1.0,5,1,2,8,Hibernating
50638,1,,Computer,1,8.0,Debit Card,Male,2.0,3,Mobile Phone,5,Divorced,7,1,14.0,1.0,1.0,2.0,120.42,2.0,1.0,5,1,1,7,Hibernating
50639,0,,Mobile Phone,3,16.0,Debit Card,Female,2.0,3,Mobile Phone,3,Divorced,2,1,19.0,0.0,1.0,0.0,122.2,0.0,1.0,5,1,1,7,Hibernating
50640,0,1.0,Mobile Phone,3,16.0,Credit Card,Male,3.0,3,Mobile Phone,4,Divorced,2,0,22.0,1.0,1.0,0.0,110.52,0.0,1.0,5,1,1,7,Hibernating
50641,0,11.0,Computer,1,9.0,UPI,Male,,3,Mobile Phone,3,Divorced,4,0,16.0,2.0,2.0,2.0,128.21,2.0,2.0,5,2,1,8,Potential Loyalists
50642,0,23.0,Mobile Phone,1,8.0,Credit Card,Male,3.0,3,Others,3,Divorced,3,1,,7.0,7.0,7.0,292.37,7.0,7.0,2,5,5,12,Loyal Customers
50643,0,10.0,Mobile Phone,1,9.0,UPI,Female,2.0,3,Laptop & Accessory,4,Single,4,0,15.0,1.0,1.0,1.0,141.07,1.0,1.0,5,1,2,8,Hibernating
50644,0,13.0,Mobile Phone,3,32.0,E wallet,Male,3.0,3,Laptop & Accessory,5,Divorced,2,0,14.0,5.0,7.0,5.0,183.96,5.0,7.0,2,5,4,11,Loyal Customers
50645,0,,Computer,1,6.0,Credit Card,Female,3.0,4,Mobile Phone,3,Married,2,0,13.0,1.0,1.0,3.0,120.07,3.0,1.0,4,1,1,6,Hibernating
50646,0,19.0,Mobile Phone,1,6.0,Credit Card,Male,2.0,3,Others,2,Married,10,0,,1.0,2.0,2.0,296.27,2.0,2.0,5,2,5,12,Potential Loyalists
50647,0,27.0,Mobile Phone,3,8.0,Debit Card,Female,2.0,4,Fashion,3,Divorced,7,0,11.0,6.0,7.0,0.0,206.86,0.0,7.0,5,5,4,14,Champions
50648,0,29.0,Computer,1,15.0,Credit Card,Female,,3,Mobile Phone,3,Divorced,3,0,19.0,0.0,1.0,3.0,129.42,3.0,1.0,4,1,1,6,Hibernating
50649,0,9.0,Mobile Phone,1,18.0,Credit Card,Female,2.0,4,Fashion,2,Single,1,0,11.0,5.0,7.0,8.0,188.58,8.0,7.0,2,5,4,11,Loyal Customers
50650,0,28.0,Computer,1,8.0,Credit Card,Male,2.0,4,Grocery,5,Single,8,0,15.0,,6.0,2.0,267.56,2.0,6.0,5,5,5,15,Champions
50651,0,16.0,Mobile Phone,3,31.0,Credit Card,Male,3.0,4,Fashion,2,Married,6,0,13.0,1.0,,0.0,234.0,0.0,2.0,5,2,5,12,Potential Loyalists
50652,1,0.0,Computer,3,,E wallet,Female,2.0,3,Mobile Phone,2,Single,2,1,14.0,0.0,1.0,2.0,123.23,2.0,1.0,5,1,1,7,Hibernating
50653,1,,Mobile Phone,1,16.0,Debit Card,Female,2.0,4,Mobile Phone,5,Single,2,0,13.0,1.0,1.0,0.0,114.16,0.0,1.0,5,1,1,7,Hibernating
50654,0,19.0,Mobile Phone,1,14.0,Debit Card,Female,3.0,4,Laptop & Accessory,5,Married,9,1,23.0,1.0,1.0,7.0,146.15,7.0,1.0,2,1,2,5,Hibernating
50655,1,14.0,Mobile Phone,1,,Debit Card,Male,2.0,3,Mobile Phone,3,Divorced,10,1,12.0,1.0,2.0,7.0,124.61,7.0,2.0,2,2,1,5,Hibernating
50656,1,0.0,Computer,1,30.0,Cash on Delivery,Male,3.0,4,Fashion,5,Single,2,0,12.0,0.0,1.0,9.0,187.22,9.0,1.0,1,1,4,6,At Risk
50657,0,0.0,Mobile Phone,1,6.0,Credit Card,Male,2.0,4,Mobile Phone,5,Divorced,2,0,16.0,0.0,1.0,3.0,139.55,3.0,1.0,4,1,1,6,Hibernating
50658,0,3.0,Mobile Phone,1,26.0,UPI,Male,2.0,3,Laptop & Accessory,5,Divorced,1,0,15.0,1.0,1.0,2.0,199.57,2.0,1.0,5,1,4,10,Hibernating
50659,0,14.0,Mobile Phone,1,13.0,Cash on Delivery,Female,2.0,1,Mobile Phone,3,Divorced,2,0,13.0,1.0,1.0,8.0,133.76,8.0,1.0,2,1,1,4,Hibernating
50660,0,11.0,Mobile Phone,1,23.0,Debit Card,Female,3.0,4,Fashion,3,Divorced,1,0,18.0,0.0,1.0,9.0,188.23,9.0,1.0,1,1,4,6,At Risk
50661,0,13.0,Mobile Phone,1,26.0,Cash on Delivery,Male,3.0,3,Fashion,2,Divorced,5,0,20.0,4.0,11.0,1.0,203.22,1.0,11.0,5,5,4,14,Champions
50662,0,0.0,Computer,1,14.0,Debit Card,Male,2.0,5,Mobile Phone,3,Divorced,2,0,19.0,1.0,1.0,2.0,146.21,2.0,1.0,5,1,2,8,Hibernating
50663,0,28.0,Computer,1,8.0,Debit Card,Male,3.0,3,Fashion,4,Divorced,4,0,18.0,1.0,1.0,,209.76,3.0,1.0,4,1,5,10,Hibernating
50664,0,1.0,Mobile Phone,1,16.0,UPI,Female,2.0,3,Laptop & Accessory,3,Single,4,0,13.0,1.0,1.0,7.0,136.6,7.0,1.0,2,1,1,4,Hibernating
50665,1,7.0,Mobile Phone,2,6.0,Credit Card,Male,3.0,4,Fashion,5,Divorced,10,0,14.0,2.0,3.0,6.0,204.82,6.0,3.0,2,4,4,10,Loyal Customers
50666,0,6.0,Mobile Phone,1,11.0,Debit Card,Male,2.0,4,Fashion,2,Married,5,0,15.0,0.0,1.0,2.0,171.19,2.0,1.0,5,1,3,9,Hibernating
50667,1,0.0,Mobile Phone,3,10.0,Cash on Delivery,Male,2.0,3,Fashion,5,Single,1,1,22.0,3.0,4.0,7.0,195.82,7.0,4.0,2,4,4,10,Loyal Customers
50668,1,0.0,Computer,1,35.0,Credit Card,Female,2.0,4,Laptop & Accessory,3,Single,2,0,22.0,3.0,3.0,8.0,145.08,8.0,3.0,2,4,2,8,At Risk
50669,0,,Mobile Phone,1,21.0,Debit Card,Male,2.0,3,Mobile Phone,3,Married,2,0,16.0,2.0,2.0,2.0,122.07,2.0,2.0,5,2,1,8,Potential Loyalists
50670,0,7.0,Computer,1,9.0,Debit Card,Male,2.0,3,Laptop & Accessory,2,Single,1,0,17.0,1.0,1.0,4.0,177.56,4.0,1.0,3,1,4,8,Hibernating
50671,0,10.0,Mobile Phone,3,16.0,Debit Card,Female,2.0,4,Laptop & Accessory,2,Married,3,1,14.0,0.0,1.0,0.0,166.94,0.0,1.0,5,1,3,9,Hibernating
50672,1,0.0,Mobile Phone,1,10.0,Cash on Delivery,Male,2.0,3,Mobile Phone,2,Divorced,2,1,15.0,5.0,5.0,6.0,136.91,6.0,5.0,2,5,1,8,At Risk
50673,1,0.0,Mobile Phone,1,,Credit Card,Male,2.0,3,Mobile Phone,3,Married,2,0,20.0,1.0,1.0,0.0,123.77,0.0,1.0,5,1,1,7,Hibernating
50674,1,,Mobile Phone,1,31.0,Credit Card,Male,2.0,4,Mobile Phone,4,Single,5,1,20.0,0.0,2.0,2.0,123.13,2.0,2.0,5,2,1,8,Potential Loyalists
50675,0,15.0,Mobile Phone,1,8.0,Credit Card,Male,2.0,3,Grocery,5,Divorced,1,0,17.0,,13.0,7.0,276.65,7.0,13.0,2,5,5,12,Loyal Customers
50676,1,0.0,Computer,1,,Credit Card,Male,2.0,4,Mobile Phone,4,Married,2,0,15.0,0.0,1.0,0.0,125.96,0.0,1.0,5,1,1,7,Hibernating
50677,1,13.0,Computer,3,6.0,UPI,Male,2.0,3,Laptop & Accessory,3,Single,4,1,14.0,0.0,1.0,0.0,147.28,0.0,1.0,5,1,2,8,Hibernating
50678,0,6.0,Computer,3,13.0,Debit Card,Female,1.0,3,Laptop & Accessory,4,Divorced,1,0,17.0,1.0,1.0,2.0,143.02,2.0,1.0,5,1,2,8,Hibernating
50679,0,7.0,Computer,1,9.0,Debit Card,Male,,4,Mobile Phone,2,Divorced,4,0,17.0,1.0,1.0,0.0,129.79,0.0,1.0,5,1,1,7,Hibernating
50680,0,21.0,Computer,1,6.0,Credit Card,Male,2.0,1,Grocery,2,Single,3,0,22.0,,2.0,1.0,268.85,1.0,2.0,5,2,5,12,Potential Loyalists
50681,0,18.0,Computer,3,15.0,Debit Card,Female,3.0,4,Laptop & Accessory,3,Divorced,2,0,13.0,0.0,4.0,12.0,155.93,12.0,4.0,1,4,3,8,Loyal Customers
50682,0,25.0,Mobile Phone,1,13.0,Debit Card,Male,2.0,3,Fashion,4,Single,8,0,19.0,3.0,4.0,0.0,204.45,0.0,4.0,5,4,4,13,Champions
50683,0,11.0,Mobile Phone,3,16.0,E wallet,Male,3.0,4,Fashion,3,Married,1,1,14.0,2.0,2.0,7.0,187.4,7.0,2.0,2,2,4,8,At Risk
50684,0,2.0,Mobile Phone,1,,Debit Card,Female,3.0,3,Mobile Phone,2,Married,5,0,22.0,0.0,1.0,7.0,125.14,7.0,1.0,2,1,1,4,Hibernating
50685,0,1.0,Mobile Phone,1,9.0,Credit Card,Female,3.0,3,Fashion,4,Married,1,0,17.0,0.0,1.0,7.0,176.55,7.0,1.0,2,1,4,7,At Risk
50686,0,19.0,Mobile Phone,3,9.0,E wallet,Male,2.0,3,Grocery,3,Divorced,4,0,12.0,,4.0,9.0,274.65,9.0,4.0,1,4,5,10,Loyal Customers
50687,0,11.0,Mobile Phone,3,8.0,E wallet,Male,2.0,3,Fashion,4,Single,8,0,16.0,1.0,1.0,0.0,173.51,0.0,1.0,5,1,4,10,Hibernating
50688,0,16.0,Computer,1,33.0,Debit Card,Female,2.0,3,Fashion,5,Divorced,9,0,11.0,0.0,1.0,1.0,208.2,1.0,1.0,5,1,4,10,Hibernating
50689,1,2.0,Computer,1,8.0,Debit Card,Male,2.0,3,Grocery,2,Married,8,0,11.0,7.0,11.0,,221.69,3.0,11.0,4,5,5,14,Champions
50690,0,13.0,Mobile Phone,1,20.0,Credit Card,Male,2.0,4,Others,3,Single,2,0,,4.0,4.0,9.0,296.26,9.0,4.0,1,4,5,10,Loyal Customers
50691,0,,Mobile Phone,1,6.0,Cash on Delivery,Female,3.0,4,Mobile Phone,4,Single,2,1,11.0,0.0,2.0,2.0,120.7,2.0,2.0,5,2,1,8,Potential Loyalists
50692,0,12.0,Computer,1,15.0,Debit Card,Male,3.0,3,Laptop & Accessory,4,Single,21,0,15.0,1.0,1.0,3.0,167.82,3.0,1.0,4,1,3,8,Hibernating
50693,0,9.0,Computer,1,24.0,Debit Card,Male,3.0,3,Laptop & Accessory,2,Single,3,0,20.0,1.0,1.0,9.0,177.79,9.0,1.0,1,1,4,6,At Risk
50694,0,4.0,Computer,3,26.0,Debit Card,Male,,1,Mobile Phone,2,Divorced,1,0,12.0,1.0,2.0,2.0,127.91,2.0,2.0,5,2,1,8,Potential Loyalists
50695,0,1.0,Mobile Phone,1,8.0,Debit Card,Male,3.0,4,Mobile Phone,4,Divorced,1,0,17.0,0.0,1.0,4.0,132.01,4.0,1.0,3,1,1,5,Hibernating
50696,0,8.0,Computer,3,17.0,E wallet,Male,2.0,3,Laptop & Accessory,2,Married,2,0,11.0,0.0,1.0,2.0,149.68,2.0,1.0,5,1,2,8,Hibernating
50697,0,22.0,Mobile Phone,3,14.0,Cash on Delivery,Male,2.0,4,Grocery,4,Divorced,7,0,17.0,1.0,2.0,,231.2,3.0,2.0,4,2,5,11,Potential Loyalists
50698,0,7.0,Computer,1,8.0,Debit Card,Male,3.0,3,Laptop & Accessory,3,Single,3,0,11.0,1.0,1.0,2.0,140.33,2.0,1.0,5,1,1,7,Hibernating
50699,0,2.0,Computer,1,16.0,Debit Card,Female,3.0,3,Mobile Phone,4,Married,1,0,14.0,1.0,1.0,1.0,132.91,1.0,1.0,5,1,1,7,Hibernating
50700,0,15.0,Mobile Phone,1,35.0,Credit Card,Male,2.0,5,Laptop & Accessory,2,Single,5,0,19.0,1.0,1.0,0.0,142.72,0.0,1.0,5,1,2,8,Hibernating
50701,0,2.0,Mobile Phone,1,14.0,Credit Card,Male,3.0,4,Laptop & Accessory,2,Divorced,2,1,13.0,0.0,1.0,2.0,150.56,2.0,1.0,5,1,2,8,Hibernating
50702,0,11.0,Mobile Phone,2,6.0,UPI,Male,,1,Mobile Phone,3,Divorced,2,0,13.0,1.0,5.0,0.0,128.44,0.0,5.0,5,5,1,11,Potential Loyalists
50703,0,4.0,Computer,1,12.0,Debit Card,Male,,4,Mobile Phone,3,Married,2,1,14.0,1.0,1.0,2.0,127.03,2.0,1.0,5,1,1,7,Hibernating
50704,1,,Computer,1,14.0,Credit Card,Male,3.0,3,Mobile Phone,3,Single,2,0,12.0,0.0,1.0,0.0,119.04,0.0,1.0,5,1,1,7,Hibernating
50705,1,0.0,Mobile Phone,3,15.0,E wallet,Female,3.0,3,Laptop & Accessory,5,Single,1,1,17.0,0.0,1.0,3.0,182.24,3.0,1.0,4,1,4,9,Hibernating
50706,0,14.0,Mobile Phone,1,18.0,Debit Card,Male,2.0,3,Mobile Phone,2,Divorced,4,1,11.0,1.0,1.0,0.0,147.66,0.0,1.0,5,1,2,8,Hibernating
50707,1,0.0,Computer,1,,Credit Card,Male,3.0,3,Mobile Phone,3,Divorced,2,0,12.0,2.0,2.0,2.0,126.1,2.0,2.0,5,2,1,8,Potential Loyalists
50708,0,10.0,Mobile Phone,1,31.0,Credit Card,Female,2.0,4,Laptop & Accessory,2,Married,8,0,13.0,0.0,1.0,3.0,157.31,3.0,1.0,4,1,3,8,Hibernating
50709,0,0.0,Mobile Phone,1,,Debit Card,Male,2.0,4,Mobile Phone,3,Divorced,2,0,13.0,2.0,2.0,2.0,125.39,2.0,2.0,5,2,1,8,Potential Loyalists
50710,0,7.0,Mobile Phone,3,15.0,Debit Card,Female,3.0,3,Laptop & Accessory,3,Divorced,2,0,20.0,1.0,1.0,3.0,157.14,3.0,1.0,4,1,3,8,Hibernating
50711,0,8.0,Mobile Phone,2,14.0,Cash on Delivery,Male,3.0,3,Mobile Phone,3,Single,2,0,17.0,0.0,1.0,4.0,143.23,4.0,1.0,3,1,2,6,Hibernating
50712,1,0.0,Mobile Phone,3,29.0,Debit Card,Female,2.0,4,Fashion,5,Divorced,2,0,13.0,0.0,3.0,10.0,173.36,10.0,3.0,1,4,4,9,Loyal Customers
50713,0,13.0,Computer,1,15.0,Credit Card,Female,2.0,3,Fashion,3,Single,10,0,17.0,0.0,,13.0,234.99,13.0,2.0,1,2,5,8,At Risk
50714,1,5.0,Computer,3,18.0,Debit Card,Male,2.0,3,Grocery,5,Single,1,1,12.0,7.0,,14.0,237.58,14.0,2.0,1,2,5,8,At Risk
50715,0,15.0,Mobile Phone,3,10.0,E wallet,Male,2.0,3,Laptop & Accessory,5,Single,8,0,13.0,1.0,1.0,5.0,151.55,5.0,1.0,2,1,2,5,Hibernating
50716,0,,Mobile Phone,1,6.0,Credit Card,Male,2.0,4,Mobile Phone,3,Divorced,7,0,12.0,1.0,1.0,7.0,122.58,7.0,1.0,2,1,1,4,Hibernating
50717,0,0.0,Mobile Phone,1,30.0,Credit Card,Male,2.0,3,Mobile Phone,4,Single,9,0,22.0,1.0,1.0,2.0,135.97,2.0,1.0,5,1,1,7,Hibernating
50718,1,0.0,Mobile Phone,1,,Debit Card,Female,3.0,3,Mobile Phone,2,Divorced,2,1,11.0,1.0,1.0,0.0,125.15,0.0,1.0,5,1,1,7,Hibernating
50719,0,0.0,Mobile Phone,1,9.0,Credit Card,Male,2.0,1,Mobile Phone,2,Divorced,2,0,22.0,1.0,1.0,7.0,144.2,7.0,1.0,2,1,2,5,Hibernating
50720,0,3.0,Mobile Phone,3,16.0,E wallet,Male,3.0,4,Laptop & Accessory,3,Divorced,2,0,18.0,1.0,1.0,4.0,165.78,4.0,1.0,3,1,3,7,Hibernating
50721,0,13.0,Computer,1,32.0,Credit Card,Female,3.0,4,Laptop & Accessory,2,Divorced,4,1,13.0,1.0,1.0,0.0,144.22,0.0,1.0,5,1,2,8,Hibernating
50722,0,8.0,Mobile Phone,1,8.0,Debit Card,Male,2.0,4,Fashion,4,Married,3,0,18.0,6.0,6.0,4.0,202.74,4.0,6.0,3,5,4,12,Loyal Customers
50723,0,7.0,Computer,1,6.0,Credit Card,Male,3.0,4,Laptop & Accessory,5,Single,1,0,20.0,1.0,4.0,9.0,153.43,9.0,4.0,1,4,2,7,At Risk
50724,0,8.0,Computer,1,,UPI,Male,2.0,4,Mobile Phone,2,Divorced,2,0,13.0,2.0,2.0,2.0,123.76,2.0,2.0,5,2,1,8,Potential Loyalists
50725,1,6.0,Mobile Phone,3,15.0,E wallet,Female,2.0,5,Laptop & Accessory,3,Single,9,0,13.0,1.0,1.0,3.0,153.46,3.0,1.0,4,1,2,7,Hibernating
50726,0,5.0,Computer,3,8.0,Debit Card,Female,,3,Mobile Phone,5,Married,2,0,12.0,0.0,1.0,0.0,128.27,0.0,1.0,5,1,1,7,Hibernating
50727,0,29.0,Mobile Phone,1,10.0,Cash on Delivery,Female,3.0,3,Others,5,Married,5,0,,0.0,4.0,2.0,299.43,2.0,4.0,5,4,5,14,Champions
50728,0,2.0,Mobile Phone,1,12.0,Credit Card,Female,,3,Mobile Phone,2,Divorced,2,0,13.0,0.0,1.0,8.0,131.31,8.0,1.0,2,1,1,4,Hibernating
50729,0,0.0,Mobile Phone,1,,Debit Card,Male,2.0,3,Mobile Phone,5,Single,2,0,25.0,0.0,1.0,0.0,125.52,0.0,1.0,5,1,1,7,Hibernating
50730,0,18.0,Mobile Phone,1,13.0,Credit Card,Female,2.0,3,Mobile Phone,3,Divorced,5,1,19.0,1.0,1.0,2.0,144.77,2.0,1.0,5,1,2,8,Hibernating
50731,0,10.0,Mobile Phone,1,6.0,Debit Card,Female,2.0,4,Laptop & Accessory,2,Divorced,2,0,13.0,3.0,3.0,11.0,164.74,11.0,3.0,1,4,3,8,Loyal Customers
50732,0,0.0,Mobile Phone,1,9.0,Debit Card,Male,,4,Mobile Phone,3,Single,2,0,12.0,0.0,1.0,2.0,130.33,2.0,1.0,5,1,1,7,Hibernating
50733,1,7.0,Mobile Phone,1,16.0,Debit Card,Male,,3,Mobile Phone,3,Single,2,1,11.0,1.0,1.0,2.0,129.36,2.0,1.0,5,1,1,7,Hibernating
50734,0,26.0,Mobile Phone,1,13.0,Credit Card,Female,2.0,3,Others,3,Married,4,0,18.0,,4.0,7.0,286.06,7.0,4.0,2,4,5,11,Loyal Customers
50735,0,,Mobile Phone,1,21.0,Debit Card,Female,3.0,5,Mobile Phone,2,Divorced,1,1,18.0,1.0,1.0,3.0,121.68,3.0,1.0,4,1,1,6,Hibernating
50736,1,0.0,Computer,1,9.0,Debit Card,Male,,4,Mobile Phone,2,Divorced,1,1,11.0,0.0,1.0,0.0,128.53,0.0,1.0,5,1,1,7,Hibernating
50737,0,19.0,Mobile Phone,3,8.0,E wallet,Female,3.0,3,Grocery,5,Divorced,9,0,23.0,,15.0,9.0,270.48,9.0,15.0,1,5,5,11,Loyal Customers
50738,0,,Computer,1,23.0,Debit Card,Male,3.0,5,Mobile Phone,3,Single,3,0,13.0,1.0,1.0,0.0,122.9,0.0,1.0,5,1,1,7,Hibernating
50739,0,6.0,Mobile Phone,2,8.0,UPI,Male,2.0,3,Mobile Phone,3,Divorced,2,0,13.0,0.0,1.0,4.0,136.0,4.0,1.0,3,1,1,5,Hibernating
50740,1,,Computer,1,11.0,Debit Card,Male,3.0,4,Mobile Phone,5,Married,7,0,17.0,1.0,1.0,0.0,121.07,0.0,1.0,5,1,1,7,Hibernating
50741,0,3.0,Mobile Phone,3,35.0,Debit Card,Male,3.0,3,Laptop & Accessory,5,Married,9,0,19.0,1.0,1.0,3.0,141.15,3.0,1.0,4,1,2,7,Hibernating
50742,0,13.0,Computer,3,8.0,Credit Card,Male,3.0,3,Laptop & Accessory,4,Divorced,6,0,12.0,1.0,1.0,0.0,143.27,0.0,1.0,5,1,2,8,Hibernating
50743,0,23.0,Computer,1,8.0,Credit Card,Female,1.0,3,Grocery,5,Divorced,3,0,22.0,,2.0,2.0,278.56,2.0,2.0,5,2,5,12,Potential Loyalists
50744,0,1.0,Mobile Phone,1,25.0,Credit Card,Male,3.0,4,Mobile Phone,5,Divorced,2,0,12.0,1.0,3.0,3.0,131.96,3.0,3.0,4,4,1,9,Potential Loyalists
50745,0,19.0,Mobile Phone,1,21.0,Debit Card,Male,2.0,3,Others,4,Divorced,6,0,11.0,,1.0,3.0,290.81,3.0,1.0,4,1,5,10,Hibernating
50746,0,8.0,Mobile Phone,3,23.0,Debit Card,Male,3.0,3,Laptop & Accessory,5,Divorced,4,1,15.0,1.0,1.0,7.0,189.66,7.0,1.0,2,1,4,7,At Risk
50747,1,,Mobile Phone,1,23.0,Debit Card,Female,3.0,3,Mobile Phone,4,Divorced,2,0,13.0,0.0,1.0,0.0,122.1,0.0,1.0,5,1,1,7,Hibernating
50748,0,6.0,Computer,3,31.0,Credit Card,Female,2.0,3,Laptop & Accessory,3,Divorced,2,0,12.0,0.0,1.0,1.0,145.39,1.0,1.0,5,1,2,8,Hibernating
50749,0,9.0,Mobile Phone,1,12.0,Debit Card,Male,,5,Mobile Phone,3,Married,2,0,14.0,0.0,1.0,7.0,127.41,7.0,1.0,2,1,1,4,Hibernating
50750,0,3.0,Mobile Phone,1,13.0,Debit Card,Male,2.0,3,Laptop & Accessory,3,Married,2,0,13.0,8.0,8.0,9.0,134.91,9.0,8.0,1,5,1,7,At Risk
50751,0,17.0,Mobile Phone,1,35.0,UPI,Male,2.0,3,Laptop & Accessory,2,Single,2,0,25.0,1.0,1.0,17.0,145.41,17.0,1.0,1,1,2,4,Hibernating
50752,0,0.0,Mobile Phone,3,27.0,E wallet,Male,,1,Mobile Phone,2,Single,2,0,17.0,0.0,2.0,2.0,126.78,2.0,2.0,5,2,1,8,Potential Loyalists
50753,0,19.0,Mobile Phone,1,8.0,Cash on Delivery,Male,2.0,3,Laptop & Accessory,2,Married,3,0,11.0,1.0,1.0,4.0,173.79,4.0,1.0,3,1,4,8,Hibernating
50754,0,15.0,Computer,2,8.0,Credit Card,Male,3.0,1,Laptop & Accessory,5,Divorced,8,0,16.0,0.0,1.0,3.0,162.72,3.0,1.0,4,1,3,8,Hibernating
50755,0,30.0,Mobile Phone,3,13.0,E wallet,Male,2.0,1,Laptop & Accessory,2,Married,1,1,18.0,0.0,1.0,9.0,152.2,9.0,1.0,1,1,2,4,Hibernating
50756,0,5.0,Computer,1,19.0,UPI,Female,,4,Mobile Phone,4,Divorced,2,0,20.0,0.0,2.0,2.0,127.43,2.0,2.0,5,2,1,8,Potential Loyalists
50757,0,5.0,Computer,1,8.0,Debit Card,Female,2.0,3,Laptop & Accessory,3,Single,5,1,14.0,1.0,1.0,7.0,149.98,7.0,1.0,2,1,2,5,Hibernating
50758,0,9.0,Mobile Phone,1,6.0,Cash on Delivery,Female,3.0,5,Fashion,5,Married,3,1,21.0,5.0,7.0,7.0,202.52,7.0,7.0,2,5,4,11,Loyal Customers
50759,0,6.0,Mobile Phone,1,15.0,Credit Card,Male,,3,Mobile Phone,2,Divorced,1,0,13.0,1.0,4.0,10.0,127.81,10.0,4.0,1,4,1,6,At Risk
50760,0,13.0,Mobile Phone,3,16.0,Cash on Delivery,Female,2.0,4,Laptop & Accessory,4,Married,8,0,12.0,1.0,1.0,3.0,168.52,3.0,1.0,4,1,3,8,Hibernating
50761,0,0.0,Mobile Phone,3,16.0,Debit Card,Male,2.0,3,Laptop & Accessory,2,Single,1,0,14.0,0.0,1.0,1.0,149.5,1.0,1.0,5,1,2,8,Hibernating
50762,0,3.0,Mobile Phone,1,6.0,Credit Card,Male,3.0,3,Mobile Phone,4,Divorced,1,1,21.0,1.0,5.0,7.0,135.79,7.0,5.0,2,5,1,8,At Risk
50763,0,15.0,Computer,1,32.0,Credit Card,Female,2.0,3,Fashion,5,Divorced,4,1,17.0,0.0,,0.0,231.91000000000005,0.0,2.0,5,2,5,12,Potential Loyalists
50764,0,8.0,Computer,3,14.0,E wallet,Female,3.0,4,Fashion,2,Divorced,5,1,11.0,2.0,4.0,12.0,203.77,12.0,4.0,1,4,4,9,Loyal Customers
50765,0,,Mobile Phone,1,20.0,Debit Card,Male,2.0,3,Mobile Phone,5,Divorced,2,1,14.0,2.0,6.0,8.0,122.35,8.0,6.0,2,5,1,8,At Risk
50766,0,27.0,Computer,1,6.0,Debit Card,Female,2.0,3,Fashion,3,Married,8,0,17.0,1.0,1.0,4.0,205.02,4.0,1.0,3,1,4,8,Hibernating
50767,0,,Mobile Phone,1,8.0,Debit Card,Female,3.0,1,Mobile Phone,2,Divorced,2,0,13.0,6.0,7.0,7.0,120.11,7.0,7.0,2,5,1,8,At Risk
50768,1,,Computer,1,16.0,Credit Card,Female,3.0,4,Mobile Phone,4,Single,2,1,25.0,1.0,1.0,0.0,118.59,0.0,1.0,5,1,1,7,Hibernating
50769,0,2.0,Mobile Phone,1,6.0,Debit Card,Female,3.0,3,Mobile Phone,2,Married,2,0,15.0,0.0,1.0,2.0,137.6,2.0,1.0,5,1,1,7,Hibernating
50770,0,27.0,Mobile Phone,1,9.0,Debit Card,Male,2.0,3,Grocery,2,Divorced,4,0,14.0,,1.0,9.0,277.79,9.0,1.0,1,1,5,7,At Risk
50771,0,4.0,Mobile Phone,1,17.0,Credit Card,Male,3.0,3,Laptop & Accessory,5,Divorced,2,1,12.0,0.0,1.0,1.0,168.33,1.0,1.0,5,1,3,9,Hibernating
50772,0,4.0,Mobile Phone,1,30.0,Credit Card,Female,3.0,4,Laptop & Accessory,5,Single,2,0,19.0,0.0,1.0,8.0,168.12,8.0,1.0,2,1,3,6,At Risk
50773,0,30.0,Mobile Phone,3,9.0,Debit Card,Female,2.0,4,Laptop & Accessory,2,Single,6,0,17.0,0.0,1.0,5.0,151.71,5.0,1.0,2,1,2,5,Hibernating
50774,0,16.0,Mobile Phone,1,9.0,Debit Card,Male,3.0,5,Others,2,Divorced,4,0,,1.0,1.0,7.0,297.4,7.0,1.0,2,1,5,8,At Risk
50775,0,22.0,Mobile Phone,1,10.0,Credit Card,Male,2.0,4,Others,3,Divorced,3,0,13.0,,1.0,0.0,287.11,0.0,1.0,5,1,5,11,Hibernating
50776,0,9.0,Computer,1,9.0,Cash on Delivery,Male,2.0,3,Mobile Phone,4,Divorced,2,0,12.0,1.0,1.0,7.0,136.92,7.0,1.0,2,1,1,4,Hibernating
50777,0,21.0,Mobile Phone,1,,Cash on Delivery,Male,3.0,1,Mobile Phone,4,Single,6,0,11.0,0.0,1.0,0.0,125.59,0.0,1.0,5,1,1,7,Hibernating
50778,0,0.0,Mobile Phone,1,,Debit Card,Male,3.0,3,Mobile Phone,3,Married,2,0,11.0,1.0,1.0,3.0,125.17,3.0,1.0,4,1,1,6,Hibernating
50779,0,2.0,Mobile Phone,1,13.0,Debit Card,Male,2.0,3,Laptop & Accessory,2,Married,2,1,11.0,0.0,1.0,0.0,166.23,0.0,1.0,5,1,3,9,Hibernating
50780,0,21.0,Mobile Phone,1,6.0,Debit Card,Male,3.0,4,Others,2,Single,7,0,12.0,,1.0,0.0,282.65,0.0,1.0,5,1,5,11,Hibernating
50781,0,2.0,Mobile Phone,1,6.0,Debit Card,Female,2.0,4,Grocery,2,Married,4,0,14.0,,1.0,7.0,261.24,7.0,1.0,2,1,5,8,At Risk
50782,0,7.0,Mobile Phone,1,,Cash on Delivery,Female,2.0,1,Mobile Phone,3,Divorced,1,0,17.0,1.0,1.0,0.0,125.85,0.0,1.0,5,1,1,7,Hibernating
50783,0,17.0,Mobile Phone,3,11.0,E wallet,Male,2.0,3,Others,4,Divorced,8,0,11.0,,3.0,10.0,282.13,10.0,3.0,1,4,5,10,Loyal Customers
50784,0,6.0,Mobile Phone,3,16.0,E wallet,Male,2.0,1,Fashion,3,Married,1,1,14.0,1.0,1.0,8.0,183.8,8.0,1.0,2,1,4,7,At Risk
50785,0,0.0,Mobile Phone,1,31.0,Debit Card,Female,,1,Mobile Phone,2,Single,2,1,12.0,1.0,1.0,1.0,129.94,1.0,1.0,5,1,1,7,Hibernating
50786,0,,Mobile Phone,1,6.0,Debit Card,Male,2.0,3,Mobile Phone,3,Divorced,2,0,22.0,0.0,1.0,1.0,112.23,1.0,1.0,5,1,1,7,Hibernating
50787,1,0.0,Computer,3,30.0,Debit Card,Male,3.0,5,Mobile Phone,2,Single,2,1,14.0,1.0,1.0,0.0,111.18,0.0,1.0,5,1,1,7,Hibernating
50788,0,0.0,Mobile Phone,1,10.0,Debit Card,Male,,3,Mobile Phone,2,Single,2,1,20.0,0.0,2.0,2.0,128.75,2.0,2.0,5,2,1,8,Potential Loyalists
50789,1,8.0,Mobile Phone,3,8.0,E wallet,Female,3.0,5,Others,4,Single,3,1,16.0,,1.0,11.0,288.24,11.0,1.0,1,1,5,7,At Risk
50790,0,28.0,Computer,1,14.0,Credit Card,Male,2.0,4,Grocery,4,Married,2,1,15.0,3.0,,0.0,235.77,0.0,2.0,5,2,5,12,Potential Loyalists
50791,1,0.0,Computer,1,,Debit Card,Female,2.0,4,Mobile Phone,3,Single,2,0,20.0,2.0,2.0,2.0,126.25,2.0,2.0,5,2,1,8,Potential Loyalists
50792,0,19.0,Mobile Phone,3,10.0,E wallet,Female,2.0,4,Others,4,Divorced,3,0,14.0,,1.0,8.0,287.89,8.0,1.0,2,1,5,8,At Risk
50793,0,7.0,Mobile Phone,3,8.0,E wallet,Female,2.0,3,Laptop & Accessory,5,Single,1,1,12.0,1.0,1.0,2.0,145.38,2.0,1.0,5,1,2,8,Hibernating
50794,0,24.0,Computer,3,15.0,Debit Card,Male,2.0,3,Others,4,Married,5,1,,2.0,11.0,10.0,298.47,10.0,11.0,1,5,5,11,Loyal Customers
50795,0,30.0,Mobile Phone,1,24.0,Credit Card,Male,3.0,3,Fashion,2,Single,7,0,12.0,1.0,5.0,4.0,205.12,4.0,5.0,3,5,4,12,Loyal Customers
50796,0,7.0,Computer,1,25.0,Credit Card,Female,2.0,3,Laptop & Accessory,4,Married,5,0,13.0,3.0,5.0,10.0,144.44,10.0,5.0,1,5,2,8,At Risk
50797,0,,Computer,1,6.0,Credit Card,Male,2.0,3,Mobile Phone,3,Single,1,1,11.0,0.0,1.0,2.0,121.54,2.0,1.0,5,1,1,7,Hibernating
50798,0,17.0,Mobile Phone,1,10.0,Debit Card,Male,3.0,1,Others,5,Married,2,0,14.0,,14.0,13.0,291.9,13.0,14.0,1,5,5,11,Loyal Customers
50799,0,7.0,Computer,2,17.0,Debit Card,Male,2.0,4,Laptop & Accessory,4,Divorced,5,0,11.0,0.0,1.0,8.0,144.9,8.0,1.0,2,1,2,5,Hibernating
50800,0,8.0,Mobile Phone,1,12.0,Debit Card,Male,3.0,3,Mobile Phone,3,Divorced,1,1,14.0,1.0,2.0,2.0,135.06,2.0,2.0,5,2,1,8,Potential Loyalists
50801,0,15.0,Mobile Phone,1,,Credit Card,Female,3.0,1,Laptop & Accessory,4,Divorced,7,1,16.0,0.0,1.0,0.0,123.72,0.0,1.0,5,1,1,7,Hibernating
50802,0,16.0,Mobile Phone,3,10.0,E wallet,Female,2.0,4,Fashion,2,Single,4,0,14.0,10.0,15.0,17.0,202.31,17.0,15.0,1,5,4,10,Loyal Customers
50803,0,9.0,Mobile Phone,1,8.0,Debit Card,Female,2.0,3,Laptop & Accessory,4,Single,10,1,11.0,4.0,5.0,12.0,154.1,12.0,5.0,1,5,3,9,Loyal Customers
50804,1,7.0,Mobile Phone,1,21.0,Credit Card,Female,3.0,3,Fashion,2,Divorced,2,0,11.0,0.0,1.0,5.0,179.78,5.0,1.0,2,1,4,7,At Risk
50805,0,1.0,Computer,1,8.0,Debit Card,Male,2.0,4,Mobile Phone,2,Divorced,2,1,12.0,2.0,2.0,2.0,138.67,2.0,2.0,5,2,1,8,Potential Loyalists
50806,0,24.0,Computer,1,12.0,Credit Card,Female,,4,Mobile Phone,3,Single,1,0,14.0,7.0,7.0,7.0,128.38,7.0,7.0,2,5,1,8,At Risk
50807,0,3.0,Computer,1,15.0,Credit Card,Female,3.0,3,Laptop & Accessory,3,Single,8,1,18.0,1.0,1.0,7.0,146.95,7.0,1.0,2,1,2,5,Hibernating
50808,1,0.0,Mobile Phone,1,13.0,Cash on Delivery,Female,2.0,3,Mobile Phone,3,Married,4,1,13.0,1.0,7.0,7.0,133.39,7.0,7.0,2,5,1,8,At Risk
50809,0,,Mobile Phone,1,6.0,Cash on Delivery,Male,2.0,3,Mobile Phone,5,Single,3,0,11.0,0.0,1.0,2.0,120.8,2.0,1.0,5,1,1,7,Hibernating
50810,0,,Mobile Phone,1,6.0,Credit Card,Female,2.0,3,Mobile Phone,4,Single,2,0,18.0,1.0,2.0,1.0,120.96,1.0,2.0,5,2,1,8,Potential Loyalists
50811,0,5.0,Mobile Phone,3,14.0,Credit Card,Male,2.0,1,Laptop & Accessory,2,Divorced,2,0,15.0,0.0,1.0,8.0,162.09,8.0,1.0,2,1,3,6,At Risk
50812,0,18.0,Computer,1,31.0,Credit Card,Female,2.0,3,Others,4,Single,4,0,22.0,,1.0,0.0,280.61,0.0,1.0,5,1,5,11,Hibernating
50813,0,12.0,Mobile Phone,1,19.0,Credit Card,Female,3.0,4,Grocery,4,Married,7,1,13.0,,15.0,2.0,271.23,2.0,15.0,5,5,5,15,Champions
50814,0,30.0,Mobile Phone,1,,Debit Card,Male,2.0,3,Mobile Phone,3,Married,2,0,12.0,2.0,2.0,2.0,123.72,2.0,2.0,5,2,1,8,Potential Loyalists
50815,1,0.0,Mobile Phone,1,13.0,Debit Card,Male,3.0,3,Laptop & Accessory,3,Divorced,2,0,18.0,1.0,1.0,1.0,148.83,1.0,1.0,5,1,2,8,Hibernating
50816,1,2.0,Mobile Phone,1,29.0,Credit Card,Male,3.0,3,Mobile Phone,5,Single,1,0,13.0,0.0,1.0,3.0,139.04,3.0,1.0,4,1,1,6,Hibernating
50817,0,3.0,Mobile Phone,1,12.0,Cash on Delivery,Female,2.0,4,Laptop & Accessory,2,Divorced,1,0,12.0,5.0,6.0,7.0,146.27,7.0,6.0,2,5,2,9,At Risk
50818,0,9.0,Mobile Phone,1,16.0,Cash on Delivery,Female,3.0,3,Fashion,3,Divorced,4,0,12.0,0.0,1.0,7.0,170.94,7.0,1.0,2,1,3,6,At Risk
50819,0,19.0,Mobile Phone,2,6.0,Debit Card,Female,2.0,3,Mobile Phone,5,Single,7,0,12.0,3.0,5.0,7.0,134.23,7.0,5.0,2,5,1,8,At Risk
50820,0,1.0,Computer,1,6.0,Debit Card,Female,2.0,5,Laptop & Accessory,2,Divorced,1,0,11.0,7.0,7.0,5.0,166.74,5.0,7.0,2,5,3,10,Loyal Customers
50821,0,23.0,Mobile Phone,1,34.0,Debit Card,Female,2.0,3,Grocery,5,Divorced,5,1,11.0,,1.0,2.0,268.8,2.0,1.0,5,1,5,11,Hibernating
50822,1,3.0,Mobile Phone,3,31.0,E wallet,Male,2.0,4,Fashion,4,Single,3,1,12.0,0.0,1.0,0.0,190.94,0.0,1.0,5,1,4,10,Hibernating
50823,1,15.0,Mobile Phone,3,11.0,Debit Card,Male,3.0,3,Fashion,4,Single,10,1,19.0,5.0,7.0,7.0,184.46,7.0,7.0,2,5,4,11,Loyal Customers
50824,0,3.0,Mobile Phone,1,23.0,Credit Card,Female,3.0,3,Fashion,5,Divorced,2,1,23.0,0.0,1.0,,219.16000000000005,3.0,1.0,4,1,5,10,Hibernating
50825,0,12.0,Mobile Phone,1,24.0,Debit Card,Male,2.0,3,Laptop & Accessory,3,Single,1,0,11.0,0.0,1.0,7.0,145.34,7.0,1.0,2,1,2,5,Hibernating
50826,0,4.0,Computer,3,8.0,Debit Card,Female,2.0,3,Fashion,3,Married,2,1,19.0,3.0,9.0,6.0,198.52,6.0,9.0,2,5,4,11,Loyal Customers
50827,0,14.0,Computer,3,16.0,Credit Card,Male,2.0,5,Laptop & Accessory,4,Single,2,0,13.0,3.0,11.0,9.0,161.51,9.0,11.0,1,5,3,9,Loyal Customers
50828,1,,Computer,3,6.0,Debit Card,Female,2.0,3,Mobile Phone,4,Single,2,1,11.0,1.0,2.0,2.0,123.02,2.0,2.0,5,2,1,8,Potential Loyalists
50829,1,7.0,Mobile Phone,1,,Debit Card,Male,2.0,3,Mobile Phone,5,Divorced,5,0,12.0,1.0,1.0,2.0,123.62,2.0,1.0,5,1,1,7,Hibernating
50830,0,15.0,Computer,1,8.0,Debit Card,Male,2.0,3,Grocery,3,Divorced,1,1,13.0,,2.0,10.0,278.61,10.0,2.0,1,2,5,8,At Risk
50831,0,28.0,Mobile Phone,1,8.0,Credit Card,Female,2.0,5,Others,3,Divorced,5,0,14.0,,9.0,11.0,291.87,11.0,9.0,1,5,5,11,Loyal Customers
50832,0,29.0,Mobile Phone,2,14.0,Debit Card,Male,2.0,3,Others,4,Single,7,0,,1.0,7.0,7.0,297.17,7.0,7.0,2,5,5,12,Loyal Customers
50833,0,13.0,Computer,1,22.0,Debit Card,Male,3.0,3,Mobile Phone,3,Married,10,0,16.0,1.0,1.0,0.0,135.44,0.0,1.0,5,1,1,7,Hibernating
50834,0,7.0,Mobile Phone,1,15.0,Debit Card,Male,2.0,3,Fashion,2,Married,1,0,11.0,1.0,1.0,6.0,185.0,6.0,1.0,2,1,4,7,At Risk
50835,0,13.0,Mobile Phone,1,8.0,Debit Card,Male,3.0,3,Laptop & Accessory,2,Single,2,0,13.0,3.0,8.0,8.0,146.61,8.0,8.0,2,5,2,9,At Risk
50836,0,14.0,Computer,3,6.0,E wallet,Female,3.0,3,Laptop & Accessory,5,Married,1,0,17.0,0.0,1.0,7.0,141.03,7.0,1.0,2,1,2,5,Hibernating
50837,0,8.0,Computer,1,10.0,Debit Card,Male,2.0,3,Laptop & Accessory,3,Single,2,1,11.0,1.0,1.0,1.0,142.49,1.0,1.0,5,1,2,8,Hibernating
50838,0,24.0,Mobile Phone,2,11.0,Debit Card,Male,2.0,3,Grocery,4,Married,2,1,11.0,1.0,,10.0,240.26,10.0,2.0,1,2,5,8,At Risk
50839,0,11.0,Mobile Phone,3,8.0,Debit Card,Female,2.0,3,Laptop & Accessory,5,Married,4,0,15.0,0.0,1.0,7.0,168.93,7.0,1.0,2,1,3,6,At Risk
50840,0,7.0,Mobile Phone,3,21.0,Credit Card,Female,3.0,3,Laptop & Accessory,5,Single,2,0,12.0,1.0,9.0,6.0,161.25,6.0,9.0,2,5,3,10,Loyal Customers
50841,0,0.0,Mobile Phone,1,25.0,Credit Card,Male,3.0,3,Mobile Phone,2,Divorced,4,0,11.0,1.0,1.0,2.0,136.69,2.0,1.0,5,1,1,7,Hibernating
50842,1,20.0,Mobile Phone,1,13.0,Credit Card,Female,2.0,4,Fashion,5,Divorced,8,1,14.0,4.0,5.0,9.0,200.08,9.0,5.0,1,5,4,10,Loyal Customers
50843,0,13.0,Mobile Phone,1,,Debit Card,Male,2.0,3,Mobile Phone,4,Divorced,4,0,22.0,1.0,1.0,3.0,123.87,3.0,1.0,4,1,1,6,Hibernating
50844,0,9.0,Computer,3,13.0,E wallet,Female,2.0,1,Laptop & Accessory,5,Divorced,3,0,16.0,5.0,6.0,13.0,146.39,13.0,6.0,1,5,2,8,At Risk
50845,0,21.0,Mobile Phone,1,10.0,Debit Card,Male,2.0,3,Fashion,2,Single,2,0,11.0,1.0,1.0,8.0,178.98,8.0,1.0,2,1,4,7,At Risk
50846,0,0.0,Mobile Phone,3,,Credit Card,Female,3.0,1,Mobile Phone,2,Divorced,9,0,14.0,1.0,1.0,0.0,125.34,0.0,1.0,5,1,1,7,Hibernating
50847,0,24.0,Mobile Phone,1,17.0,Cash on Delivery,Female,2.0,4,Grocery,4,Single,4,0,16.0,0.0,1.0,,231.42,3.0,1.0,4,1,5,10,Hibernating
50848,0,,Computer,1,6.0,Debit Card,Female,3.0,3,Mobile Phone,2,Single,2,0,15.0,1.0,1.0,0.0,116.11,0.0,1.0,5,1,1,7,Hibernating
50849,0,8.0,Mobile Phone,1,6.0,Credit Card,Female,2.0,4,Laptop & Accessory,2,Divorced,1,0,12.0,1.0,1.0,0.0,153.63,0.0,1.0,5,1,2,8,Hibernating
50850,0,0.0,Computer,3,8.0,Debit Card,Male,2.0,5,Laptop & Accessory,2,Single,4,0,20.0,1.0,1.0,0.0,150.71,0.0,1.0,5,1,2,8,Hibernating
50851,1,18.0,Mobile Phone,3,19.0,E wallet,Male,2.0,1,Grocery,3,Single,7,1,17.0,2.0,,8.0,236.95,8.0,2.0,2,2,5,9,At Risk
50852,0,29.0,Mobile Phone,1,29.0,Debit Card,Male,3.0,3,Grocery,4,Divorced,5,1,12.0,11.0,,9.0,234.02,9.0,2.0,1,2,5,8,At Risk
50853,0,,Computer,1,32.0,Cash on Delivery,Female,3.0,4,Mobile Phone,3,Married,2,0,20.0,1.0,1.0,0.0,120.29,0.0,1.0,5,1,1,7,Hibernating
50854,0,13.0,Mobile Phone,1,8.0,Credit Card,Female,2.0,1,Laptop & Accessory,3,Married,6,0,20.0,5.0,11.0,8.0,163.77,8.0,11.0,2,5,3,10,Loyal Customers
50855,0,7.0,Mobile Phone,1,35.0,Credit Card,Male,2.0,3,Laptop & Accessory,3,Divorced,5,0,13.0,0.0,7.0,7.0,154.29,7.0,7.0,2,5,3,10,Loyal Customers
50856,1,0.0,Computer,3,8.0,Debit Card,Female,,4,Mobile Phone,2,Single,8,0,14.0,0.0,1.0,0.0,127.85,0.0,1.0,5,1,1,7,Hibernating
50857,1,0.0,Computer,3,24.0,E wallet,Female,3.0,3,Laptop & Accessory,3,Divorced,1,1,18.0,3.0,3.0,2.0,146.14,2.0,3.0,5,4,2,11,Potential Loyalists
50858,0,11.0,Computer,1,,Debit Card,Male,2.0,1,Mobile Phone,3,Married,2,0,11.0,0.0,1.0,3.0,126.1,3.0,1.0,4,1,1,6,Hibernating
50859,0,7.0,Mobile Phone,1,8.0,Cash on Delivery,Female,3.0,3,Laptop & Accessory,2,Single,2,0,11.0,1.0,4.0,11.0,166.87,11.0,4.0,1,4,3,8,Loyal Customers
50860,0,1.0,Mobile Phone,3,32.0,Debit Card,Male,2.0,4,Laptop & Accessory,5,Divorced,2,0,11.0,1.0,1.0,4.0,147.24,4.0,1.0,3,1,2,6,Hibernating
50861,1,0.0,Mobile Phone,1,28.0,Credit Card,Male,3.0,3,Laptop & Accessory,3,Divorced,2,1,15.0,3.0,6.0,7.0,161.79,7.0,6.0,2,5,3,10,Loyal Customers
50862,0,12.0,Mobile Phone,3,27.0,Debit Card,Male,2.0,4,Laptop & Accessory,2,Divorced,4,1,12.0,0.0,1.0,4.0,161.2,4.0,1.0,3,1,3,7,Hibernating
50863,0,24.0,Computer,3,8.0,E wallet,Male,2.0,3,Fashion,4,Divorced,3,0,11.0,0.0,3.0,2.0,205.96,2.0,3.0,5,4,4,13,Champions
50864,0,14.0,Computer,1,28.0,Debit Card,Female,3.0,3,Laptop & Accessory,2,Married,4,1,14.0,0.0,3.0,3.0,154.67,3.0,3.0,4,4,3,11,Loyal Customers
50865,0,10.0,Mobile Phone,1,10.0,Debit Card,Male,,3,Mobile Phone,3,Divorced,8,1,15.0,1.0,1.0,3.0,129.96,3.0,1.0,4,1,1,6,Hibernating
50866,0,6.0,Computer,3,11.0,Debit Card,Male,3.0,3,Laptop & Accessory,2,Divorced,7,0,13.0,1.0,1.0,2.0,199.98,2.0,1.0,5,1,4,10,Hibernating
50867,0,5.0,Mobile Phone,3,8.0,E wallet,Male,2.0,3,Laptop & Accessory,4,Divorced,1,1,13.0,0.0,1.0,2.0,140.78,2.0,1.0,5,1,1,7,Hibernating
50868,0,12.0,Computer,1,31.0,Debit Card,Male,3.0,3,Fashion,3,Divorced,4,0,21.0,0.0,1.0,5.0,209.2,5.0,1.0,2,1,5,8,At Risk
50869,0,0.0,Mobile Phone,3,24.0,Debit Card,Male,3.0,1,Laptop & Accessory,3,Divorced,3,0,11.0,0.0,1.0,2.0,162.32,2.0,1.0,5,1,3,9,Hibernating
50870,0,25.0,Computer,1,34.0,Credit Card,Female,2.0,1,Grocery,3,Divorced,3,1,11.0,0.0,,2.0,232.47000000000003,2.0,2.0,5,2,5,12,Potential Loyalists
50871,0,16.0,Mobile Phone,1,12.0,Credit Card,Female,3.0,4,Laptop & Accessory,3,Single,2,1,14.0,1.0,1.0,8.0,140.81,8.0,1.0,2,1,2,5,Hibernating
50872,0,0.0,Mobile Phone,3,16.0,E wallet,Female,3.0,4,Laptop & Accessory,2,Divorced,2,1,11.0,2.0,4.0,4.0,157.69,4.0,4.0,3,4,3,10,Loyal Customers
50873,1,0.0,Mobile Phone,1,,Debit Card,Female,2.0,3,Mobile Phone,3,Single,2,1,13.0,3.0,7.0,7.0,123.94,7.0,7.0,2,5,1,8,At Risk
50874,0,0.0,Mobile Phone,1,8.0,Credit Card,Male,2.0,4,Mobile Phone,2,Single,1,0,12.0,0.0,1.0,1.0,139.04,1.0,1.0,5,1,1,7,Hibernating
50875,0,15.0,Mobile Phone,2,16.0,UPI,Female,2.0,3,Grocery,5,Divorced,1,0,14.0,,1.0,9.0,267.99,9.0,1.0,1,1,5,7,At Risk
50876,0,25.0,Mobile Phone,1,14.0,UPI,Female,,3,Mobile Phone,5,Divorced,10,0,13.0,1.0,1.0,4.0,129.5,4.0,1.0,3,1,1,5,Hibernating
50877,0,10.0,Mobile Phone,1,17.0,Credit Card,Female,3.0,3,Mobile Phone,3,Single,5,0,18.0,0.0,1.0,2.0,136.29,2.0,1.0,5,1,1,7,Hibernating
50878,0,8.0,Computer,1,24.0,Debit Card,Male,2.0,3,Fashion,2,Single,3,0,11.0,0.0,2.0,2.0,193.62,2.0,2.0,5,2,4,11,Potential Loyalists
50879,0,0.0,Mobile Phone,1,6.0,Cash on Delivery,Male,2.0,3,Mobile Phone,2,Divorced,5,0,11.0,1.0,1.0,2.0,132.29,2.0,1.0,5,1,1,7,Hibernating
50880,0,0.0,Mobile Phone,1,13.0,UPI,Male,3.0,1,Mobile Phone,5,Single,1,0,12.0,1.0,1.0,7.0,135.78,7.0,1.0,2,1,1,4,Hibernating
50881,0,2.0,Mobile Phone,2,23.0,UPI,Male,2.0,4,Fashion,5,Single,2,0,13.0,0.0,1.0,9.0,179.88,9.0,1.0,1,1,4,6,At Risk
50882,1,0.0,Computer,1,34.0,Debit Card,Male,3.0,4,Laptop & Accessory,5,Single,4,0,20.0,0.0,1.0,3.0,142.84,3.0,1.0,4,1,2,7,Hibernating
50883,1,0.0,Computer,1,20.0,UPI,Female,2.0,3,Fashion,2,Single,1,1,12.0,2.0,7.0,7.0,175.53,7.0,7.0,2,5,4,11,Loyal Customers
50884,0,27.0,Mobile Phone,1,6.0,Credit Card,Female,2.0,3,Grocery,2,Single,7,0,19.0,,12.0,7.0,273.28,7.0,12.0,2,5,5,12,Loyal Customers
50885,0,30.0,Mobile Phone,1,6.0,Credit Card,Female,3.0,3,Others,5,Divorced,4,1,,1.0,1.0,5.0,297.01,5.0,1.0,2,1,5,8,At Risk
50886,0,28.0,Mobile Phone,1,6.0,Credit Card,Male,2.0,1,Grocery,2,Married,3,0,13.0,1.0,,0.0,247.32,0.0,2.0,5,2,5,12,Potential Loyalists
50887,0,9.0,Mobile Phone,3,9.0,E wallet,Female,2.0,3,Laptop & Accessory,4,Single,4,1,16.0,0.0,1.0,1.0,192.78,1.0,1.0,5,1,4,10,Hibernating
50888,1,,Computer,3,6.0,Debit Card,Female,2.0,5,Mobile Phone,3,Single,2,0,12.0,1.0,1.0,0.0,113.59,0.0,1.0,5,1,1,7,Hibernating
50889,0,3.0,Mobile Phone,3,13.0,E wallet,Female,3.0,3,Laptop & Accessory,5,Married,8,0,14.0,1.0,1.0,2.0,147.79,2.0,1.0,5,1,2,8,Hibernating
50890,0,4.0,Mobile Phone,1,14.0,Debit Card,Female,3.0,3,Grocery,4,Single,4,0,11.0,,1.0,0.0,264.22,0.0,1.0,5,1,5,11,Hibernating
50891,0,7.0,Computer,1,6.0,UPI,Male,,3,Mobile Phone,5,Married,6,0,14.0,1.0,1.0,3.0,129.96,3.0,1.0,4,1,1,6,Hibernating
50892,1,,Mobile Phone,1,14.0,Debit Card,Female,2.0,4,Mobile Phone,4,Single,2,0,12.0,0.0,1.0,0.0,112.61,0.0,1.0,5,1,1,7,Hibernating
50893,0,,Mobile Phone,1,17.0,Debit Card,Male,3.0,3,Mobile Phone,5,Divorced,1,0,14.0,1.0,1.0,4.0,120.99,4.0,1.0,3,1,1,5,Hibernating
50894,0,9.0,Mobile Phone,1,10.0,Debit Card,Male,2.0,4,Laptop & Accessory,2,Single,2,0,16.0,1.0,1.0,8.0,158.1,8.0,1.0,2,1,3,6,At Risk
50895,0,9.0,Mobile Phone,3,22.0,E wallet,Female,3.0,4,Laptop & Accessory,5,Divorced,5,0,13.0,1.0,1.0,2.0,156.47,2.0,1.0,5,1,3,9,Hibernating
50896,0,20.0,Mobile Phone,1,6.0,Cash on Delivery,Male,3.0,3,Mobile Phone,2,Divorced,8,0,12.0,1.0,1.0,2.0,134.2,2.0,1.0,5,1,1,7,Hibernating
50897,1,0.0,Mobile Phone,3,15.0,Debit Card,Male,3.0,4,Mobile Phone,5,Divorced,4,0,12.0,1.0,2.0,2.0,144.0,2.0,2.0,5,2,2,9,Potential Loyalists
50898,0,10.0,Computer,1,11.0,Cash on Delivery,Male,2.0,1,Mobile Phone,3,Single,1,0,14.0,1.0,1.0,3.0,135.0,3.0,1.0,4,1,1,6,Hibernating
50899,0,,Mobile Phone,1,6.0,Debit Card,Female,2.0,3,Mobile Phone,5,Divorced,3,0,22.0,1.0,1.0,0.0,120.66,0.0,1.0,5,1,1,7,Hibernating
50900,0,20.0,Mobile Phone,1,8.0,Credit Card,Female,2.0,3,Grocery,3,Divorced,4,0,19.0,,5.0,6.0,271.69,6.0,5.0,2,5,5,12,Loyal Customers
50901,0,0.0,Mobile Phone,3,10.0,Credit Card,Female,2.0,3,Laptop & Accessory,3,Divorced,2,1,12.0,1.0,1.0,3.0,141.62,3.0,1.0,4,1,2,7,Hibernating
50902,0,5.0,Mobile Phone,3,13.0,E wallet,Male,3.0,3,Laptop & Accessory,2,Divorced,5,0,12.0,1.0,1.0,3.0,192.04,3.0,1.0,4,1,4,9,Hibernating
50903,0,7.0,Mobile Phone,1,6.0,Debit Card,Female,2.0,4,Mobile Phone,4,Divorced,6,0,17.0,1.0,1.0,2.0,132.94,2.0,1.0,5,1,1,7,Hibernating
50904,0,,Mobile Phone,1,11.0,Credit Card,Male,2.0,1,Mobile Phone,3,Divorced,3,1,12.0,1.0,1.0,3.0,121.27,3.0,1.0,4,1,1,6,Hibernating
50905,0,13.0,Computer,1,15.0,UPI,Male,2.0,3,Laptop & Accessory,3,Married,4,0,11.0,1.0,1.0,7.0,139.75,7.0,1.0,2,1,1,4,Hibernating
50906,0,4.0,Mobile Phone,3,14.0,Debit Card,Male,2.0,3,Fashion,2,Married,2,0,18.0,2.0,9.0,9.0,207.93,9.0,9.0,1,5,4,10,Loyal Customers
50907,1,9.0,Mobile Phone,3,15.0,E wallet,Male,2.0,3,Fashion,1,Married,5,0,11.0,0.0,4.0,3.0,200.96,3.0,4.0,4,4,4,12,Champions
50908,1,2.0,Computer,1,8.0,Debit Card,Female,2.0,4,Mobile Phone,5,Single,3,1,23.0,0.0,1.0,0.0,136.46,0.0,1.0,5,1,1,7,Hibernating
50909,1,0.0,Computer,1,6.0,Debit Card,Female,3.0,1,Fashion,4,Single,2,0,11.0,3.0,4.0,7.0,174.46,7.0,4.0,2,4,4,10,Loyal Customers
50910,0,18.0,Mobile Phone,1,26.0,Credit Card,Male,3.0,5,Fashion,5,Married,3,1,18.0,0.0,1.0,7.0,208.51,7.0,1.0,2,1,4,7,At Risk
50911,0,,Mobile Phone,2,14.0,Credit Card,Female,3.0,1,Mobile Phone,4,Single,10,0,18.0,0.0,1.0,2.0,121.09,2.0,1.0,5,1,1,7,Hibernating
50912,1,0.0,Computer,1,8.0,Debit Card,Male,3.0,3,Mobile Phone,1,Divorced,7,1,13.0,2.0,2.0,2.0,137.22,2.0,2.0,5,2,1,8,Potential Loyalists
50913,0,18.0,Mobile Phone,1,35.0,Cash on Delivery,Male,2.0,3,Fashion,1,Divorced,5,1,18.0,1.0,1.0,2.0,193.8,2.0,1.0,5,1,4,10,Hibernating
50914,0,21.0,Mobile Phone,3,13.0,E wallet,Male,3.0,3,Laptop & Accessory,5,Married,5,0,11.0,1.0,2.0,2.0,154.86,2.0,2.0,5,2,3,10,Potential Loyalists
50915,1,0.0,Mobile Phone,2,15.0,Cash on Delivery,Female,,3,Mobile Phone,3,Divorced,2,0,15.0,1.0,2.0,2.0,127.42,2.0,2.0,5,2,1,8,Potential Loyalists
50916,0,13.0,Computer,1,14.0,Credit Card,Male,2.0,4,Fashion,4,Married,3,0,11.0,1.0,,8.0,237.57,8.0,2.0,2,2,5,9,At Risk
50917,0,1.0,Mobile Phone,3,11.0,Credit Card,Male,2.0,3,Laptop & Accessory,5,Single,1,0,18.0,1.0,1.0,3.0,184.63,3.0,1.0,4,1,4,9,Hibernating
50918,0,17.0,Computer,1,11.0,Debit Card,Male,,4,Mobile Phone,3,Single,4,0,14.0,0.0,1.0,3.0,131.62,3.0,1.0,4,1,1,6,Hibernating
50919,0,26.0,Mobile Phone,1,8.0,Credit Card,Male,2.0,1,Grocery,4,Single,5,0,12.0,,8.0,8.0,265.98,8.0,8.0,2,5,5,12,Loyal Customers
50920,0,22.0,Mobile Phone,1,11.0,Cash on Delivery,Male,3.0,3,Laptop & Accessory,3,Divorced,3,0,14.0,0.0,1.0,2.0,166.51,2.0,1.0,5,1,3,9,Hibernating
50921,0,13.0,Mobile Phone,1,,Credit Card,Male,3.0,3,Mobile Phone,3,Married,3,0,14.0,0.0,1.0,2.0,123.45,2.0,1.0,5,1,1,7,Hibernating
50922,0,17.0,Mobile Phone,1,26.0,Debit Card,Male,2.0,3,Mobile Phone,4,Single,2,0,13.0,1.0,1.0,3.0,134.2,3.0,1.0,4,1,1,6,Hibernating
50923,0,6.0,Computer,3,13.0,Credit Card,Male,2.0,3,Laptop & Accessory,5,Divorced,1,0,14.0,0.0,1.0,3.0,143.73,3.0,1.0,4,1,2,7,Hibernating
50924,0,7.0,Mobile Phone,3,9.0,UPI,Male,2.0,5,Laptop & Accessory,5,Single,4,0,18.0,2.0,3.0,12.0,147.59,12.0,3.0,1,4,2,7,At Risk
50925,0,3.0,Mobile Phone,3,22.0,Debit Card,Male,3.0,3,Laptop & Accessory,3,Divorced,9,0,15.0,0.0,2.0,2.0,153.01,2.0,2.0,5,2,2,9,Potential Loyalists
50926,0,15.0,Computer,1,15.0,Credit Card,Female,3.0,3,Mobile Phone,1,Single,2,0,13.0,4.0,5.0,8.0,136.73,8.0,5.0,2,5,1,8,At Risk
50927,0,17.0,Computer,3,6.0,E wallet,Female,3.0,3,Laptop & Accessory,3,Divorced,8,0,12.0,1.0,1.0,0.0,147.68,0.0,1.0,5,1,2,8,Hibernating
50928,0,,Computer,1,13.0,Cash on Delivery,Male,3.0,3,Mobile Phone,3,Married,2,0,13.0,0.0,1.0,0.0,112.74,0.0,1.0,5,1,1,7,Hibernating
50929,0,50.0,Mobile Phone,1,6.0,Debit Card,Male,3.0,1,Laptop & Accessory,3,Divorced,1,0,24.0,1.0,2.0,8.0,149.0,8.0,2.0,2,2,2,6,Hibernating
50930,0,22.0,Mobile Phone,1,13.0,Debit Card,Male,2.0,3,Fashion,4,Married,4,0,14.0,0.0,1.0,7.0,204.66,7.0,1.0,2,1,4,7,At Risk
50931,0,7.0,Computer,1,21.0,Credit Card,Male,3.0,3,Grocery,5,Married,8,0,14.0,,6.0,9.0,270.07,9.0,6.0,1,5,5,11,Loyal Customers
50932,1,0.0,Computer,3,6.0,Cash on Delivery,Male,,3,Mobile Phone,3,Divorced,4,0,15.0,1.0,1.0,2.0,129.09,2.0,1.0,5,1,1,7,Hibernating
50933,1,0.0,Computer,3,19.0,Cash on Delivery,Female,2.0,3,Laptop & Accessory,4,Single,6,0,11.0,0.0,1.0,0.0,157.65,0.0,1.0,5,1,3,9,Hibernating
50934,1,0.0,Mobile Phone,3,30.0,Credit Card,Female,2.0,4,Laptop & Accessory,4,Single,1,1,23.0,2.0,10.0,10.0,145.99,10.0,10.0,1,5,2,8,At Risk
50935,0,8.0,Mobile Phone,3,,Debit Card,Male,3.0,3,Mobile Phone,3,Divorced,2,0,13.0,1.0,1.0,0.0,124.04,0.0,1.0,5,1,1,7,Hibernating
50936,1,0.0,Computer,1,15.0,Credit Card,Male,2.0,3,Mobile Phone,5,Single,3,1,11.0,0.0,1.0,0.0,131.72,0.0,1.0,5,1,1,7,Hibernating
50937,0,,Computer,3,19.0,Debit Card,Female,3.0,3,Mobile Phone,4,Divorced,2,0,13.0,0.0,1.0,0.0,120.33,0.0,1.0,5,1,1,7,Hibernating
50938,0,17.0,Computer,1,8.0,Credit Card,Male,2.0,3,Fashion,3,Single,6,1,18.0,0.0,2.0,2.0,202.09,2.0,2.0,5,2,4,11,Potential Loyalists
50939,0,2.0,Mobile Phone,3,25.0,Debit Card,Male,3.0,4,Laptop & Accessory,3,Married,2,0,14.0,1.0,1.0,4.0,186.2,4.0,1.0,3,1,4,8,Hibernating
50940,0,,Mobile Phone,2,6.0,Debit Card,Male,2.0,3,Mobile Phone,3,Married,1,0,21.0,0.0,1.0,3.0,120.64,3.0,1.0,4,1,1,6,Hibernating
50941,0,28.0,Mobile Phone,1,10.0,Debit Card,Male,1.0,3,Laptop & Accessory,3,Divorced,1,1,16.0,0.0,1.0,2.0,140.35,2.0,1.0,5,1,1,7,Hibernating
50942,0,6.0,Mobile Phone,1,10.0,Credit Card,Female,2.0,4,Mobile Phone,4,Divorced,9,0,11.0,0.0,1.0,2.0,138.38,2.0,1.0,5,1,1,7,Hibernating
50943,0,20.0,Mobile Phone,3,20.0,Credit Card,Female,3.0,3,Laptop & Accessory,3,Divorced,4,1,17.0,1.0,1.0,2.0,145.91,2.0,1.0,5,1,2,8,Hibernating
50944,1,0.0,Computer,1,,Credit Card,Male,2.0,4,Mobile Phone,5,Single,8,0,11.0,0.0,1.0,0.0,125.61,0.0,1.0,5,1,1,7,Hibernating
50945,0,,Mobile Phone,1,6.0,Debit Card,Male,3.0,4,Mobile Phone,3,Married,2,0,14.0,0.0,1.0,0.0,115.63,0.0,1.0,5,1,1,7,Hibernating
50946,0,1.0,Computer,3,13.0,Debit Card,Male,2.0,3,Laptop & Accessory,5,Single,1,0,14.0,1.0,1.0,3.0,148.98,3.0,1.0,4,1,2,7,Hibernating
50947,0,22.0,Mobile Phone,1,9.0,Credit Card,Female,2.0,4,Laptop & Accessory,5,Divorced,5,0,25.0,1.0,1.0,2.0,147.89,2.0,1.0,5,1,2,8,Hibernating
50948,0,2.0,Computer,1,8.0,Debit Card,Female,3.0,3,Mobile Phone,4,Divorced,1,0,13.0,0.0,1.0,2.0,131.8,2.0,1.0,5,1,1,7,Hibernating
50949,0,1.0,Mobile Phone,1,35.0,Debit Card,Male,3.0,5,Laptop & Accessory,4,Divorced,2,0,14.0,1.0,1.0,7.0,165.49,7.0,1.0,2,1,3,6,At Risk
50950,0,6.0,Mobile Phone,1,14.0,Debit Card,Male,3.0,3,Laptop & Accessory,3,Single,3,1,17.0,0.0,1.0,0.0,163.88,0.0,1.0,5,1,3,9,Hibernating
50951,0,5.0,Mobile Phone,1,16.0,Credit Card,Male,0.0,3,Fashion,1,Single,3,0,25.0,0.0,1.0,,212.44,3.0,1.0,4,1,5,10,Hibernating
50952,0,27.0,Computer,1,17.0,Credit Card,Female,2.0,3,Grocery,1,Married,4,0,20.0,1.0,,12.0,260.32,12.0,2.0,1,2,5,8,At Risk
50953,1,0.0,Mobile Phone,1,,Cash on Delivery,Male,3.0,4,Mobile Phone,5,Single,7,0,13.0,0.0,1.0,7.0,123.62,7.0,1.0,2,1,1,4,Hibernating
50954,0,17.0,Mobile Phone,1,34.0,Debit Card,Male,2.0,3,Grocery,5,Divorced,4,0,13.0,,14.0,17.0,263.28,17.0,14.0,1,5,5,11,Loyal Customers
50955,0,12.0,Mobile Phone,1,12.0,Debit Card,Female,2.0,3,Fashion,4,Single,5,0,18.0,0.0,2.0,2.0,183.76,2.0,2.0,5,2,4,11,Potential Loyalists
50956,0,19.0,Mobile Phone,3,9.0,Debit Card,Female,2.0,3,Grocery,4,Divorced,9,0,12.0,,5.0,1.0,266.06,1.0,5.0,5,5,5,15,Champions
50957,0,8.0,Mobile Phone,1,22.0,Debit Card,Female,3.0,4,Fashion,4,Single,2,0,19.0,1.0,3.0,3.0,186.06,3.0,3.0,4,4,4,12,Champions
50958,0,,Mobile Phone,1,26.0,Debit Card,Male,3.0,3,Laptop & Accessory,3,Single,1,0,14.0,1.0,1.0,2.0,122.72,2.0,1.0,5,1,1,7,Hibernating
50959,1,,Mobile Phone,1,15.0,Debit Card,Male,2.0,3,Mobile Phone,5,Single,4,0,14.0,1.0,1.0,0.0,120.18,0.0,1.0,5,1,1,7,Hibernating
50960,0,7.0,Mobile Phone,3,6.0,Cash on Delivery,Male,3.0,4,Fashion,3,Divorced,2,1,14.0,7.0,8.0,6.0,170.83,6.0,8.0,2,5,3,10,Loyal Customers
50961,1,0.0,Computer,1,9.0,Debit Card,Female,2.0,3,Mobile Phone,3,Single,2,0,12.0,6.0,7.0,7.0,140.84,7.0,7.0,2,5,2,9,At Risk
50962,0,23.0,Computer,1,28.0,Credit Card,Male,2.0,5,Grocery,1,Single,2,1,13.0,13.0,,9.0,244.11,9.0,2.0,1,2,5,8,At Risk
50963,0,,Mobile Phone,3,13.0,Cash on Delivery,Male,2.0,3,Mobile Phone,3,Married,1,1,25.0,0.0,5.0,7.0,123.08,7.0,5.0,2,5,1,8,At Risk
50964,0,15.0,Mobile Phone,1,8.0,Credit Card,Male,3.0,4,Mobile Phone,4,Married,5,0,14.0,1.0,1.0,0.0,148.41,0.0,1.0,5,1,2,8,Hibernating
50965,0,10.0,Mobile Phone,1,19.0,Credit Card,Male,2.0,3,Laptop & Accessory,1,Married,2,0,17.0,0.0,3.0,7.0,142.85,7.0,3.0,2,4,2,8,At Risk
50966,0,2.0,Mobile Phone,1,14.0,UPI,Female,2.0,5,Laptop & Accessory,5,Married,4,0,13.0,0.0,1.0,7.0,197.15,7.0,1.0,2,1,4,7,At Risk
50967,0,6.0,Mobile Phone,1,31.0,Debit Card,Male,2.0,4,Laptop & Accessory,4,Single,2,0,13.0,0.0,1.0,2.0,143.2,2.0,1.0,5,1,2,8,Hibernating
50968,0,,Mobile Phone,1,34.0,Cash on Delivery,Male,3.0,3,Mobile Phone,1,Married,5,0,20.0,1.0,1.0,3.0,121.32,3.0,1.0,4,1,1,6,Hibernating
50969,0,15.0,Computer,1,8.0,Debit Card,Male,2.0,3,Fashion,1,Married,3,1,14.0,12.0,13.0,9.0,201.24,9.0,13.0,1,5,4,10,Loyal Customers
50970,0,13.0,Mobile Phone,3,15.0,Credit Card,Male,2.0,3,Laptop & Accessory,5,Married,1,0,12.0,2.0,7.0,1.0,154.73,1.0,7.0,5,5,3,13,Loyal Customers
50971,0,6.0,Mobile Phone,1,34.0,Debit Card,Male,3.0,3,Laptop & Accessory,3,Married,2,1,12.0,1.0,5.0,7.0,152.07,7.0,5.0,2,5,2,9,At Risk
50972,0,13.0,Mobile Phone,2,12.0,Credit Card,Male,2.0,3,Grocery,1,Single,2,1,21.0,,7.0,7.0,264.37,7.0,7.0,2,5,5,12,Loyal Customers
50973,0,,Mobile Phone,1,27.0,Cash on Delivery,Male,2.0,4,Mobile Phone,5,Married,1,0,14.0,0.0,1.0,0.0,122.96,0.0,1.0,5,1,1,7,Hibernating
50974,0,13.0,Computer,1,14.0,Debit Card,Male,3.0,3,Laptop & Accessory,1,Married,4,1,18.0,2.0,2.0,2.0,140.69,2.0,2.0,5,2,1,8,Potential Loyalists
50975,0,18.0,Mobile Phone,1,6.0,Cash on Delivery,Male,3.0,3,Fashion,4,Married,2,0,12.0,6.0,7.0,7.0,174.41,7.0,7.0,2,5,4,11,Loyal Customers
50976,0,8.0,Mobile Phone,3,,Debit Card,Female,3.0,4,Mobile Phone,3,Married,1,0,23.0,2.0,4.0,2.0,124.3,2.0,4.0,5,4,1,10,Potential Loyalists
50977,0,5.0,Mobile Phone,1,11.0,Debit Card,Female,3.0,4,Laptop & Accessory,4,Married,4,0,12.0,1.0,2.0,5.0,158.78,5.0,2.0,2,2,3,7,At Risk
50978,0,9.0,Mobile Phone,3,,Debit Card,Male,3.0,3,Mobile Phone,1,Single,4,1,21.0,0.0,1.0,2.0,126.44,2.0,1.0,5,1,1,7,Hibernating
50979,0,21.0,Mobile Phone,3,22.0,Debit Card,Female,3.0,3,Laptop & Accessory,3,Married,9,0,14.0,1.0,7.0,7.0,164.39,7.0,7.0,2,5,3,10,Loyal Customers
50980,0,2.0,Mobile Phone,1,,Debit Card,Male,3.0,1,Mobile Phone,3,Married,7,0,18.0,1.0,1.0,0.0,124.51,0.0,1.0,5,1,1,7,Hibernating
50981,0,6.0,Mobile Phone,3,14.0,Debit Card,Male,2.0,3,Laptop & Accessory,5,Married,3,0,13.0,2.0,2.0,2.0,163.92,2.0,2.0,5,2,3,10,Potential Loyalists
50982,1,0.0,Mobile Phone,3,6.0,Debit Card,Male,3.0,4,Laptop & Accessory,5,Married,2,0,11.0,3.0,6.0,7.0,197.14,7.0,6.0,2,5,4,11,Loyal Customers
50983,0,11.0,Computer,2,16.0,UPI,Male,3.0,3,Laptop & Accessory,3,Married,4,0,11.0,0.0,1.0,2.0,160.77,2.0,1.0,5,1,3,9,Hibernating
50984,0,8.0,Mobile Phone,1,,Credit Card,Male,3.0,4,Mobile Phone,5,Single,2,0,19.0,0.0,1.0,2.0,124.5,2.0,1.0,5,1,1,7,Hibernating
50985,0,3.0,Mobile Phone,3,35.0,Cash on Delivery,Male,2.0,3,Fashion,4,Married,4,0,12.0,0.0,1.0,3.0,192.5,3.0,1.0,4,1,4,9,Hibernating
50986,1,,Mobile Phone,1,8.0,Debit Card,Female,3.0,3,Mobile Phone,5,Married,2,1,12.0,1.0,1.0,0.0,120.74,0.0,1.0,5,1,1,7,Hibernating
50987,1,16.0,Mobile Phone,1,8.0,Cash on Delivery,Female,3.0,4,Fashion,1,Married,1,0,16.0,1.0,1.0,9.0,201.69,9.0,1.0,1,1,4,6,At Risk
50988,1,1.0,Mobile Phone,1,8.0,Credit Card,Male,2.0,3,Laptop & Accessory,4,Married,5,0,11.0,0.0,1.0,4.0,148.55,4.0,1.0,3,1,2,6,Hibernating
50989,0,5.0,Computer,1,6.0,Cash on Delivery,Male,3.0,3,Laptop & Accessory,5,Married,5,0,14.0,1.0,1.0,2.0,140.87,2.0,1.0,5,1,2,8,Hibernating
50990,0,21.0,Mobile Phone,1,,UPI,Female,3.0,3,Mobile Phone,5,Married,9,0,12.0,7.0,7.0,6.0,123.67,6.0,7.0,2,5,1,8,At Risk
50991,0,7.0,Mobile Phone,1,13.0,Credit Card,Male,,3,Mobile Phone,1,Single,2,0,13.0,0.0,1.0,0.0,129.72,0.0,1.0,5,1,1,7,Hibernating
50992,0,28.0,Mobile Phone,3,32.0,E wallet,Male,2.0,4,Others,1,Married,2,0,,2.0,2.0,13.0,295.86,13.0,2.0,1,2,5,8,At Risk
50993,0,7.0,Mobile Phone,1,6.0,Debit Card,Male,2.0,3,Laptop & Accessory,1,Married,10,0,17.0,1.0,2.0,1.0,154.84,1.0,2.0,5,2,3,10,Potential Loyalists
50994,0,,Mobile Phone,1,9.0,Debit Card,Female,2.0,3,Mobile Phone,1,Married,2,0,21.0,1.0,1.0,0.0,120.61,0.0,1.0,5,1,1,7,Hibernating
50995,0,11.0,Mobile Phone,3,20.0,Debit Card,Male,3.0,3,Laptop & Accessory,4,Married,1,0,11.0,5.0,7.0,7.0,199.24,7.0,7.0,2,5,4,11,Loyal Customers
50996,0,11.0,Mobile Phone,3,22.0,Debit Card,Female,2.0,3,Laptop & Accessory,4,Single,3,0,12.0,0.0,1.0,2.0,141.98,2.0,1.0,5,1,2,8,Hibernating
50997,0,9.0,Mobile Phone,3,6.0,Debit Card,Female,3.0,3,Laptop & Accessory,3,Single,7,0,13.0,1.0,1.0,0.0,168.15,0.0,1.0,5,1,3,9,Hibernating
50998,0,2.0,Mobile Phone,1,9.0,Credit Card,Male,2.0,3,Mobile Phone,5,Single,2,1,18.0,0.0,1.0,5.0,147.23,5.0,1.0,2,1,2,5,Hibernating
50999,0,8.0,Mobile Phone,1,16.0,Credit Card,Female,2.0,3,Laptop & Accessory,3,Single,4,1,16.0,1.0,1.0,4.0,161.42,4.0,1.0,3,1,3,7,Hibernating
51000,0,12.0,Mobile Phone,3,12.0,Credit Card,Male,2.0,1,Fashion,3,Married,3,0,11.0,4.0,7.0,6.0,182.37,6.0,7.0,2,5,4,11,Loyal Customers
51001,0,2.0,Computer,1,8.0,Debit Card,Male,2.0,3,Laptop & Accessory,1,Married,2,0,19.0,0.0,1.0,3.0,188.53,3.0,1.0,4,1,4,9,Hibernating
51002,0,23.0,Mobile Phone,3,5.0,E wallet,Male,2.0,3,Others,3,Married,5,1,,0.0,1.0,0.0,293.31,0.0,1.0,5,1,5,11,Hibernating
51003,0,,Mobile Phone,1,16.0,Cash on Delivery,Male,2.0,1,Mobile Phone,3,Married,3,0,16.0,2.0,2.0,2.0,120.73,2.0,2.0,5,2,1,8,Potential Loyalists
51004,0,9.0,Computer,1,12.0,Debit Card,Male,3.0,1,Laptop & Accessory,5,Married,4,1,13.0,1.0,1.0,2.0,155.62,2.0,1.0,5,1,3,9,Hibernating
51005,0,15.0,Mobile Phone,1,15.0,UPI,Male,3.0,4,Others,1,Single,9,0,,1.0,1.0,1.0,296.13,1.0,1.0,5,1,5,11,Hibernating
51006,0,8.0,Mobile Phone,1,34.0,Debit Card,Male,2.0,1,Laptop & Accessory,3,Married,2,0,17.0,5.0,6.0,8.0,134.07,8.0,6.0,2,5,1,8,At Risk
51007,0,7.0,Computer,1,16.0,Cash on Delivery,Male,3.0,4,Laptop & Accessory,3,Married,2,0,14.0,2.0,7.0,7.0,150.63,7.0,7.0,2,5,2,9,At Risk
51008,0,13.0,Mobile Phone,3,20.0,Debit Card,Female,2.0,3,Laptop & Accessory,5,Married,2,0,15.0,0.0,1.0,2.0,146.39,2.0,1.0,5,1,2,8,Hibernating
51009,0,16.0,Mobile Phone,1,33.0,Cash on Delivery,Male,2.0,1,Mobile Phone,4,Married,6,0,12.0,1.0,1.0,2.0,148.76,2.0,1.0,5,1,2,8,Hibernating
51010,0,8.0,Mobile Phone,1,13.0,Debit Card,Male,,4,Mobile Phone,1,Married,2,0,18.0,1.0,1.0,1.0,126.9,1.0,1.0,5,1,1,7,Hibernating
51011,0,19.0,Mobile Phone,3,6.0,Debit Card,Male,2.0,1,Grocery,5,Single,2,0,15.0,,1.0,12.0,275.67,12.0,1.0,1,1,5,7,At Risk
51012,1,0.0,Mobile Phone,1,,Credit Card,Male,2.0,3,Mobile Phone,4,Married,2,1,17.0,0.0,1.0,0.0,124.08,0.0,1.0,5,1,1,7,Hibernating
51013,0,0.0,Computer,1,32.0,UPI,Female,,4,Mobile Phone,3,Married,2,1,14.0,0.0,1.0,3.0,128.14,3.0,1.0,4,1,1,6,Hibernating
51014,0,23.0,Computer,1,26.0,Credit Card,Male,2.0,3,Grocery,3,Married,3,1,15.0,3.0,12.0,,212.45,3.0,12.0,4,5,5,14,Champions
51015,0,5.0,Mobile Phone,1,11.0,UPI,Female,2.0,1,Mobile Phone,1,Married,4,0,17.0,1.0,1.0,2.0,133.12,2.0,1.0,5,1,1,7,Hibernating
51016,0,17.0,Mobile Phone,1,13.0,Credit Card,Female,2.0,3,Others,1,Married,1,1,14.0,,1.0,10.0,290.49,10.0,1.0,1,1,5,7,At Risk
51017,0,,Mobile Phone,1,13.0,Credit Card,Male,2.0,4,Mobile Phone,4,Married,2,0,12.0,0.0,1.0,1.0,121.41,1.0,1.0,5,1,1,7,Hibernating
51018,0,18.0,Mobile Phone,1,11.0,Credit Card,Female,2.0,5,Laptop & Accessory,5,Single,2,1,14.0,1.0,1.0,4.0,157.69,4.0,1.0,3,1,3,7,Hibernating
51019,0,18.0,Computer,3,32.0,E wallet,Male,2.0,4,Laptop & Accessory,5,Married,2,0,15.0,0.0,4.0,5.0,143.85,5.0,4.0,2,4,2,8,At Risk
51020,0,4.0,Computer,3,8.0,UPI,Male,2.0,3,Laptop & Accessory,5,Single,8,0,13.0,0.0,1.0,3.0,153.32,3.0,1.0,4,1,2,7,Hibernating
51021,0,9.0,Mobile Phone,1,18.0,Debit Card,Female,3.0,3,Laptop & Accessory,3,Married,10,1,12.0,0.0,1.0,1.0,146.63,1.0,1.0,5,1,2,8,Hibernating
51022,0,7.0,Computer,1,16.0,Debit Card,Male,2.0,1,Laptop & Accessory,1,Married,2,0,13.0,5.0,7.0,2.0,147.24,2.0,7.0,5,5,2,12,Potential Loyalists
51023,0,22.0,Mobile Phone,1,31.0,Debit Card,Female,2.0,3,Mobile Phone,5,Married,2,0,14.0,0.0,1.0,4.0,132.11,4.0,1.0,3,1,1,5,Hibernating
51024,0,12.0,Mobile Phone,1,16.0,Credit Card,Male,3.0,3,Laptop & Accessory,5,Married,3,0,13.0,4.0,7.0,7.0,153.77,7.0,7.0,2,5,3,10,Loyal Customers
51025,0,0.0,Mobile Phone,1,25.0,UPI,Male,3.0,4,Mobile Phone,5,Married,2,0,11.0,0.0,1.0,7.0,140.66,7.0,1.0,2,1,1,4,Hibernating
51026,0,8.0,Mobile Phone,1,24.0,Debit Card,Male,2.0,1,Laptop & Accessory,5,Married,2,0,11.0,0.0,1.0,10.0,152.08,10.0,1.0,1,1,2,4,Hibernating
51027,0,1.0,Mobile Phone,1,33.0,Credit Card,Female,2.0,5,Laptop & Accessory,5,Married,1,0,21.0,1.0,1.0,0.0,0.0,0.0,1.0,5,1,1,7,Hibernating
51028,0,0.0,Mobile Phone,1,11.0,Credit Card,Male,,3,Mobile Phone,1,Single,2,0,18.0,1.0,2.0,2.0,131.17,2.0,2.0,5,2,1,8,Potential Loyalists
51029,1,,Computer,3,9.0,Credit Card,Female,3.0,3,Mobile Phone,1,Single,2,1,12.0,0.0,1.0,0.0,115.69,0.0,1.0,5,1,1,7,Hibernating
51030,0,20.0,Mobile Phone,2,32.0,Debit Card,Female,3.0,3,Others,3,Married,4,0,,1.0,1.0,0.0,296.58,0.0,1.0,5,1,5,11,Hibernating
51031,0,12.0,Mobile Phone,1,9.0,Credit Card,Male,,4,Laptop & Accessory,3,Married,1,0,15.0,0.0,1.0,7.0,130.69,7.0,1.0,2,1,1,4,Hibernating
51032,0,13.0,Mobile Phone,1,21.0,Debit Card,Female,3.0,4,Fashion,3,Married,2,0,13.0,1.0,14.0,12.0,204.35,12.0,14.0,1,5,4,10,Loyal Customers
51033,0,8.0,Computer,1,14.0,Debit Card,Female,2.0,3,Laptop & Accessory,3,Married,2,0,12.0,2.0,2.0,9.0,141.48,9.0,2.0,1,2,2,5,Hibernating
51034,0,10.0,Mobile Phone,1,25.0,Debit Card,Male,2.0,3,Laptop & Accessory,3,Married,4,0,17.0,0.0,1.0,2.0,157.68,2.0,1.0,5,1,3,9,Hibernating
51035,0,12.0,Computer,1,10.0,Credit Card,Female,2.0,3,Laptop & Accessory,3,Single,1,0,13.0,3.0,3.0,8.0,150.42,8.0,3.0,2,4,2,8,At Risk
51036,0,18.0,Mobile Phone,1,8.0,UPI,Female,2.0,4,Laptop & Accessory,1,Married,2,0,19.0,2.0,3.0,9.0,157.7,9.0,3.0,1,4,3,8,Loyal Customers
51037,0,11.0,Mobile Phone,1,8.0,Credit Card,Female,2.0,4,Fashion,3,Married,4,1,19.0,1.0,1.0,2.0,177.56,2.0,1.0,5,1,4,10,Hibernating
51038,1,0.0,Mobile Phone,3,16.0,Credit Card,Male,2.0,4,Fashion,5,Married,10,0,17.0,4.0,6.0,0.0,203.06,0.0,6.0,5,5,4,14,Champions
51039,0,10.0,Mobile Phone,1,16.0,Credit Card,Female,3.0,3,Mobile Phone,4,Married,2,0,11.0,1.0,7.0,7.0,139.36,7.0,7.0,2,5,1,8,At Risk
51040,0,13.0,Mobile Phone,1,22.0,Debit Card,Female,2.0,3,Fashion,1,Single,7,1,15.0,1.0,3.0,3.0,179.45,3.0,3.0,4,4,4,12,Champions
51041,0,17.0,Computer,2,6.0,UPI,Male,2.0,3,Laptop & Accessory,1,Married,5,1,11.0,1.0,1.0,2.0,157.43,2.0,1.0,5,1,3,9,Hibernating
51042,0,21.0,Computer,1,10.0,Credit Card,Male,2.0,4,Grocery,1,Married,3,0,25.0,2.0,,2.0,252.02,2.0,2.0,5,2,5,12,Potential Loyalists
51043,1,0.0,Mobile Phone,3,21.0,Credit Card,Male,2.0,5,Laptop & Accessory,1,Married,7,1,14.0,1.0,2.0,2.0,154.4,2.0,2.0,5,2,3,10,Potential Loyalists
51044,0,0.0,Computer,1,8.0,Cash on Delivery,Female,2.0,3,Mobile Phone,1,Single,2,1,13.0,1.0,1.0,3.0,137.6,3.0,1.0,4,1,1,6,Hibernating
51045,0,0.0,Mobile Phone,1,14.0,Credit Card,Female,2.0,1,Mobile Phone,3,Married,8,0,17.0,0.0,1.0,2.0,135.17,2.0,1.0,5,1,1,7,Hibernating
51046,0,0.0,Computer,1,,Credit Card,Male,2.0,3,Mobile Phone,1,Single,3,0,13.0,0.0,1.0,2.0,125.8,2.0,1.0,5,1,1,7,Hibernating
51047,1,,Mobile Phone,1,13.0,Debit Card,Male,3.0,3,Mobile Phone,5,Single,4,1,14.0,0.0,1.0,3.0,121.66,3.0,1.0,4,1,1,6,Hibernating
51048,0,2.0,Mobile Phone,3,16.0,Credit Card,Male,2.0,4,Laptop & Accessory,3,Single,10,0,11.0,1.0,1.0,4.0,158.69,4.0,1.0,3,1,3,7,Hibernating
51049,0,9.0,Mobile Phone,1,11.0,Debit Card,Female,2.0,3,Fashion,5,Married,5,0,12.0,1.0,1.0,2.0,180.08,2.0,1.0,5,1,4,10,Hibernating
51050,0,0.0,Computer,1,8.0,Debit Card,Male,3.0,1,Laptop & Accessory,3,Married,2,0,17.0,0.0,1.0,7.0,152.06,7.0,1.0,2,1,2,5,Hibernating
51051,0,12.0,Mobile Phone,1,18.0,Credit Card,Male,3.0,3,Laptop & Accessory,4,Married,5,0,21.0,1.0,1.0,0.0,152.95,0.0,1.0,5,1,2,8,Hibernating
51052,0,22.0,Mobile Phone,1,28.0,UPI,Female,3.0,3,Grocery,4,Married,4,0,16.0,,1.0,2.0,264.13,2.0,1.0,5,1,5,11,Hibernating
51053,0,23.0,Mobile Phone,1,23.0,Debit Card,Female,2.0,4,Fashion,5,Married,6,0,15.0,1.0,,11.0,232.69,11.0,2.0,1,2,5,8,At Risk
51054,0,0.0,Mobile Phone,3,8.0,Credit Card,Female,,3,Mobile Phone,3,Single,2,0,19.0,0.0,2.0,2.0,127.83,2.0,2.0,5,2,1,8,Potential Loyalists
51055,0,7.0,Mobile Phone,1,9.0,Debit Card,Female,3.0,3,Laptop & Accessory,4,Married,2,0,12.0,7.0,7.0,9.0,154.33,9.0,7.0,1,5,3,9,Loyal Customers
51056,0,,Mobile Phone,1,13.0,Debit Card,Male,3.0,3,Mobile Phone,4,Single,3,0,11.0,0.0,1.0,3.0,120.13,3.0,1.0,4,1,1,6,Hibernating
51057,0,22.0,Mobile Phone,1,12.0,Debit Card,Female,2.0,4,Grocery,3,Married,3,1,19.0,1.0,,12.0,239.66000000000005,12.0,2.0,1,2,5,8,At Risk
51058,0,9.0,Computer,1,6.0,Credit Card,Female,2.0,4,Laptop & Accessory,3,Married,1,0,15.0,1.0,1.0,2.0,143.74,2.0,1.0,5,1,2,8,Hibernating
51059,0,9.0,Mobile Phone,1,9.0,Debit Card,Male,3.0,1,Laptop & Accessory,5,Married,7,0,20.0,1.0,1.0,4.0,168.42,4.0,1.0,3,1,3,7,Hibernating
51060,0,27.0,Mobile Phone,1,28.0,Credit Card,Female,3.0,3,Grocery,3,Married,4,0,25.0,,4.0,7.0,274.26,7.0,4.0,2,4,5,11,Loyal Customers
51061,0,16.0,Mobile Phone,1,21.0,Debit Card,Male,3.0,4,Grocery,3,Married,2,0,24.0,,6.0,11.0,276.03,11.0,6.0,1,5,5,11,Loyal Customers
51062,1,0.0,Computer,3,18.0,UPI,Male,2.0,3,Laptop & Accessory,1,Single,4,1,24.0,3.0,6.0,7.0,145.81,7.0,6.0,2,5,2,9,At Risk
51063,0,11.0,Computer,1,6.0,Debit Card,Male,2.0,3,Laptop & Accessory,1,Married,8,0,15.0,2.0,2.0,9.0,147.35,9.0,2.0,1,2,2,5,Hibernating
51064,0,2.0,Mobile Phone,3,11.0,Credit Card,Male,2.0,4,Laptop & Accessory,4,Married,2,1,13.0,0.0,1.0,9.0,141.87,9.0,1.0,1,1,2,4,Hibernating
51065,0,6.0,Mobile Phone,3,8.0,Credit Card,Male,3.0,3,Laptop & Accessory,1,Married,2,0,14.0,1.0,1.0,4.0,155.05,4.0,1.0,3,1,3,7,Hibernating
51066,0,5.0,Mobile Phone,1,8.0,Credit Card,Male,2.0,3,Laptop & Accessory,4,Married,1,0,13.0,0.0,1.0,6.0,154.7,6.0,1.0,2,1,3,6,At Risk
51067,0,4.0,Mobile Phone,3,11.0,Debit Card,Female,3.0,3,Laptop & Accessory,1,Married,2,0,11.0,0.0,1.0,2.0,154.76,2.0,1.0,5,1,3,9,Hibernating
51068,0,22.0,Mobile Phone,1,,Credit Card,Female,3.0,3,Mobile Phone,5,Married,5,1,16.0,1.0,2.0,2.0,125.87,2.0,2.0,5,2,1,8,Potential Loyalists
51069,0,11.0,Computer,1,,Credit Card,Female,2.0,4,Mobile Phone,4,Single,2,0,22.0,1.0,3.0,3.0,124.4,3.0,3.0,4,4,1,9,Potential Loyalists
51070,0,20.0,Mobile Phone,3,8.0,Debit Card,Female,2.0,1,Grocery,4,Married,7,0,14.0,0.0,,2.0,259.72,2.0,2.0,5,2,5,12,Potential Loyalists
51071,0,22.0,Mobile Phone,1,6.0,Debit Card,Male,2.0,3,Grocery,3,Single,5,0,14.0,1.0,,0.0,253.79,0.0,2.0,5,2,5,12,Potential Loyalists
51072,0,14.0,Mobile Phone,3,29.0,Debit Card,Male,3.0,3,Fashion,3,Single,4,1,16.0,0.0,1.0,2.0,170.82,2.0,1.0,5,1,3,9,Hibernating
51073,0,0.0,Mobile Phone,3,15.0,Debit Card,Male,,3,Mobile Phone,5,Single,2,0,11.0,0.0,1.0,2.0,127.28,2.0,1.0,5,1,1,7,Hibernating
51074,0,6.0,Computer,3,22.0,Debit Card,Female,2.0,3,Laptop & Accessory,1,Married,2,1,25.0,0.0,1.0,2.0,153.68,2.0,1.0,5,1,3,9,Hibernating
51075,0,9.0,Mobile Phone,1,32.0,Debit Card,Male,3.0,3,Laptop & Accessory,3,Married,7,0,14.0,1.0,1.0,2.0,153.47,2.0,1.0,5,1,2,8,Hibernating
51076,0,17.0,Mobile Phone,2,6.0,Debit Card,Female,2.0,3,Mobile Phone,1,Married,5,1,18.0,2.0,2.0,2.0,131.95,2.0,2.0,5,2,1,8,Potential Loyalists
51077,1,0.0,Mobile Phone,1,14.0,Credit Card,Male,3.0,4,Mobile Phone,3,Single,2,1,11.0,1.0,1.0,2.0,139.89,2.0,1.0,5,1,1,7,Hibernating
51078,0,11.0,Mobile Phone,1,10.0,Credit Card,Female,2.0,3,Mobile Phone,3,Married,8,0,19.0,0.0,1.0,0.0,133.06,0.0,1.0,5,1,1,7,Hibernating
51079,0,26.0,Mobile Phone,1,30.0,Credit Card,Male,2.0,1,Fashion,1,Married,4,0,15.0,0.0,1.0,2.0,170.05,2.0,1.0,5,1,3,9,Hibernating
51080,1,11.0,Computer,3,,Credit Card,Female,3.0,3,Mobile Phone,3,Married,3,1,11.0,4.0,7.0,7.0,126.55,7.0,7.0,2,5,1,8,At Risk
51081,1,,Mobile Phone,1,8.0,Debit Card,Male,3.0,3,Mobile Phone,4,Single,2,0,12.0,1.0,1.0,0.0,113.93,0.0,1.0,5,1,1,7,Hibernating
51082,0,0.0,Computer,1,,Credit Card,Male,3.0,3,Mobile Phone,1,Single,2,0,20.0,5.0,5.0,7.0,125.7,7.0,5.0,2,5,1,8,At Risk
51083,0,28.0,Mobile Phone,1,28.0,Cash on Delivery,Male,3.0,4,Mobile Phone,4,Married,6,0,12.0,1.0,1.0,2.0,135.37,2.0,1.0,5,1,1,7,Hibernating
51084,0,7.0,Mobile Phone,1,11.0,Credit Card,Male,2.0,4,Laptop & Accessory,1,Married,2,0,14.0,4.0,4.0,13.0,139.86,13.0,4.0,1,4,1,6,At Risk
51085,0,30.0,Mobile Phone,1,6.0,Credit Card,Male,3.0,5,Fashion,1,Married,4,0,20.0,0.0,1.0,0.0,208.83,0.0,1.0,5,1,5,11,Hibernating
51086,0,,Mobile Phone,1,27.0,Credit Card,Male,3.0,1,Mobile Phone,4,Married,2,0,18.0,2.0,2.0,13.0,120.28,13.0,2.0,1,2,1,4,Hibernating
51087,0,10.0,Computer,3,6.0,Credit Card,Male,2.0,5,Laptop & Accessory,1,Married,2,0,14.0,0.0,1.0,3.0,195.25,3.0,1.0,4,1,4,9,Hibernating
51088,0,7.0,Mobile Phone,1,25.0,Debit Card,Female,,4,Mobile Phone,1,Married,2,0,12.0,3.0,8.0,7.0,129.29,7.0,8.0,2,5,1,8,At Risk
51089,1,,Mobile Phone,3,13.0,Debit Card,Male,2.0,3,Mobile Phone,1,Married,2,1,21.0,1.0,1.0,2.0,122.75,2.0,1.0,5,1,1,7,Hibernating
51090,0,17.0,Mobile Phone,1,8.0,Debit Card,Female,3.0,1,Fashion,1,Married,2,1,19.0,6.0,6.0,7.0,178.79,7.0,6.0,2,5,4,11,Loyal Customers
51091,0,8.0,Computer,1,8.0,Credit Card,Male,3.0,4,Mobile Phone,1,Single,1,1,14.0,1.0,1.0,4.0,149.3,4.0,1.0,3,1,2,6,Hibernating
51092,0,16.0,Mobile Phone,3,8.0,Credit Card,Male,3.0,3,Laptop & Accessory,1,Married,2,1,17.0,0.0,8.0,8.0,178.47,8.0,8.0,2,5,4,11,Loyal Customers
51093,0,0.0,Mobile Phone,1,15.0,Credit Card,Male,3.0,1,Mobile Phone,3,Married,2,0,16.0,0.0,1.0,4.0,144.01,4.0,1.0,3,1,2,6,Hibernating
51094,0,14.0,Mobile Phone,3,12.0,E wallet,Male,2.0,3,Fashion,3,Single,2,0,12.0,6.0,8.0,7.0,192.41,7.0,8.0,2,5,4,11,Loyal Customers
51095,0,2.0,Mobile Phone,1,15.0,Credit Card,Female,,3,Mobile Phone,3,Married,10,0,17.0,1.0,1.0,2.0,129.74,2.0,1.0,5,1,1,7,Hibernating
51096,0,9.0,Mobile Phone,3,8.0,Debit Card,Female,2.0,3,Laptop & Accessory,1,Single,4,0,15.0,3.0,6.0,7.0,145.02,7.0,6.0,2,5,2,9,At Risk
51097,0,18.0,Computer,1,6.0,Debit Card,Male,3.0,4,Fashion,3,Married,4,0,23.0,3.0,14.0,4.0,207.48,4.0,14.0,3,5,4,12,Loyal Customers
51098,1,,Mobile Phone,2,28.0,UPI,Male,2.0,5,Mobile Phone,3,Married,2,0,11.0,0.0,1.0,0.0,115.55,0.0,1.0,5,1,1,7,Hibernating
51099,1,10.0,Computer,3,15.0,Debit Card,Male,2.0,5,Grocery,3,Married,8,0,11.0,1.0,14.0,,229.36,3.0,14.0,4,5,5,14,Champions
51100,0,,Mobile Phone,1,23.0,Credit Card,Male,3.0,5,Mobile Phone,3,Married,2,0,15.0,0.0,1.0,2.0,123.05,2.0,1.0,5,1,1,7,Hibernating
51101,0,18.0,Mobile Phone,1,34.0,Cash on Delivery,Female,2.0,4,Grocery,4,Single,2,0,11.0,,8.0,6.0,267.04,6.0,8.0,2,5,5,12,Loyal Customers
51102,0,5.0,Computer,1,16.0,Debit Card,Male,2.0,3,Mobile Phone,3,Married,7,0,13.0,0.0,1.0,3.0,134.33,3.0,1.0,4,1,1,6,Hibernating
51103,0,4.0,Mobile Phone,1,8.0,Debit Card,Male,3.0,3,Mobile Phone,3,Married,2,0,14.0,0.0,1.0,3.0,134.77,3.0,1.0,4,1,1,6,Hibernating
51104,0,14.0,Computer,2,10.0,UPI,Male,2.0,5,Laptop & Accessory,4,Married,7,0,19.0,0.0,1.0,2.0,164.3,2.0,1.0,5,1,3,9,Hibernating
51105,0,13.0,Mobile Phone,1,14.0,Debit Card,Female,3.0,3,Laptop & Accessory,5,Married,3,1,16.0,0.0,1.0,0.0,165.16,0.0,1.0,5,1,3,9,Hibernating
51106,0,0.0,Mobile Phone,1,35.0,Credit Card,Male,3.0,3,Mobile Phone,5,Married,2,0,13.0,1.0,1.0,2.0,139.07,2.0,1.0,5,1,1,7,Hibernating
51107,0,19.0,Mobile Phone,1,19.0,Debit Card,Male,2.0,3,Laptop & Accessory,4,Single,7,0,14.0,1.0,1.0,9.0,155.62,9.0,1.0,1,1,3,5,At Risk
51108,0,8.0,Mobile Phone,1,33.0,Debit Card,Male,2.0,3,Laptop & Accessory,3,Married,3,0,16.0,0.0,1.0,7.0,168.83,7.0,1.0,2,1,3,6,At Risk
51109,0,3.0,Mobile Phone,1,22.0,Debit Card,Male,,3,Mobile Phone,1,Married,2,0,12.0,0.0,1.0,8.0,128.62,8.0,1.0,2,1,1,4,Hibernating
51110,0,20.0,Computer,3,8.0,E wallet,Male,2.0,3,Laptop & Accessory,4,Married,8,0,11.0,0.0,1.0,0.0,149.78,0.0,1.0,5,1,2,8,Hibernating
51111,0,19.0,Mobile Phone,3,8.0,Debit Card,Male,3.0,3,Fashion,1,Married,5,1,12.0,0.0,1.0,3.0,203.68,3.0,1.0,4,1,4,9,Hibernating
51112,1,0.0,Mobile Phone,3,19.0,E wallet,Male,3.0,4,Laptop & Accessory,5,Married,6,1,13.0,2.0,2.0,2.0,161.34,2.0,2.0,5,2,3,10,Potential Loyalists
51113,1,0.0,Mobile Phone,3,6.0,Debit Card,Male,2.0,5,Laptop & Accessory,4,Single,7,0,15.0,0.0,1.0,0.0,167.35,0.0,1.0,5,1,3,9,Hibernating
51114,0,0.0,Mobile Phone,1,10.0,Credit Card,Female,2.0,3,Mobile Phone,4,Single,2,0,13.0,1.0,1.0,2.0,132.95,2.0,1.0,5,1,1,7,Hibernating
51115,0,4.0,Computer,1,30.0,Cash on Delivery,Female,1.0,3,Laptop & Accessory,1,Single,3,0,20.0,1.0,1.0,4.0,152.38,4.0,1.0,3,1,2,6,Hibernating
51116,0,12.0,Computer,1,6.0,Debit Card,Male,3.0,3,Laptop & Accessory,1,Married,2,1,15.0,3.0,5.0,8.0,164.72,8.0,5.0,2,5,3,10,Loyal Customers
51117,0,5.0,Mobile Phone,3,25.0,Debit Card,Male,3.0,5,Fashion,3,Married,4,0,13.0,1.0,1.0,2.0,196.1,2.0,1.0,5,1,4,10,Hibernating
51118,0,13.0,Mobile Phone,3,13.0,Credit Card,Male,2.0,3,Others,4,Single,2,0,,1.0,12.0,8.0,298.33,8.0,12.0,2,5,5,12,Loyal Customers
51119,0,18.0,Mobile Phone,2,10.0,Debit Card,Female,2.0,5,Fashion,3,Married,5,0,21.0,1.0,1.0,3.0,197.56,3.0,1.0,4,1,4,9,Hibernating
51120,0,3.0,Computer,1,8.0,Cash on Delivery,Female,3.0,4,Mobile Phone,5,Single,1,0,16.0,0.0,1.0,7.0,149.68,7.0,1.0,2,1,2,5,Hibernating
51121,0,,Computer,2,16.0,Credit Card,Male,2.0,3,Mobile Phone,1,Married,1,0,14.0,1.0,2.0,1.0,121.45,1.0,2.0,5,2,1,8,Potential Loyalists
51122,1,,Computer,2,14.0,UPI,Female,3.0,4,Mobile Phone,1,Married,7,0,11.0,1.0,1.0,2.0,121.8,2.0,1.0,5,1,1,7,Hibernating
51123,0,4.0,Mobile Phone,3,11.0,Cash on Delivery,Male,2.0,3,Laptop & Accessory,3,Married,2,0,19.0,0.0,1.0,2.0,183.46,2.0,1.0,5,1,4,10,Hibernating
51124,0,0.0,Mobile Phone,1,14.0,Credit Card,Female,3.0,3,Mobile Phone,1,Single,2,0,11.0,1.0,1.0,4.0,134.45,4.0,1.0,3,1,1,5,Hibernating
51125,1,0.0,Mobile Phone,3,15.0,E wallet,Female,,5,Mobile Phone,4,Single,2,0,13.0,1.0,2.0,2.0,127.6,2.0,2.0,5,2,1,8,Potential Loyalists
51126,0,2.0,Computer,1,6.0,Debit Card,Male,3.0,1,Laptop & Accessory,3,Single,9,1,12.0,0.0,1.0,2.0,162.94,2.0,1.0,5,1,3,9,Hibernating
51127,0,3.0,Mobile Phone,3,21.0,E wallet,Male,3.0,4,Fashion,5,Married,3,0,11.0,0.0,1.0,7.0,171.4,7.0,1.0,2,1,3,6,At Risk
51128,0,7.0,Mobile Phone,1,8.0,Credit Card,Male,,1,Mobile Phone,1,Married,1,1,14.0,0.0,1.0,2.0,129.32,2.0,1.0,5,1,1,7,Hibernating
51129,0,6.0,Computer,3,8.0,E wallet,Female,3.0,3,Laptop & Accessory,4,Single,9,0,15.0,0.0,1.0,7.0,151.47,7.0,1.0,2,1,2,5,Hibernating
51130,0,22.0,Mobile Phone,3,17.0,E wallet,Female,3.0,3,Laptop & Accessory,1,Single,4,0,12.0,0.0,1.0,4.0,145.07,4.0,1.0,3,1,2,6,Hibernating
51131,1,0.0,Mobile Phone,3,22.0,Debit Card,Female,3.0,3,Fashion,5,Single,3,1,20.0,0.0,1.0,0.0,185.64,0.0,1.0,5,1,4,10,Hibernating
51132,0,11.0,Computer,1,,Credit Card,Female,3.0,4,Mobile Phone,4,Married,5,0,14.0,0.0,1.0,5.0,124.68,5.0,1.0,2,1,1,4,Hibernating
51133,1,0.0,Mobile Phone,3,22.0,E wallet,Male,3.0,3,Fashion,3,Married,3,0,13.0,1.0,1.0,0.0,181.61,0.0,1.0,5,1,4,10,Hibernating
51134,0,,Mobile Phone,1,10.0,Cash on Delivery,Female,3.0,4,Mobile Phone,5,Married,2,0,13.0,0.0,1.0,0.0,121.09,0.0,1.0,5,1,1,7,Hibernating
51135,0,0.0,Mobile Phone,1,22.0,Debit Card,Male,2.0,1,Laptop & Accessory,3,Married,4,0,16.0,1.0,1.0,7.0,152.94,7.0,1.0,2,1,2,5,Hibernating
51136,0,5.0,Computer,1,11.0,Cash on Delivery,Male,,3,Mobile Phone,4,Single,3,0,14.0,1.0,1.0,7.0,127.18,7.0,1.0,2,1,1,4,Hibernating
51137,0,11.0,Mobile Phone,1,24.0,Credit Card,Male,2.0,5,Laptop & Accessory,1,Married,4,1,16.0,0.0,1.0,0.0,158.11,0.0,1.0,5,1,3,9,Hibernating
51138,1,6.0,Computer,1,,Cash on Delivery,Male,2.0,4,Mobile Phone,3,Married,10,1,16.0,1.0,1.0,0.0,124.37,0.0,1.0,5,1,1,7,Hibernating
51139,0,15.0,Mobile Phone,1,18.0,Credit Card,Male,,3,Mobile Phone,4,Married,9,0,22.0,1.0,1.0,4.0,127.66,4.0,1.0,3,1,1,5,Hibernating
51140,0,28.0,Mobile Phone,1,8.0,Credit Card,Male,2.0,4,Others,5,Married,9,0,12.0,,1.0,0.0,290.38,0.0,1.0,5,1,5,11,Hibernating
51141,0,6.0,Computer,1,10.0,Cash on Delivery,Male,,3,Laptop & Accessory,4,Married,6,0,15.0,0.0,1.0,7.0,130.55,7.0,1.0,2,1,1,4,Hibernating
51142,0,,Mobile Phone,1,15.0,Debit Card,Male,3.0,3,Mobile Phone,5,Married,2,0,20.0,1.0,1.0,4.0,122.89,4.0,1.0,3,1,1,5,Hibernating
51143,0,7.0,Computer,3,16.0,Debit Card,Male,2.0,3,Laptop & Accessory,3,Married,2,1,14.0,1.0,1.0,7.0,140.01,7.0,1.0,2,1,1,4,Hibernating
51144,0,26.0,Computer,1,6.0,Credit Card,Female,2.0,4,Grocery,3,Married,5,1,20.0,0.0,1.0,,229.65,3.0,1.0,4,1,5,10,Hibernating
51145,0,16.0,Mobile Phone,2,8.0,Debit Card,Male,3.0,3,Mobile Phone,1,Single,1,0,13.0,0.0,1.0,8.0,135.39,8.0,1.0,2,1,1,4,Hibernating
51146,0,7.0,Mobile Phone,3,9.0,Debit Card,Female,2.0,5,Laptop & Accessory,1,Single,6,0,12.0,1.0,2.0,2.0,160.29,2.0,2.0,5,2,3,10,Potential Loyalists
51147,1,0.0,Mobile Phone,3,13.0,E wallet,Male,,3,Mobile Phone,4,Single,2,0,13.0,1.0,1.0,0.0,126.79,0.0,1.0,5,1,1,7,Hibernating
51148,0,11.0,Mobile Phone,1,12.0,UPI,Female,2.0,4,Mobile Phone,3,Married,2,0,11.0,0.0,1.0,4.0,137.02,4.0,1.0,3,1,1,5,Hibernating
51149,1,0.0,Mobile Phone,1,,Credit Card,Female,3.0,3,Mobile Phone,5,Married,2,1,17.0,0.0,1.0,0.0,123.98,0.0,1.0,5,1,1,7,Hibernating
51150,0,4.0,Mobile Phone,3,35.0,E wallet,Female,3.0,4,Laptop & Accessory,1,Married,2,0,14.0,2.0,5.0,7.0,154.68,7.0,5.0,2,5,3,10,Loyal Customers
51151,0,24.0,Mobile Phone,1,9.0,Cash on Delivery,Female,2.0,3,Fashion,3,Married,3,0,11.0,2.0,2.0,,231.16000000000005,3.0,2.0,4,2,5,11,Potential Loyalists
51152,0,10.0,Mobile Phone,3,15.0,E wallet,Male,2.0,4,Laptop & Accessory,4,Married,2,0,14.0,0.0,1.0,3.0,141.89,3.0,1.0,4,1,2,7,Hibernating
51153,0,19.0,Mobile Phone,1,8.0,Credit Card,Male,2.0,3,Others,1,Married,8,1,,1.0,2.0,2.0,293.28,2.0,2.0,5,2,5,12,Potential Loyalists
51154,0,9.0,Mobile Phone,1,16.0,Debit Card,Male,2.0,3,Fashion,5,Married,8,1,13.0,1.0,5.0,7.0,183.21,7.0,5.0,2,5,4,11,Loyal Customers
51155,1,7.0,Computer,1,,Credit Card,Male,2.0,3,Mobile Phone,4,Married,2,1,12.0,1.0,2.0,3.0,123.42,3.0,2.0,4,2,1,7,Potential Loyalists
51156,0,10.0,Mobile Phone,2,14.0,UPI,Male,2.0,3,Laptop & Accessory,4,Married,3,0,13.0,4.0,4.0,7.0,140.71,7.0,4.0,2,4,1,7,At Risk
51157,1,0.0,Mobile Phone,3,33.0,Debit Card,Male,2.0,3,Laptop & Accessory,1,Single,2,1,18.0,0.0,7.0,7.0,158.13,7.0,7.0,2,5,3,10,Loyal Customers
51158,0,6.0,Mobile Phone,1,14.0,Debit Card,Male,,1,Mobile Phone,5,Married,7,0,19.0,6.0,7.0,6.0,131.43,6.0,7.0,2,5,1,8,At Risk
51159,0,,Mobile Phone,1,6.0,Debit Card,Male,2.0,3,Mobile Phone,1,Married,2,0,11.0,0.0,1.0,3.0,120.44,3.0,1.0,4,1,1,6,Hibernating
51160,0,12.0,Mobile Phone,1,16.0,Credit Card,Male,3.0,3,Fashion,3,Single,8,0,21.0,2.0,,2.0,234.64,2.0,2.0,5,2,5,12,Potential Loyalists
51161,0,19.0,Computer,3,32.0,Debit Card,Male,3.0,4,Laptop & Accessory,4,Single,9,0,15.0,2.0,2.0,2.0,179.91,2.0,2.0,5,2,4,11,Potential Loyalists
51162,0,13.0,Mobile Phone,1,8.0,Debit Card,Female,2.0,3,Mobile Phone,5,Married,5,0,17.0,1.0,1.0,2.0,133.77,2.0,1.0,5,1,1,7,Hibernating
51163,0,15.0,Mobile Phone,1,19.0,Credit Card,Male,3.0,1,Laptop & Accessory,5,Married,6,0,18.0,1.0,1.0,0.0,155.38,0.0,1.0,5,1,3,9,Hibernating
51164,0,8.0,Computer,1,8.0,Credit Card,Male,2.0,3,Laptop & Accessory,1,Married,3,0,14.0,0.0,1.0,7.0,157.62,7.0,1.0,2,1,3,6,At Risk
51165,0,11.0,Computer,2,,UPI,Male,3.0,3,Mobile Phone,4,Married,6,0,13.0,3.0,3.0,8.0,125.92,8.0,3.0,2,4,1,7,At Risk
51166,1,0.0,Computer,1,15.0,Debit Card,Male,3.0,3,Laptop & Accessory,5,Married,5,0,17.0,0.0,1.0,7.0,153.46,7.0,1.0,2,1,2,5,Hibernating
51167,1,0.0,Mobile Phone,1,16.0,Credit Card,Male,2.0,3,Laptop & Accessory,5,Single,2,0,15.0,0.0,1.0,8.0,142.13,8.0,1.0,2,1,2,5,Hibernating
51168,0,12.0,Computer,3,26.0,Debit Card,Male,2.0,3,Laptop & Accessory,1,Married,3,0,18.0,1.0,2.0,2.0,141.27,2.0,2.0,5,2,2,9,Potential Loyalists
51169,0,16.0,Computer,1,,Debit Card,Male,2.0,3,Mobile Phone,3,Single,5,0,13.0,0.0,1.0,2.0,124.38,2.0,1.0,5,1,1,7,Hibernating
51170,0,14.0,Mobile Phone,1,11.0,Debit Card,Male,2.0,1,Laptop & Accessory,4,Single,4,0,12.0,1.0,1.0,2.0,168.7,2.0,1.0,5,1,3,9,Hibernating
51171,0,14.0,Mobile Phone,3,10.0,E wallet,Female,2.0,3,Fashion,3,Married,1,1,13.0,0.0,13.0,5.0,204.47,5.0,13.0,2,5,4,11,Loyal Customers
51172,0,3.0,Mobile Phone,1,16.0,Credit Card,Female,3.0,3,Fashion,3,Single,10,0,14.0,0.0,1.0,2.0,196.67,2.0,1.0,5,1,4,10,Hibernating
51173,1,,Mobile Phone,2,26.0,Credit Card,Female,3.0,3,Mobile Phone,4,Married,1,1,11.0,0.0,1.0,4.0,121.48,4.0,1.0,3,1,1,5,Hibernating
51174,1,9.0,Mobile Phone,1,27.0,Credit Card,Female,3.0,3,Laptop & Accessory,4,Married,5,0,22.0,1.0,3.0,7.0,189.26,7.0,3.0,2,4,4,10,Loyal Customers
51175,0,13.0,Mobile Phone,1,6.0,Debit Card,Female,2.0,3,Laptop & Accessory,1,Married,5,0,17.0,0.0,1.0,3.0,165.13,3.0,1.0,4,1,3,8,Hibernating
51176,0,7.0,Mobile Phone,3,14.0,Cash on Delivery,Male,3.0,1,Laptop & Accessory,3,Married,2,0,21.0,0.0,4.0,8.0,167.99,8.0,4.0,2,4,3,9,Loyal Customers
51177,0,30.0,Computer,3,8.0,Credit Card,Male,2.0,3,Grocery,4,Married,5,0,22.0,10.0,14.0,14.0,0.0,14.0,14.0,1,5,1,7,At Risk
51178,0,8.0,Mobile Phone,1,29.0,Credit Card,Male,,5,Mobile Phone,3,Married,1,0,16.0,1.0,1.0,3.0,127.05,3.0,1.0,4,1,1,6,Hibernating
51179,0,20.0,Mobile Phone,1,10.0,Debit Card,Female,3.0,4,Fashion,4,Married,9,1,12.0,2.0,14.0,10.0,203.33,10.0,14.0,1,5,4,10,Loyal Customers
51180,0,13.0,Mobile Phone,1,18.0,Debit Card,Female,2.0,3,Laptop & Accessory,5,Married,3,0,12.0,7.0,7.0,7.0,144.48,7.0,7.0,2,5,2,9,At Risk
51181,0,27.0,Mobile Phone,1,13.0,Credit Card,Female,3.0,3,Laptop & Accessory,1,Married,5,0,15.0,1.0,1.0,7.0,168.54,7.0,1.0,2,1,3,6,At Risk
51182,0,4.0,Computer,3,13.0,E wallet,Female,3.0,3,Fashion,5,Married,3,0,14.0,2.0,2.0,2.0,196.37,2.0,2.0,5,2,4,11,Potential Loyalists
51183,0,1.0,Mobile Phone,1,6.0,Credit Card,Female,3.0,3,Mobile Phone,5,Married,2,0,25.0,1.0,1.0,2.0,135.91,2.0,1.0,5,1,1,7,Hibernating
51184,0,11.0,Mobile Phone,3,8.0,E wallet,Female,3.0,5,Laptop & Accessory,1,Married,3,1,20.0,0.0,1.0,3.0,154.05,3.0,1.0,4,1,3,8,Hibernating
51185,0,0.0,Mobile Phone,3,16.0,Credit Card,Male,2.0,3,Laptop & Accessory,1,Single,2,0,13.0,0.0,1.0,2.0,146.84,2.0,1.0,5,1,2,8,Hibernating
51186,0,30.0,Computer,1,21.0,Debit Card,Male,2.0,3,Grocery,3,Married,3,1,14.0,1.0,,2.0,257.87,2.0,2.0,5,2,5,12,Potential Loyalists
51187,0,,Computer,1,20.0,Credit Card,Female,2.0,3,Mobile Phone,3,Single,2,0,16.0,1.0,1.0,0.0,115.14,0.0,1.0,5,1,1,7,Hibernating
51188,1,0.0,Mobile Phone,2,24.0,UPI,Male,,1,Mobile Phone,5,Married,1,0,17.0,1.0,1.0,0.0,129.56,0.0,1.0,5,1,1,7,Hibernating
51189,1,0.0,Mobile Phone,2,,UPI,Male,2.0,4,Mobile Phone,5,Married,5,1,15.0,1.0,2.0,0.0,123.35,0.0,2.0,5,2,1,8,Potential Loyalists
51190,0,18.0,Computer,3,8.0,Debit Card,Female,3.0,3,Laptop & Accessory,3,Married,5,0,22.0,3.0,5.0,7.0,151.54,7.0,5.0,2,5,2,9,At Risk
51191,0,9.0,Mobile Phone,1,8.0,UPI,Female,3.0,3,Laptop & Accessory,4,Married,5,1,22.0,0.0,1.0,0.0,169.62,0.0,1.0,5,1,3,9,Hibernating
51192,0,16.0,Computer,3,8.0,Debit Card,Male,3.0,3,Laptop & Accessory,1,Married,2,0,20.0,5.0,7.0,7.0,156.75,7.0,7.0,2,5,3,10,Loyal Customers
51193,0,0.0,Computer,1,,Debit Card,Female,2.0,3,Mobile Phone,1,Single,1,1,14.0,1.0,1.0,2.0,123.79,2.0,1.0,5,1,1,7,Hibernating
51194,0,2.0,Computer,1,26.0,Credit Card,Male,2.0,3,Mobile Phone,1,Married,2,0,13.0,1.0,3.0,10.0,138.12,10.0,3.0,1,4,1,6,At Risk
51195,0,5.0,Computer,3,16.0,E wallet,Male,3.0,3,Laptop & Accessory,1,Single,9,0,13.0,1.0,1.0,0.0,146.48,0.0,1.0,5,1,2,8,Hibernating
51196,0,15.0,Computer,1,16.0,Cash on Delivery,Male,,3,Mobile Phone,3,Married,4,0,22.0,1.0,3.0,3.0,129.36,3.0,3.0,4,4,1,9,Potential Loyalists
51197,0,,Mobile Phone,1,15.0,Debit Card,Female,3.0,3,Mobile Phone,3,Single,5,0,12.0,1.0,2.0,0.0,121.05,0.0,2.0,5,2,1,8,Potential Loyalists
51198,0,19.0,Mobile Phone,1,8.0,Debit Card,Male,2.0,3,Fashion,1,Married,4,0,14.0,1.0,4.0,7.0,185.78,7.0,4.0,2,4,4,10,Loyal Customers
51199,0,1.0,Computer,2,6.0,Debit Card,Male,,3,Mobile Phone,1,Married,2,0,15.0,0.0,2.0,2.0,127.06,2.0,2.0,5,2,1,8,Potential Loyalists
51200,0,2.0,Mobile Phone,1,35.0,Debit Card,Male,3.0,5,Laptop & Accessory,3,Married,9,0,17.0,1.0,1.0,6.0,163.84,6.0,1.0,2,1,3,6,At Risk
51201,0,15.0,Mobile Phone,1,14.0,Debit Card,Male,2.0,3,Mobile Phone,3,Single,5,0,13.0,1.0,1.0,0.0,139.68,0.0,1.0,5,1,1,7,Hibernating
51202,1,0.0,Mobile Phone,3,8.0,E wallet,Male,2.0,4,Laptop & Accessory,4,Single,8,1,12.0,2.0,2.0,2.0,199.07,2.0,2.0,5,2,4,11,Potential Loyalists
51203,0,19.0,Mobile Phone,3,9.0,Cash on Delivery,Female,2.0,1,Grocery,5,Married,3,0,12.0,1.0,,8.0,232.25,8.0,2.0,2,2,5,9,At Risk
51204,0,0.0,Mobile Phone,3,29.0,Credit Card,Female,2.0,4,Laptop & Accessory,3,Married,2,0,21.0,4.0,5.0,8.0,135.4,8.0,5.0,2,5,1,8,At Risk
51205,0,2.0,Mobile Phone,2,12.0,Credit Card,Male,,4,Mobile Phone,4,Married,2,0,11.0,1.0,1.0,0.0,128.04,0.0,1.0,5,1,1,7,Hibernating
51206,0,16.0,Mobile Phone,1,12.0,Credit Card,Female,2.0,4,Others,3,Married,8,0,,3.0,6.0,14.0,293.92,14.0,6.0,1,5,5,11,Loyal Customers
51207,0,21.0,Mobile Phone,1,16.0,Debit Card,Male,3.0,4,Others,4,Married,5,0,,3.0,12.0,9.0,296.65,9.0,12.0,1,5,5,11,Loyal Customers
51208,1,0.0,Computer,1,,Debit Card,Male,3.0,4,Mobile Phone,1,Single,2,1,24.0,1.0,1.0,0.0,124.39,0.0,1.0,5,1,1,7,Hibernating
51209,1,9.0,Mobile Phone,3,16.0,Debit Card,Female,3.0,3,Fashion,4,Married,6,0,21.0,0.0,1.0,7.0,173.14,7.0,1.0,2,1,4,7,At Risk
51210,0,0.0,Computer,1,21.0,Debit Card,Female,3.0,4,Mobile Phone,5,Married,1,0,19.0,7.0,7.0,3.0,147.74,3.0,7.0,4,5,2,11,Potential Loyalists
51211,0,12.0,Mobile Phone,1,25.0,UPI,Male,2.0,3,Laptop & Accessory,1,Married,9,0,14.0,1.0,2.0,2.0,139.02,2.0,2.0,5,2,1,8,Potential Loyalists
51212,0,28.0,Mobile Phone,1,8.0,Cash on Delivery,Male,,4,Mobile Phone,1,Married,9,0,20.0,0.0,1.0,4.0,126.62,4.0,1.0,3,1,1,5,Hibernating
51213,0,1.0,Mobile Phone,3,9.0,Credit Card,Female,,3,Mobile Phone,4,Married,2,0,19.0,1.0,1.0,0.0,128.56,0.0,1.0,5,1,1,7,Hibernating
51214,1,0.0,Mobile Phone,3,15.0,Credit Card,Male,2.0,3,Mobile Phone,1,Single,2,0,13.0,0.0,1.0,0.0,110.81,0.0,1.0,5,1,1,7,Hibernating
51215,1,0.0,Mobile Phone,1,,Debit Card,Male,3.0,3,Mobile Phone,4,Single,2,1,23.0,1.0,1.0,0.0,124.72,0.0,1.0,5,1,1,7,Hibernating
51216,0,9.0,Mobile Phone,3,16.0,Cash on Delivery,Female,3.0,4,Laptop & Accessory,3,Married,2,1,13.0,1.0,1.0,7.0,156.73,7.0,1.0,2,1,3,6,At Risk
51217,0,4.0,Mobile Phone,1,26.0,Debit Card,Male,2.0,3,Laptop & Accessory,3,Married,2,0,11.0,0.0,1.0,2.0,141.97,2.0,1.0,5,1,2,8,Hibernating
51218,0,7.0,Mobile Phone,3,10.0,Debit Card,Male,3.0,3,Fashion,1,Married,3,1,13.0,0.0,1.0,0.0,197.13,0.0,1.0,5,1,4,10,Hibernating
51219,0,,Mobile Phone,1,13.0,Debit Card,Male,2.0,3,Mobile Phone,5,Single,4,0,14.0,0.0,1.0,2.0,120.62,2.0,1.0,5,1,1,7,Hibernating
51220,0,10.0,Mobile Phone,1,13.0,Credit Card,Male,3.0,3,Laptop & Accessory,5,Married,6,1,22.0,0.0,1.0,4.0,142.84,4.0,1.0,3,1,2,6,Hibernating
51221,0,8.0,Mobile Phone,1,22.0,UPI,Female,2.0,4,Laptop & Accessory,4,Married,1,1,11.0,1.0,1.0,2.0,147.88,2.0,1.0,5,1,2,8,Hibernating
51222,0,18.0,Mobile Phone,1,31.0,Debit Card,Female,3.0,4,Laptop & Accessory,1,Married,1,0,13.0,0.0,3.0,8.0,159.06,8.0,3.0,2,4,3,9,Loyal Customers
51223,0,9.0,Computer,2,8.0,UPI,Male,3.0,4,Laptop & Accessory,1,Single,2,0,21.0,1.0,1.0,8.0,138.86,8.0,1.0,2,1,1,4,Hibernating
51224,0,13.0,Mobile Phone,1,6.0,Debit Card,Male,3.0,3,Grocery,5,Married,3,0,11.0,,11.0,16.0,268.23,16.0,11.0,1,5,5,11,Loyal Customers
51225,0,0.0,Mobile Phone,1,6.0,Debit Card,Female,,4,Mobile Phone,3,Married,2,1,13.0,0.0,1.0,0.0,129.33,0.0,1.0,5,1,1,7,Hibernating
51226,0,0.0,Mobile Phone,3,8.0,Credit Card,Female,2.0,1,Laptop & Accessory,3,Single,1,0,14.0,0.0,1.0,7.0,165.0,7.0,1.0,2,1,3,6,At Risk
51227,0,21.0,Computer,1,28.0,Credit Card,Female,2.0,3,Grocery,1,Married,4,0,11.0,,4.0,7.0,271.74,7.0,4.0,2,4,5,11,Loyal Customers
51228,0,17.0,Mobile Phone,1,6.0,Debit Card,Male,3.0,1,Laptop & Accessory,5,Married,3,0,15.0,2.0,2.0,2.0,150.33,2.0,2.0,5,2,2,9,Potential Loyalists
51229,1,,Computer,1,22.0,Cash on Delivery,Male,2.0,5,Mobile Phone,5,Married,2,1,23.0,3.0,3.0,0.0,123.07,0.0,3.0,5,4,1,10,Potential Loyalists
51230,1,19.0,Mobile Phone,1,,Debit Card,Male,3.0,3,Mobile Phone,1,Single,2,0,16.0,0.0,1.0,0.0,125.87,0.0,1.0,5,1,1,7,Hibernating
51231,0,9.0,Mobile Phone,3,23.0,E wallet,Male,2.0,4,Laptop & Accessory,4,Married,3,0,16.0,1.0,1.0,3.0,155.07,3.0,1.0,4,1,3,8,Hibernating
51232,0,14.0,Mobile Phone,3,14.0,E wallet,Female,2.0,3,Laptop & Accessory,4,Married,6,0,21.0,1.0,1.0,4.0,143.93,4.0,1.0,3,1,2,6,Hibernating
51233,0,15.0,Mobile Phone,1,12.0,Credit Card,Male,2.0,3,Fashion,5,Married,10,0,13.0,3.0,,7.0,233.48,7.0,2.0,2,2,5,9,At Risk
51234,0,4.0,Mobile Phone,3,16.0,Credit Card,Female,2.0,3,Laptop & Accessory,1,Married,3,1,11.0,0.0,1.0,4.0,165.83,4.0,1.0,3,1,3,7,Hibernating
51235,0,7.0,Mobile Phone,3,9.0,Credit Card,Female,3.0,4,Laptop & Accessory,1,Married,4,1,12.0,0.0,1.0,1.0,181.03,1.0,1.0,5,1,4,10,Hibernating
51236,0,4.0,Mobile Phone,1,10.0,Credit Card,Female,3.0,1,Mobile Phone,3,Married,9,0,12.0,2.0,2.0,2.0,139.78,2.0,2.0,5,2,1,8,Potential Loyalists
51237,0,0.0,Computer,1,,UPI,Male,3.0,1,Mobile Phone,1,Married,1,0,18.0,2.0,7.0,7.0,125.44,7.0,7.0,2,5,1,8,At Risk
51238,0,18.0,Computer,1,6.0,Credit Card,Male,2.0,3,Laptop & Accessory,3,Single,5,0,12.0,1.0,1.0,3.0,153.99,3.0,1.0,4,1,3,8,Hibernating
51239,0,6.0,Mobile Phone,3,16.0,E wallet,Male,2.0,3,Laptop & Accessory,3,Single,2,0,14.0,0.0,1.0,9.0,154.87,9.0,1.0,1,1,3,5,At Risk
51240,0,1.0,Computer,3,6.0,Debit Card,Male,2.0,4,Laptop & Accessory,1,Married,2,1,12.0,0.0,1.0,7.0,168.34,7.0,1.0,2,1,3,6,At Risk
51241,1,0.0,Computer,3,30.0,Cash on Delivery,Male,2.0,1,Mobile Phone,5,Single,2,0,17.0,1.0,1.0,0.0,110.91,0.0,1.0,5,1,1,7,Hibernating
51242,0,12.0,Computer,3,27.0,Debit Card,Female,2.0,5,Laptop & Accessory,3,Married,7,0,19.0,0.0,1.0,2.0,157.36,2.0,1.0,5,1,3,9,Hibernating
51243,0,,Mobile Phone,1,8.0,Cash on Delivery,Male,2.0,3,Mobile Phone,4,Married,2,0,11.0,1.0,1.0,2.0,122.26,2.0,1.0,5,1,1,7,Hibernating
51244,0,7.0,Computer,1,28.0,UPI,Male,2.0,4,Laptop & Accessory,1,Married,2,1,15.0,3.0,6.0,11.0,157.47,11.0,6.0,1,5,3,9,Loyal Customers
51245,1,0.0,Mobile Phone,3,19.0,E wallet,Female,2.0,3,Laptop & Accessory,3,Single,4,1,11.0,2.0,2.0,2.0,198.54,2.0,2.0,5,2,4,11,Potential Loyalists
51246,0,20.0,Computer,1,20.0,Cash on Delivery,Male,3.0,3,Laptop & Accessory,4,Married,9,0,18.0,0.0,1.0,7.0,154.67,7.0,1.0,2,1,3,6,At Risk
51247,0,29.0,Mobile Phone,3,17.0,E wallet,Female,2.0,4,Laptop & Accessory,5,Married,5,0,16.0,0.0,1.0,0.0,153.8,0.0,1.0,5,1,3,9,Hibernating
51248,0,12.0,Mobile Phone,1,15.0,Credit Card,Male,2.0,3,Laptop & Accessory,5,Married,2,0,25.0,4.0,7.0,9.0,151.51,9.0,7.0,1,5,2,8,At Risk
51249,0,,Computer,1,14.0,Credit Card,Female,2.0,4,Laptop & Accessory,4,Married,2,1,16.0,1.0,1.0,7.0,121.33,7.0,1.0,2,1,1,4,Hibernating
51250,0,30.0,Mobile Phone,3,27.0,Debit Card,Female,3.0,3,Grocery,1,Married,5,1,13.0,,1.0,0.0,278.75,0.0,1.0,5,1,5,11,Hibernating
51251,1,0.0,Computer,1,,Debit Card,Female,2.0,1,Mobile Phone,3,Single,4,1,14.0,0.0,1.0,3.0,124.32,3.0,1.0,4,1,1,6,Hibernating
51252,0,11.0,Mobile Phone,1,15.0,Debit Card,Male,3.0,3,Mobile Phone,1,Married,3,0,19.0,1.0,1.0,3.0,147.71,3.0,1.0,4,1,2,7,Hibernating
51253,0,22.0,Computer,1,8.0,Debit Card,Male,2.0,3,Others,1,Married,4,0,15.0,,4.0,3.0,291.61,3.0,4.0,4,4,5,13,Champions
51254,0,15.0,Mobile Phone,3,18.0,E wallet,Male,3.0,3,Laptop & Accessory,1,Married,4,1,12.0,0.0,1.0,0.0,150.87,0.0,1.0,5,1,2,8,Hibernating
51255,1,0.0,Computer,2,28.0,UPI,Female,,4,Mobile Phone,4,Married,2,0,12.0,1.0,1.0,0.0,128.63,0.0,1.0,5,1,1,7,Hibernating
51256,0,8.0,Mobile Phone,3,24.0,Credit Card,Male,3.0,3,Laptop & Accessory,5,Married,1,0,16.0,0.0,1.0,4.0,0.0,4.0,1.0,3,1,1,5,Hibernating
51257,0,,Computer,1,22.0,Credit Card,Male,2.0,3,Mobile Phone,3,Single,2,0,14.0,0.0,1.0,4.0,121.44,4.0,1.0,3,1,1,5,Hibernating
51258,0,4.0,Computer,1,9.0,Credit Card,Male,,3,Mobile Phone,5,Married,2,1,13.0,0.0,2.0,3.0,130.65,3.0,2.0,4,2,1,7,Potential Loyalists
51259,0,9.0,Computer,1,15.0,Debit Card,Male,,1,Mobile Phone,4,Married,2,0,22.0,1.0,1.0,2.0,128.1,2.0,1.0,5,1,1,7,Hibernating
51260,0,7.0,Mobile Phone,3,6.0,E wallet,Male,2.0,3,Fashion,1,Single,2,0,21.0,1.0,2.0,1.0,198.88,1.0,2.0,5,2,4,11,Potential Loyalists
51261,0,7.0,Mobile Phone,3,19.0,Credit Card,Male,2.0,3,Fashion,3,Married,2,0,18.0,1.0,1.0,1.0,186.28,1.0,1.0,5,1,4,10,Hibernating
51262,0,0.0,Mobile Phone,1,6.0,Credit Card,Male,,3,Mobile Phone,5,Single,1,0,13.0,3.0,7.0,6.0,128.67,6.0,7.0,2,5,1,8,At Risk
51263,0,2.0,Mobile Phone,1,6.0,Debit Card,Male,2.0,3,Laptop & Accessory,5,Married,1,0,12.0,1.0,1.0,2.0,153.73,2.0,1.0,5,1,3,9,Hibernating
51264,0,5.0,Computer,1,21.0,Credit Card,Female,2.0,3,Laptop & Accessory,1,Married,6,0,18.0,0.0,1.0,2.0,166.67,2.0,1.0,5,1,3,9,Hibernating
51265,0,4.0,Computer,1,6.0,Debit Card,Male,2.0,5,Laptop & Accessory,5,Married,2,0,21.0,1.0,8.0,7.0,150.03,7.0,8.0,2,5,2,9,At Risk
51266,1,0.0,Mobile Phone,1,,Cash on Delivery,Male,2.0,4,Mobile Phone,1,Married,6,0,12.0,0.0,1.0,3.0,123.67,3.0,1.0,4,1,1,6,Hibernating
51267,0,11.0,Mobile Phone,3,6.0,Debit Card,Male,,4,Mobile Phone,5,Single,5,0,14.0,0.0,1.0,0.0,128.58,0.0,1.0,5,1,1,7,Hibernating
51268,0,8.0,Mobile Phone,3,13.0,Debit Card,Female,2.0,3,Laptop & Accessory,1,Married,2,1,11.0,1.0,1.0,9.0,152.04,9.0,1.0,1,1,2,4,Hibernating
51269,0,0.0,Mobile Phone,3,15.0,E wallet,Male,2.0,3,Laptop & Accessory,1,Single,2,0,14.0,0.0,1.0,7.0,141.05,7.0,1.0,2,1,2,5,Hibernating
51270,0,5.0,Mobile Phone,1,11.0,Debit Card,Male,2.0,4,Laptop & Accessory,1,Single,9,0,24.0,0.0,1.0,0.0,196.79,0.0,1.0,5,1,4,10,Hibernating
51271,1,0.0,Computer,3,32.0,E wallet,Male,3.0,3,Laptop & Accessory,1,Married,2,1,11.0,0.0,1.0,8.0,156.17,8.0,1.0,2,1,3,6,At Risk
51272,1,16.0,Mobile Phone,3,30.0,Debit Card,Male,3.0,3,Fashion,5,Single,7,1,13.0,2.0,2.0,2.0,204.48,2.0,2.0,5,2,4,11,Potential Loyalists
51273,0,27.0,Mobile Phone,1,15.0,Debit Card,Female,,3,Laptop & Accessory,3,Married,4,0,11.0,0.0,2.0,3.0,128.97,3.0,2.0,4,2,1,7,Potential Loyalists
51274,0,6.0,Computer,1,13.0,Debit Card,Male,2.0,3,Laptop & Accessory,3,Married,2,0,20.0,2.0,2.0,8.0,159.68,8.0,2.0,2,2,3,7,At Risk
51275,0,16.0,Mobile Phone,1,17.0,Debit Card,Male,1.0,3,Fashion,3,Married,2,0,17.0,1.0,1.0,9.0,175.1,9.0,1.0,1,1,4,6,At Risk
51276,0,11.0,Computer,2,6.0,UPI,Male,,3,Mobile Phone,4,Married,1,1,11.0,1.0,1.0,2.0,129.91,2.0,1.0,5,1,1,7,Hibernating
51277,0,28.0,Mobile Phone,2,32.0,UPI,Male,3.0,1,Others,4,Married,5,1,,1.0,1.0,4.0,296.36,4.0,1.0,3,1,5,9,Hibernating
51278,0,4.0,Mobile Phone,1,8.0,Credit Card,Female,2.0,5,Mobile Phone,1,Married,2,1,11.0,1.0,1.0,0.0,111.29,0.0,1.0,5,1,1,7,Hibernating
51279,0,12.0,Mobile Phone,3,21.0,E wallet,Male,3.0,3,Grocery,5,Single,1,0,12.0,4.0,,10.0,233.41000000000005,10.0,2.0,1,2,5,8,At Risk
51280,0,15.0,Computer,1,29.0,Debit Card,Male,2.0,4,Laptop & Accessory,3,Single,2,0,12.0,2.0,3.0,7.0,143.32,7.0,3.0,2,4,2,8,At Risk
51281,0,4.0,Computer,1,16.0,Credit Card,Female,2.0,3,Fashion,3,Married,5,0,20.0,3.0,4.0,,210.31,3.0,4.0,4,4,5,13,Champions
51282,0,27.0,Mobile Phone,1,16.0,Credit Card,Female,3.0,3,Laptop & Accessory,5,Single,7,1,19.0,0.0,1.0,4.0,144.4,4.0,1.0,3,1,2,6,Hibernating
51283,0,0.0,Mobile Phone,1,6.0,Debit Card,Male,2.0,4,Laptop & Accessory,3,Single,2,0,12.0,1.0,1.0,2.0,146.17,2.0,1.0,5,1,2,8,Hibernating
51284,0,0.0,Mobile Phone,1,,UPI,Male,3.0,3,Mobile Phone,1,Single,2,0,13.0,1.0,1.0,4.0,126.47,4.0,1.0,3,1,1,5,Hibernating
51285,0,13.0,Computer,1,17.0,Cash on Delivery,Female,3.0,3,Laptop & Accessory,3,Married,2,0,11.0,2.0,9.0,4.0,163.23,4.0,9.0,3,5,3,11,Loyal Customers
51286,0,13.0,Mobile Phone,3,8.0,E wallet,Female,3.0,3,Laptop & Accessory,4,Married,4,0,14.0,1.0,5.0,10.0,156.77,10.0,5.0,1,5,3,9,Loyal Customers
51287,0,,Mobile Phone,2,8.0,UPI,Female,2.0,3,Mobile Phone,4,Married,5,0,14.0,0.0,1.0,2.0,121.87,2.0,1.0,5,1,1,7,Hibernating
51288,0,3.0,Mobile Phone,1,6.0,Credit Card,Male,3.0,3,Mobile Phone,4,Married,2,0,13.0,0.0,1.0,7.0,137.48,7.0,1.0,2,1,1,4,Hibernating
51289,0,0.0,Mobile Phone,1,8.0,UPI,Male,2.0,3,Mobile Phone,3,Married,7,1,19.0,0.0,1.0,2.0,139.77,2.0,1.0,5,1,1,7,Hibernating
51290,0,20.0,Mobile Phone,1,31.0,Credit Card,Male,2.0,3,Fashion,3,Single,3,0,23.0,1.0,12.0,11.0,186.33,11.0,12.0,1,5,4,10,Loyal Customers
51291,0,,Computer,1,6.0,Credit Card,Male,2.0,4,Mobile Phone,3,Married,2,0,12.0,0.0,1.0,0.0,120.08,0.0,1.0,5,1,1,7,Hibernating
51292,0,11.0,Mobile Phone,3,6.0,Debit Card,Male,2.0,3,Laptop & Accessory,4,Married,1,0,15.0,4.0,5.0,8.0,144.4,8.0,5.0,2,5,2,9,At Risk
51293,0,4.0,Mobile Phone,3,8.0,Debit Card,Male,,3,Mobile Phone,3,Married,1,0,19.0,1.0,1.0,2.0,130.67,2.0,1.0,5,1,1,7,Hibernating
51294,0,11.0,Computer,1,12.0,Debit Card,Male,3.0,4,Laptop & Accessory,3,Married,3,0,11.0,2.0,7.0,7.0,153.21,7.0,7.0,2,5,2,9,At Risk
51295,0,15.0,Mobile Phone,1,24.0,Debit Card,Male,2.0,3,Laptop & Accessory,5,Married,7,1,17.0,0.0,1.0,2.0,154.1,2.0,1.0,5,1,3,9,Hibernating
51296,0,14.0,Mobile Phone,1,6.0,Debit Card,Male,,3,Mobile Phone,1,Married,4,0,22.0,0.0,1.0,0.0,127.82,0.0,1.0,5,1,1,7,Hibernating
51297,0,20.0,Computer,1,6.0,Credit Card,Female,3.0,3,Fashion,4,Married,1,0,18.0,0.0,5.0,,219.57,3.0,5.0,4,5,5,14,Champions
51298,0,8.0,Mobile Phone,1,17.0,Credit Card,Male,2.0,3,Mobile Phone,3,Married,8,1,11.0,0.0,2.0,2.0,126.6,2.0,2.0,5,2,1,8,Potential Loyalists
51299,0,0.0,Mobile Phone,1,6.0,Debit Card,Male,3.0,3,Mobile Phone,3,Single,1,0,12.0,0.0,1.0,2.0,133.75,2.0,1.0,5,1,1,7,Hibernating
51300,0,8.0,Mobile Phone,1,15.0,Credit Card,Male,2.0,3,Laptop & Accessory,3,Single,2,0,19.0,0.0,1.0,8.0,150.98,8.0,1.0,2,1,2,5,Hibernating
51301,0,6.0,Mobile Phone,1,21.0,Credit Card,Female,3.0,3,Laptop & Accessory,1,Married,1,1,13.0,5.0,8.0,1.0,12.0,1.0,8.0,5,5,1,11,Potential Loyalists
51302,0,5.0,Mobile Phone,1,35.0,Debit Card,Female,,4,Mobile Phone,4,Single,2,0,13.0,3.0,4.0,1.0,128.37,1.0,4.0,5,4,1,10,Potential Loyalists
51303,0,13.0,Mobile Phone,1,,Debit Card,Male,2.0,3,Mobile Phone,1,Married,9,0,19.0,0.0,1.0,0.0,124.06,0.0,1.0,5,1,1,7,Hibernating
51304,0,,Mobile Phone,3,6.0,Credit Card,Male,3.0,4,Mobile Phone,4,Married,1,0,14.0,0.0,2.0,2.0,122.69,2.0,2.0,5,2,1,8,Potential Loyalists
51305,0,12.0,Mobile Phone,1,30.0,Debit Card,Male,2.0,3,Laptop & Accessory,1,Single,8,0,13.0,1.0,1.0,7.0,141.08,7.0,1.0,2,1,2,5,Hibernating
51306,0,11.0,Mobile Phone,1,16.0,Credit Card,Female,2.0,5,Fashion,3,Married,4,0,12.0,1.0,,11.0,232.06,11.0,2.0,1,2,5,8,At Risk
51307,0,5.0,Mobile Phone,3,6.0,E wallet,Female,2.0,3,Fashion,1,Married,2,0,19.0,3.0,5.0,7.0,204.22,7.0,5.0,2,5,4,11,Loyal Customers
51308,0,10.0,Mobile Phone,1,16.0,Debit Card,Female,2.0,1,Fashion,1,Married,2,1,25.0,0.0,,8.0,237.44,8.0,2.0,2,2,5,9,At Risk
51309,0,0.0,Mobile Phone,3,14.0,UPI,Female,2.0,3,Laptop & Accessory,3,Married,1,1,22.0,1.0,1.0,4.0,149.07,4.0,1.0,3,1,2,6,Hibernating
51310,0,25.0,Computer,3,126.0,Debit Card,Male,2.0,3,Mobile Phone,1,Married,3,0,15.0,1.0,1.0,0.0,134.82,0.0,1.0,5,1,1,7,Hibernating
51311,0,17.0,Mobile Phone,1,,Credit Card,Male,2.0,3,Mobile Phone,1,Single,7,1,12.0,0.0,1.0,2.0,124.36,2.0,1.0,5,1,1,7,Hibernating
51312,0,0.0,Mobile Phone,3,,Credit Card,Male,2.0,3,Mobile Phone,5,Single,2,1,11.0,1.0,1.0,2.0,123.8,2.0,1.0,5,1,1,7,Hibernating
51313,0,12.0,Computer,1,15.0,Debit Card,Male,2.0,3,Others,1,Single,3,0,,0.0,1.0,3.0,294.31,3.0,1.0,4,1,5,10,Hibernating
51314,1,,Computer,3,15.0,E wallet,Male,2.0,3,Mobile Phone,5,Married,2,0,19.0,1.0,1.0,0.0,117.9,0.0,1.0,5,1,1,7,Hibernating
51315,0,9.0,Mobile Phone,3,9.0,Credit Card,Female,3.0,4,Fashion,1,Married,1,0,19.0,3.0,3.0,4.0,176.44,4.0,3.0,3,4,4,11,Loyal Customers
51316,0,9.0,Computer,1,10.0,Debit Card,Female,3.0,3,Laptop & Accessory,4,Married,8,0,13.0,1.0,1.0,2.0,151.31,2.0,1.0,5,1,2,8,Hibernating
51317,0,29.0,Computer,1,6.0,Debit Card,Male,2.0,3,Laptop & Accessory,3,Married,2,0,21.0,0.0,1.0,9.0,163.06,9.0,1.0,1,1,3,5,At Risk
51318,1,0.0,Mobile Phone,1,6.0,Credit Card,Male,2.0,3,Mobile Phone,1,Married,10,1,14.0,2.0,2.0,2.0,147.87,2.0,2.0,5,2,2,9,Potential Loyalists
51319,0,15.0,Mobile Phone,1,8.0,Debit Card,Male,2.0,3,Others,3,Married,6,0,11.0,,4.0,14.0,288.8,14.0,4.0,1,4,5,10,Loyal Customers
51320,1,19.0,Mobile Phone,1,,Cash on Delivery,Male,3.0,3,Mobile Phone,3,Married,9,0,11.0,6.0,9.0,8.0,123.39,8.0,9.0,2,5,1,8,At Risk
51321,0,14.0,Mobile Phone,1,34.0,Debit Card,Female,2.0,4,Grocery,4,Married,1,0,23.0,1.0,,10.0,235.7,10.0,2.0,1,2,5,8,At Risk
51322,0,7.0,Mobile Phone,3,34.0,E wallet,Female,3.0,4,Laptop & Accessory,3,Married,2,0,21.0,1.0,1.0,7.0,167.12,7.0,1.0,2,1,3,6,At Risk
51323,0,9.0,Computer,3,21.0,E wallet,Male,2.0,5,Laptop & Accessory,1,Married,2,0,24.0,4.0,11.0,11.0,154.06,11.0,11.0,1,5,3,9,Loyal Customers
51324,0,14.0,Mobile Phone,3,9.0,Debit Card,Male,2.0,4,Laptop & Accessory,4,Married,3,0,11.0,0.0,1.0,4.0,189.38,4.0,1.0,3,1,4,8,Hibernating
51325,0,5.0,Mobile Phone,1,,Cash on Delivery,Male,3.0,3,Mobile Phone,5,Single,2,0,14.0,1.0,1.0,2.0,124.39,2.0,1.0,5,1,1,7,Hibernating
51326,0,8.0,Mobile Phone,2,32.0,Debit Card,Female,2.0,3,Fashion,1,Single,2,1,16.0,1.0,1.0,7.0,188.37,7.0,1.0,2,1,4,7,At Risk
51327,0,11.0,Mobile Phone,3,16.0,Debit Card,Female,3.0,3,Laptop & Accessory,1,Married,2,0,11.0,0.0,1.0,9.0,153.43,9.0,1.0,1,1,2,4,Hibernating
51328,1,13.0,Computer,3,6.0,Debit Card,Male,3.0,3,Laptop & Accessory,3,Married,8,0,12.0,1.0,1.0,1.0,167.28,1.0,1.0,5,1,3,9,Hibernating
51329,0,9.0,Mobile Phone,3,17.0,E wallet,Female,3.0,4,Laptop & Accessory,1,Married,5,0,13.0,1.0,1.0,0.0,166.52,0.0,1.0,5,1,3,9,Hibernating
51330,0,18.0,Mobile Phone,3,26.0,Debit Card,Female,2.0,3,Laptop & Accessory,3,Single,9,0,15.0,1.0,1.0,1.0,148.5,1.0,1.0,5,1,2,8,Hibernating
51331,0,13.0,Mobile Phone,1,8.0,Debit Card,Male,,4,Mobile Phone,3,Single,3,0,14.0,0.0,2.0,2.0,128.09,2.0,2.0,5,2,1,8,Potential Loyalists
51332,0,8.0,Computer,1,24.0,Debit Card,Male,3.0,3,Laptop & Accessory,3,Married,2,1,14.0,1.0,1.0,2.0,156.89,2.0,1.0,5,1,3,9,Hibernating
51333,0,,Mobile Phone,1,8.0,Credit Card,Female,3.0,3,Mobile Phone,3,Married,3,0,14.0,1.0,1.0,2.0,120.01,2.0,1.0,5,1,1,7,Hibernating
51334,0,8.0,Mobile Phone,1,6.0,Debit Card,Female,,5,Mobile Phone,1,Married,2,0,12.0,0.0,1.0,1.0,129.77,1.0,1.0,5,1,1,7,Hibernating
51335,0,2.0,Mobile Phone,1,19.0,UPI,Male,2.0,4,Laptop & Accessory,4,Married,5,1,13.0,1.0,1.0,3.0,140.25,3.0,1.0,4,1,1,6,Hibernating
51336,0,2.0,Mobile Phone,1,34.0,Credit Card,Female,3.0,4,Mobile Phone,5,Single,2,0,14.0,0.0,1.0,4.0,137.85,4.0,1.0,3,1,1,5,Hibernating
51337,1,13.0,Mobile Phone,3,34.0,E wallet,Male,2.0,4,Fashion,5,Married,5,1,13.0,0.0,2.0,0.0,208.54,0.0,2.0,5,2,4,11,Potential Loyalists
51338,0,12.0,Mobile Phone,3,30.0,E wallet,Female,2.0,4,Grocery,1,Married,1,0,11.0,1.0,9.0,,220.31,3.0,9.0,4,5,5,14,Champions
51339,0,4.0,Computer,1,11.0,Credit Card,Male,3.0,3,Laptop & Accessory,5,Single,1,0,19.0,0.0,1.0,7.0,199.36,7.0,1.0,2,1,4,7,At Risk
51340,0,0.0,Mobile Phone,3,11.0,UPI,Female,,4,Mobile Phone,3,Single,1,0,18.0,0.0,1.0,0.0,129.66,0.0,1.0,5,1,1,7,Hibernating
51341,0,9.0,Computer,1,,Credit Card,Male,2.0,1,Laptop & Accessory,1,Married,5,0,17.0,0.0,1.0,3.0,125.71,3.0,1.0,4,1,1,6,Hibernating
51342,0,12.0,Mobile Phone,1,12.0,Credit Card,Male,2.0,4,Fashion,5,Married,5,0,15.0,1.0,1.0,7.0,199.91,7.0,1.0,2,1,4,7,At Risk
51343,0,0.0,Mobile Phone,1,10.0,Debit Card,Male,2.0,1,Laptop & Accessory,4,Married,2,1,20.0,1.0,1.0,3.0,161.42,3.0,1.0,4,1,3,8,Hibernating
51344,0,22.0,Computer,3,8.0,Credit Card,Male,3.0,4,Laptop & Accessory,4,Married,3,0,14.0,1.0,1.0,8.0,153.9,8.0,1.0,2,1,3,6,At Risk
51345,0,7.0,Mobile Phone,1,14.0,Credit Card,Male,2.0,1,Laptop & Accessory,3,Married,3,0,12.0,0.0,1.0,2.0,144.04,2.0,1.0,5,1,2,8,Hibernating
51346,1,4.0,Mobile Phone,3,6.0,Debit Card,Female,3.0,3,Laptop & Accessory,1,Single,9,1,11.0,0.0,1.0,5.0,159.93,5.0,1.0,2,1,3,6,At Risk
51347,0,22.0,Computer,1,14.0,Debit Card,Male,3.0,4,Laptop & Accessory,4,Married,2,0,23.0,0.0,1.0,7.0,151.3,7.0,1.0,2,1,2,5,Hibernating
51348,1,,Mobile Phone,1,8.0,UPI,Male,3.0,4,Mobile Phone,3,Single,7,1,15.0,0.0,1.0,0.0,120.9,0.0,1.0,5,1,1,7,Hibernating
51349,0,6.0,Computer,1,9.0,Debit Card,Female,,3,Mobile Phone,3,Married,2,1,11.0,2.0,3.0,0.0,129.09,0.0,3.0,5,4,1,10,Potential Loyalists
51350,0,0.0,Mobile Phone,1,8.0,Credit Card,Male,2.0,3,Mobile Phone,4,Married,10,0,12.0,1.0,2.0,2.0,134.68,2.0,2.0,5,2,1,8,Potential Loyalists
51351,0,5.0,Computer,1,8.0,Debit Card,Male,,3,Mobile Phone,1,Single,1,0,13.0,1.0,3.0,6.0,130.68,6.0,3.0,2,4,1,7,At Risk
51352,0,30.0,Mobile Phone,1,9.0,Credit Card,Female,,1,Mobile Phone,5,Married,5,1,20.0,0.0,1.0,0.0,126.7,0.0,1.0,5,1,1,7,Hibernating
51353,0,3.0,Mobile Phone,1,30.0,Debit Card,Male,,3,Mobile Phone,3,Married,2,0,22.0,1.0,1.0,0.0,126.93,0.0,1.0,5,1,1,7,Hibernating
51354,0,11.0,Computer,1,29.0,Debit Card,Male,2.0,4,Fashion,3,Single,1,0,21.0,1.0,1.0,8.0,195.26,8.0,1.0,2,1,4,7,At Risk
51355,0,9.0,Mobile Phone,1,33.0,Credit Card,Male,3.0,3,Laptop & Accessory,3,Married,7,0,13.0,0.0,7.0,7.0,152.37,7.0,7.0,2,5,2,9,At Risk
51356,0,8.0,Mobile Phone,1,,Credit Card,Male,2.0,1,Mobile Phone,4,Married,1,0,13.0,1.0,1.0,3.0,124.26,3.0,1.0,4,1,1,6,Hibernating
51357,0,2.0,Mobile Phone,1,21.0,Debit Card,Female,2.0,4,Laptop & Accessory,3,Single,1,1,12.0,1.0,1.0,8.0,141.93,8.0,1.0,2,1,2,5,Hibernating
51358,0,4.0,Mobile Phone,1,32.0,Debit Card,Male,,3,Mobile Phone,3,Married,2,0,17.0,3.0,4.0,3.0,129.11,3.0,4.0,4,4,1,9,Potential Loyalists
51359,0,7.0,Mobile Phone,1,25.0,Credit Card,Male,3.0,3,Mobile Phone,1,Married,1,0,11.0,0.0,1.0,2.0,126.61,2.0,1.0,5,1,1,7,Hibernating
51360,1,,Mobile Phone,1,30.0,Debit Card,Male,2.0,4,Mobile Phone,3,Single,6,1,14.0,0.0,1.0,3.0,120.28,3.0,1.0,4,1,1,6,Hibernating
51361,0,2.0,Mobile Phone,1,27.0,Debit Card,Female,2.0,1,Fashion,5,Married,2,0,11.0,6.0,8.0,8.0,199.8,8.0,8.0,2,5,4,11,Loyal Customers
51362,0,5.0,Mobile Phone,1,11.0,Debit Card,Male,3.0,1,Mobile Phone,4,Married,1,1,12.0,1.0,1.0,5.0,132.98,5.0,1.0,2,1,1,4,Hibernating
51363,0,0.0,Computer,1,22.0,Credit Card,Male,,1,Mobile Phone,1,Married,2,1,13.0,0.0,1.0,0.0,129.35,0.0,1.0,5,1,1,7,Hibernating
51364,0,26.0,Mobile Phone,3,8.0,Debit Card,Female,3.0,4,Grocery,1,Married,3,0,16.0,0.0,,7.0,254.27,7.0,2.0,2,2,5,9,At Risk
51365,0,11.0,Mobile Phone,1,8.0,Debit Card,Male,2.0,3,Mobile Phone,1,Single,6,1,11.0,0.0,1.0,2.0,139.44,2.0,1.0,5,1,1,7,Hibernating
51366,0,0.0,Computer,1,17.0,UPI,Female,3.0,1,Laptop & Accessory,3,Married,1,0,18.0,0.0,1.0,3.0,140.11,3.0,1.0,4,1,1,6,Hibernating
51367,1,0.0,Mobile Phone,3,15.0,Debit Card,Male,2.0,4,Mobile Phone,5,Single,8,0,23.0,0.0,1.0,3.0,134.07,3.0,1.0,4,1,1,6,Hibernating
51368,0,7.0,Mobile Phone,1,13.0,Debit Card,Female,2.0,3,Fashion,4,Single,1,0,11.0,0.0,2.0,,219.94,3.0,2.0,4,2,5,11,Potential Loyalists
51369,0,,Mobile Phone,1,21.0,Debit Card,Male,3.0,3,Mobile Phone,1,Single,2,0,14.0,1.0,1.0,0.0,112.32,0.0,1.0,5,1,1,7,Hibernating
51370,1,0.0,Mobile Phone,1,12.0,Credit Card,Male,,3,Mobile Phone,5,Single,3,0,11.0,0.0,1.0,3.0,129.6,3.0,1.0,4,1,1,6,Hibernating
51371,0,26.0,Mobile Phone,1,11.0,UPI,Female,2.0,3,Others,3,Married,5,0,11.0,,4.0,8.0,290.94,8.0,4.0,2,4,5,11,Loyal Customers
51372,1,0.0,Computer,1,22.0,Debit Card,Female,3.0,5,Mobile Phone,5,Single,2,1,22.0,0.0,6.0,7.0,139.19,7.0,6.0,2,5,1,8,At Risk
51373,0,15.0,Mobile Phone,3,14.0,E wallet,Male,2.0,3,Laptop & Accessory,4,Married,1,0,11.0,2.0,4.0,2.0,168.25,2.0,4.0,5,4,3,12,Loyal Customers
51374,0,17.0,Mobile Phone,1,13.0,Credit Card,Female,2.0,4,Fashion,1,Married,4,0,14.0,0.0,5.0,17.0,202.48,17.0,5.0,1,5,4,10,Loyal Customers
51375,0,19.0,Mobile Phone,3,8.0,E wallet,Female,2.0,3,Others,5,Single,4,0,12.0,,2.0,1.0,289.47,1.0,2.0,5,2,5,12,Potential Loyalists
51376,0,6.0,Mobile Phone,1,,Credit Card,Male,3.0,3,Mobile Phone,1,Single,5,0,11.0,0.0,1.0,0.0,124.96,0.0,1.0,5,1,1,7,Hibernating
51377,0,17.0,Mobile Phone,1,16.0,UPI,Male,2.0,3,Laptop & Accessory,1,Married,3,1,13.0,0.0,1.0,3.0,164.65,3.0,1.0,4,1,3,8,Hibernating
51378,0,,Mobile Phone,1,15.0,Credit Card,Male,2.0,4,Mobile Phone,3,Single,2,0,13.0,0.0,1.0,8.0,122.06,8.0,1.0,2,1,1,4,Hibernating
51379,1,,Mobile Phone,3,11.0,Cash on Delivery,Male,2.0,3,Laptop & Accessory,1,Married,4,0,14.0,0.0,1.0,0.0,120.86,0.0,1.0,5,1,1,7,Hibernating
51380,1,,Mobile Phone,1,6.0,Credit Card,Male,3.0,3,Mobile Phone,1,Married,3,1,16.0,0.0,2.0,0.0,122.93,0.0,2.0,5,2,1,8,Potential Loyalists
51381,0,16.0,Mobile Phone,1,,Credit Card,Female,3.0,1,Mobile Phone,3,Married,2,0,12.0,1.0,1.0,4.0,126.45,4.0,1.0,3,1,1,5,Hibernating
51382,1,13.0,Mobile Phone,3,9.0,E wallet,Male,,4,Mobile Phone,3,Married,2,1,14.0,1.0,1.0,2.0,126.83,2.0,1.0,5,1,1,7,Hibernating
51383,0,,Mobile Phone,3,8.0,E wallet,Female,3.0,3,Mobile Phone,1,Married,2,0,13.0,2.0,2.0,2.0,120.14,2.0,2.0,5,2,1,8,Potential Loyalists
51384,0,9.0,Mobile Phone,1,11.0,Debit Card,Female,2.0,4,Mobile Phone,5,Married,10,1,14.0,1.0,1.0,0.0,134.19,0.0,1.0,5,1,1,7,Hibernating
51385,0,6.0,Computer,3,6.0,Debit Card,Female,2.0,1,Laptop & Accessory,5,Married,3,0,19.0,0.0,1.0,3.0,153.76,3.0,1.0,4,1,3,8,Hibernating
51386,0,,Mobile Phone,1,10.0,UPI,Male,3.0,3,Mobile Phone,1,Married,2,0,12.0,1.0,1.0,0.0,119.51,0.0,1.0,5,1,1,7,Hibernating
51387,0,0.0,Mobile Phone,1,,Debit Card,Female,2.0,3,Mobile Phone,5,Married,2,0,13.0,1.0,1.0,0.0,123.41,0.0,1.0,5,1,1,7,Hibernating
51388,1,,Mobile Phone,1,31.0,Debit Card,Male,2.0,5,Mobile Phone,3,Single,2,0,12.0,0.0,1.0,1.0,122.93,1.0,1.0,5,1,1,7,Hibernating
51389,0,0.0,Computer,3,14.0,Debit Card,Male,2.0,3,Fashion,3,Single,2,0,15.0,1.0,1.0,7.0,187.26,7.0,1.0,2,1,4,7,At Risk
51390,0,3.0,Computer,1,6.0,Credit Card,Female,2.0,3,Laptop & Accessory,1,Single,2,0,23.0,1.0,3.0,7.0,140.11,7.0,3.0,2,4,1,7,At Risk
51391,1,4.0,Mobile Phone,1,18.0,Cash on Delivery,Female,2.0,3,Others,3,Married,2,0,,1.0,15.0,8.0,295.45,8.0,15.0,2,5,5,12,Loyal Customers
51392,0,7.0,Computer,3,29.0,E wallet,Male,3.0,3,Laptop & Accessory,3,Single,1,0,20.0,0.0,8.0,7.0,145.68,7.0,8.0,2,5,2,9,At Risk
51393,0,10.0,Mobile Phone,1,25.0,Debit Card,Male,,3,Mobile Phone,4,Married,5,0,21.0,0.0,1.0,0.0,130.22,0.0,1.0,5,1,1,7,Hibernating
51394,0,19.0,Computer,3,11.0,E wallet,Male,3.0,3,Laptop & Accessory,1,Single,5,1,21.0,1.0,1.0,8.0,157.72,8.0,1.0,2,1,3,6,At Risk
51395,0,,Mobile Phone,1,14.0,Debit Card,Male,2.0,1,Mobile Phone,1,Married,2,0,19.0,1.0,1.0,1.0,122.69,1.0,1.0,5,1,1,7,Hibernating
51396,1,11.0,Mobile Phone,1,6.0,Debit Card,Male,3.0,4,Fashion,3,Single,10,1,13.0,0.0,1.0,0.0,153.81,0.0,1.0,5,1,3,9,Hibernating
51397,1,0.0,Mobile Phone,1,11.0,Cash on Delivery,Male,2.0,3,Mobile Phone,3,Single,2,1,13.0,0.0,2.0,2.0,134.41,2.0,2.0,5,2,1,8,Potential Loyalists
51398,0,17.0,Mobile Phone,3,6.0,E wallet,Female,3.0,3,Laptop & Accessory,5,Married,6,1,21.0,1.0,1.0,3.0,154.54,3.0,1.0,4,1,3,8,Hibernating
51399,0,8.0,Computer,1,17.0,Credit Card,Male,3.0,4,Fashion,5,Married,3,1,13.0,1.0,2.0,3.0,198.84,3.0,2.0,4,2,4,10,Potential Loyalists
51400,0,0.0,Mobile Phone,3,29.0,E wallet,Female,2.0,4,Laptop & Accessory,1,Married,8,1,19.0,0.0,1.0,0.0,141.57,0.0,1.0,5,1,2,8,Hibernating
51401,0,6.0,Computer,1,29.0,Debit Card,Female,3.0,3,Fashion,1,Single,2,1,12.0,3.0,,12.0,234.58,12.0,2.0,1,2,5,8,At Risk
51402,0,8.0,Computer,3,5.0,Debit Card,Male,3.0,3,Fashion,5,Married,2,0,22.0,0.0,1.0,8.0,190.69,8.0,1.0,2,1,4,7,At Risk
51403,0,8.0,Mobile Phone,1,29.0,Credit Card,Female,1.0,3,Mobile Phone,5,Married,4,1,15.0,0.0,2.0,2.0,140.14,2.0,2.0,5,2,1,8,Potential Loyalists
51404,0,4.0,Mobile Phone,1,13.0,Debit Card,Male,2.0,3,Laptop & Accessory,1,Married,4,0,22.0,0.0,1.0,7.0,159.15,7.0,1.0,2,1,3,6,At Risk
51405,0,10.0,Mobile Phone,1,6.0,Debit Card,Male,2.0,4,Laptop & Accessory,3,Married,2,0,18.0,0.0,1.0,7.0,159.93,7.0,1.0,2,1,3,6,At Risk
51406,0,5.0,Mobile Phone,1,6.0,Credit Card,Male,2.0,3,Laptop & Accessory,1,Married,2,1,22.0,5.0,7.0,8.0,161.62,8.0,7.0,2,5,3,10,Loyal Customers
51407,0,11.0,Computer,1,,Debit Card,Female,2.0,3,Laptop & Accessory,1,Single,2,0,11.0,6.0,9.0,9.0,124.06,9.0,9.0,1,5,1,7,At Risk
51408,0,23.0,Mobile Phone,1,13.0,Credit Card,Female,2.0,4,Others,3,Married,6,1,12.0,,13.0,8.0,287.4,8.0,13.0,2,5,5,12,Loyal Customers
51409,0,30.0,Mobile Phone,3,31.0,Debit Card,Female,4.0,3,Fashion,5,Single,8,0,11.0,6.0,7.0,9.0,176.37,9.0,7.0,1,5,4,10,Loyal Customers
51410,0,9.0,Mobile Phone,1,14.0,Cash on Delivery,Female,2.0,3,Fashion,3,Married,2,0,13.0,7.0,12.0,8.0,200.96,8.0,12.0,2,5,4,11,Loyal Customers
51411,0,28.0,Mobile Phone,1,14.0,Credit Card,Female,2.0,3,Grocery,3,Married,3,1,14.0,1.0,,2.0,247.56,2.0,2.0,5,2,5,12,Potential Loyalists
51412,0,9.0,Computer,1,17.0,Debit Card,Male,3.0,4,Laptop & Accessory,4,Single,2,0,13.0,1.0,1.0,3.0,164.99,3.0,1.0,4,1,3,8,Hibernating
51413,0,18.0,Mobile Phone,1,13.0,Debit Card,Male,2.0,3,Fashion,5,Married,3,0,17.0,0.0,1.0,0.0,197.24,0.0,1.0,5,1,4,10,Hibernating
51414,0,,Computer,1,6.0,Credit Card,Male,3.0,3,Mobile Phone,5,Married,5,0,13.0,0.0,1.0,2.0,121.94,2.0,1.0,5,1,1,7,Hibernating
51415,1,0.0,Mobile Phone,1,15.0,Credit Card,Male,3.0,4,Mobile Phone,3,Married,1,1,17.0,1.0,1.0,0.0,133.88,0.0,1.0,5,1,1,7,Hibernating
51416,0,30.0,Computer,3,6.0,Debit Card,Female,2.0,4,Laptop & Accessory,3,Single,8,0,11.0,1.0,1.0,3.0,154.73,3.0,1.0,4,1,3,8,Hibernating
51417,0,2.0,Mobile Phone,1,8.0,Debit Card,Male,,3,Mobile Phone,4,Married,1,0,23.0,1.0,1.0,4.0,127.03,4.0,1.0,3,1,1,5,Hibernating
51418,0,4.0,Mobile Phone,1,,Credit Card,Male,2.0,3,Mobile Phone,4,Single,2,0,17.0,1.0,1.0,0.0,125.01,0.0,1.0,5,1,1,7,Hibernating
51419,0,5.0,Mobile Phone,1,6.0,Debit Card,Male,3.0,3,Laptop & Accessory,4,Married,2,0,17.0,1.0,1.0,9.0,162.2,9.0,1.0,1,1,3,5,At Risk
51420,0,9.0,Mobile Phone,1,12.0,Debit Card,Female,,1,Mobile Phone,1,Married,4,0,12.0,0.0,1.0,0.0,130.38,0.0,1.0,5,1,1,7,Hibernating
51421,0,4.0,Mobile Phone,1,14.0,Debit Card,Female,3.0,3,Laptop & Accessory,1,Single,2,0,23.0,1.0,1.0,8.0,144.24,8.0,1.0,2,1,2,5,Hibernating
51422,0,8.0,Mobile Phone,3,6.0,E wallet,Male,2.0,4,Laptop & Accessory,5,Single,1,0,14.0,1.0,2.0,8.0,143.12,8.0,2.0,2,2,2,6,Hibernating
51423,0,18.0,Mobile Phone,1,12.0,UPI,Male,2.0,3,Fashion,5,Married,5,1,14.0,1.0,,0.0,232.45,0.0,2.0,5,2,5,12,Potential Loyalists
51424,0,10.0,Mobile Phone,1,13.0,Credit Card,Male,1.0,3,Fashion,3,Single,5,0,13.0,0.0,,2.0,236.64,2.0,2.0,5,2,5,12,Potential Loyalists
51425,0,19.0,Mobile Phone,2,11.0,Credit Card,Male,3.0,3,Laptop & Accessory,4,Married,2,1,22.0,1.0,1.0,2.0,150.21,2.0,1.0,5,1,2,8,Hibernating
51426,0,3.0,Mobile Phone,1,6.0,Debit Card,Male,2.0,4,Laptop & Accessory,1,Married,2,1,12.0,1.0,3.0,0.0,151.26,0.0,3.0,5,4,2,11,Potential Loyalists
51427,0,8.0,Mobile Phone,1,6.0,Credit Card,Male,,4,Mobile Phone,3,Single,2,0,18.0,1.0,1.0,4.0,128.59,4.0,1.0,3,1,1,5,Hibernating
51428,0,28.0,Mobile Phone,3,6.0,Debit Card,Male,3.0,3,Fashion,1,Married,4,0,14.0,0.0,1.0,0.0,202.39,0.0,1.0,5,1,4,10,Hibernating
51429,0,11.0,Computer,1,12.0,Credit Card,Female,3.0,5,Laptop & Accessory,1,Married,8,1,12.0,0.0,1.0,9.0,153.29,9.0,1.0,1,1,2,4,Hibernating
51430,0,7.0,Mobile Phone,1,6.0,Credit Card,Male,3.0,3,Laptop & Accessory,4,Married,2,0,15.0,1.0,1.0,3.0,143.25,3.0,1.0,4,1,2,7,Hibernating
51431,0,29.0,Mobile Phone,1,13.0,Debit Card,Male,2.0,5,Fashion,1,Single,5,0,11.0,0.0,1.0,2.0,172.6,2.0,1.0,5,1,3,9,Hibernating
51432,0,0.0,Mobile Phone,3,,Cash on Delivery,Male,3.0,3,Mobile Phone,5,Married,4,0,13.0,1.0,1.0,0.0,123.22,0.0,1.0,5,1,1,7,Hibernating
51433,0,,Mobile Phone,1,15.0,Debit Card,Male,3.0,3,Mobile Phone,1,Married,4,0,23.0,1.0,1.0,3.0,120.75,3.0,1.0,4,1,1,6,Hibernating
51434,0,3.0,Mobile Phone,1,8.0,Debit Card,Male,4.0,4,Laptop & Accessory,1,Married,2,0,19.0,3.0,10.0,8.0,141.52,8.0,10.0,2,5,2,9,At Risk
51435,1,9.0,Mobile Phone,3,15.0,Credit Card,Male,3.0,4,Fashion,1,Single,2,0,16.0,3.0,4.0,7.0,196.19,7.0,4.0,2,4,4,10,Loyal Customers
51436,0,13.0,Computer,1,6.0,Debit Card,Male,3.0,4,Grocery,4,Married,2,0,22.0,5.0,,11.0,235.03,11.0,2.0,1,2,5,8,At Risk
51437,0,24.0,Mobile Phone,3,27.0,E wallet,Male,3.0,3,Laptop & Accessory,1,Single,1,1,22.0,0.0,1.0,0.0,154.41,0.0,1.0,5,1,3,9,Hibernating
51438,0,3.0,Mobile Phone,3,10.0,Credit Card,Female,3.0,4,Laptop & Accessory,4,Married,2,1,12.0,2.0,2.0,7.0,152.09,7.0,2.0,2,2,2,6,Hibernating
51439,0,19.0,Computer,1,6.0,Credit Card,Male,2.0,4,Fashion,5,Married,3,1,13.0,4.0,9.0,5.0,206.73,5.0,9.0,2,5,4,11,Loyal Customers
51440,0,5.0,Mobile Phone,3,12.0,Credit Card,Male,2.0,3,Laptop & Accessory,3,Single,2,0,16.0,5.0,5.0,7.0,150.1,7.0,5.0,2,5,2,9,At Risk
51441,0,27.0,Mobile Phone,1,8.0,Cash on Delivery,Female,2.0,3,Fashion,3,Married,10,0,12.0,0.0,,3.0,235.49,3.0,2.0,4,2,5,11,Potential Loyalists
51442,0,0.0,Mobile Phone,3,9.0,UPI,Female,2.0,3,Laptop & Accessory,3,Married,1,0,21.0,0.0,1.0,2.0,149.99,2.0,1.0,5,1,2,8,Hibernating
51443,0,1.0,Computer,3,10.0,Credit Card,Male,2.0,3,Laptop & Accessory,3,Married,2,0,15.0,0.0,1.0,4.0,142.21,4.0,1.0,3,1,2,6,Hibernating
51444,0,30.0,Mobile Phone,3,16.0,Credit Card,Male,2.0,3,Grocery,3,Single,1,0,13.0,0.0,,8.0,238.72000000000003,8.0,2.0,2,2,5,9,At Risk
51445,0,,Computer,1,29.0,Credit Card,Male,3.0,3,Laptop & Accessory,4,Married,5,0,12.0,0.0,1.0,2.0,120.42,2.0,1.0,5,1,1,7,Hibernating
51446,1,,Mobile Phone,2,12.0,UPI,Male,3.0,3,Mobile Phone,5,Married,5,1,22.0,0.0,1.0,2.0,120.73,2.0,1.0,5,1,1,7,Hibernating
51447,0,5.0,Mobile Phone,1,6.0,Debit Card,Male,,3,Mobile Phone,5,Single,2,0,13.0,0.0,1.0,0.0,129.56,0.0,1.0,5,1,1,7,Hibernating
51448,1,0.0,Computer,1,12.0,Debit Card,Female,,4,Mobile Phone,1,Single,2,1,18.0,0.0,1.0,0.0,129.26,0.0,1.0,5,1,1,7,Hibernating
51449,0,7.0,Mobile Phone,1,12.0,UPI,Female,2.0,3,Laptop & Accessory,3,Single,2,0,14.0,0.0,2.0,10.0,148.09,10.0,2.0,1,2,2,5,Hibernating
51450,0,10.0,Computer,1,8.0,Debit Card,Male,3.0,4,Laptop & Accessory,1,Married,6,0,14.0,1.0,1.0,0.0,151.63,0.0,1.0,5,1,2,8,Hibernating
51451,0,30.0,Computer,2,8.0,UPI,Female,2.0,4,Others,1,Married,10,0,21.0,,2.0,2.0,288.44,2.0,2.0,5,2,5,12,Potential Loyalists
51452,0,23.0,Computer,1,6.0,Debit Card,Female,3.0,3,Others,4,Married,4,1,19.0,,1.0,7.0,281.72,7.0,1.0,2,1,5,8,At Risk
51453,1,0.0,Mobile Phone,3,11.0,E wallet,Male,2.0,4,Laptop & Accessory,3,Single,2,1,11.0,0.0,1.0,3.0,157.44,3.0,1.0,4,1,3,8,Hibernating
51454,0,0.0,Mobile Phone,1,13.0,Credit Card,Male,,4,Mobile Phone,1,Married,2,0,11.0,0.0,2.0,1.0,128.89,1.0,2.0,5,2,1,8,Potential Loyalists
51455,0,0.0,Mobile Phone,1,21.0,Credit Card,Female,,3,Mobile Phone,1,Single,2,0,15.0,1.0,1.0,0.0,128.71,0.0,1.0,5,1,1,7,Hibernating
51456,0,24.0,Computer,1,6.0,Credit Card,Female,1.0,4,Fashion,5,Single,4,0,20.0,4.0,12.0,8.0,174.84,8.0,12.0,2,5,4,11,Loyal Customers
51457,1,0.0,Computer,1,13.0,Debit Card,Male,3.0,5,Laptop & Accessory,3,Single,2,1,24.0,1.0,1.0,6.0,160.74,6.0,1.0,2,1,3,6,At Risk
51458,0,27.0,Computer,2,32.0,UPI,Female,1.0,1,Grocery,1,Single,3,1,12.0,,4.0,4.0,273.28,4.0,4.0,3,4,5,12,Loyal Customers
51459,0,0.0,Mobile Phone,1,24.0,Debit Card,Male,,3,Mobile Phone,3,Married,1,0,12.0,0.0,1.0,2.0,127.74,2.0,1.0,5,1,1,7,Hibernating
51460,0,7.0,Mobile Phone,1,12.0,Debit Card,Female,2.0,4,Laptop & Accessory,4,Married,7,0,15.0,1.0,1.0,0.0,145.05,0.0,1.0,5,1,2,8,Hibernating
51461,0,10.0,Mobile Phone,3,9.0,Debit Card,Male,2.0,3,Fashion,1,Single,3,0,12.0,0.0,1.0,3.0,174.28,3.0,1.0,4,1,4,9,Hibernating
51462,0,7.0,Mobile Phone,1,11.0,Credit Card,Female,2.0,4,Fashion,5,Single,3,0,12.0,2.0,5.0,,216.31,3.0,5.0,4,5,5,14,Champions
51463,0,9.0,Computer,3,17.0,Cash on Delivery,Female,3.0,3,Fashion,1,Married,1,0,14.0,0.0,2.0,8.0,197.38,8.0,2.0,2,2,4,8,At Risk
51464,0,9.0,Mobile Phone,1,9.0,Debit Card,Female,,3,Mobile Phone,1,Married,6,0,22.0,0.0,1.0,0.0,128.35,0.0,1.0,5,1,1,7,Hibernating
51465,0,16.0,Computer,3,32.0,Debit Card,Male,3.0,3,Grocery,1,Married,2,1,12.0,,4.0,12.0,269.59,12.0,4.0,1,4,5,10,Loyal Customers
51466,0,3.0,Computer,1,,Debit Card,Male,3.0,5,Mobile Phone,3,Married,2,0,25.0,0.0,1.0,9.0,126.13,9.0,1.0,1,1,1,3,Hibernating
51467,0,6.0,Computer,3,28.0,E wallet,Male,3.0,3,Laptop & Accessory,4,Married,1,0,13.0,0.0,1.0,7.0,161.46,7.0,1.0,2,1,3,6,At Risk
51468,1,19.0,Mobile Phone,1,20.0,Debit Card,Female,3.0,3,Mobile Phone,4,Married,10,1,18.0,3.0,4.0,3.0,149.63,3.0,4.0,4,4,2,10,Potential Loyalists
51469,0,24.0,Mobile Phone,1,12.0,Debit Card,Male,2.0,3,Others,3,Single,8,0,,8.0,15.0,15.0,295.37,15.0,15.0,1,5,5,11,Loyal Customers
51470,1,0.0,Mobile Phone,3,12.0,Debit Card,Male,3.0,5,Laptop & Accessory,3,Married,5,1,18.0,0.0,7.0,7.0,161.72,7.0,7.0,2,5,3,10,Loyal Customers
51471,0,0.0,Mobile Phone,1,,UPI,Female,2.0,4,Mobile Phone,4,Married,2,0,19.0,2.0,4.0,3.0,123.68,3.0,4.0,4,4,1,9,Potential Loyalists
51472,1,20.0,Mobile Phone,1,29.0,Credit Card,Female,3.0,3,Fashion,1,Married,2,0,12.0,7.0,15.0,6.0,203.12,6.0,15.0,2,5,4,11,Loyal Customers
51473,1,,Mobile Phone,3,28.0,E wallet,Male,2.0,3,Mobile Phone,3,Single,2,1,19.0,1.0,1.0,0.0,116.75,0.0,1.0,5,1,1,7,Hibernating
51474,0,0.0,Mobile Phone,1,,Cash on Delivery,Male,3.0,3,Mobile Phone,1,Married,1,0,14.0,2.0,2.0,1.0,125.23,1.0,2.0,5,2,1,8,Potential Loyalists
51475,0,22.0,Mobile Phone,1,26.0,Credit Card,Female,3.0,3,Laptop & Accessory,5,Married,2,0,14.0,5.0,5.0,11.0,165.67,11.0,5.0,1,5,3,9,Loyal Customers
51476,0,16.0,Computer,1,34.0,Credit Card,Female,3.0,1,Mobile Phone,3,Single,5,0,12.0,0.0,1.0,2.0,147.39,2.0,1.0,5,1,2,8,Hibernating
51477,0,23.0,Computer,3,18.0,E wallet,Female,3.0,3,Fashion,1,Single,5,0,11.0,1.0,2.0,1.0,192.08,1.0,2.0,5,2,4,11,Potential Loyalists
51478,1,0.0,Mobile Phone,3,26.0,Debit Card,Female,3.0,5,Laptop & Accessory,3,Married,4,1,11.0,0.0,2.0,2.0,145.59,2.0,2.0,5,2,2,9,Potential Loyalists
51479,0,14.0,Mobile Phone,3,15.0,Debit Card,Male,3.0,3,Fashion,3,Married,4,1,13.0,0.0,1.0,7.0,181.89,7.0,1.0,2,1,4,7,At Risk
51480,0,0.0,Mobile Phone,2,31.0,Debit Card,Female,,3,Mobile Phone,3,Married,2,0,23.0,2.0,5.0,7.0,129.42,7.0,5.0,2,5,1,8,At Risk
51481,0,9.0,Mobile Phone,1,12.0,Credit Card,Male,2.0,3,Laptop & Accessory,4,Married,7,0,20.0,0.0,1.0,1.0,149.41,1.0,1.0,5,1,2,8,Hibernating
51482,1,14.0,Computer,1,14.0,Debit Card,Male,2.0,5,Fashion,1,Single,3,0,15.0,1.0,1.0,3.0,206.5,3.0,1.0,4,1,4,9,Hibernating
51483,0,12.0,Mobile Phone,3,10.0,Debit Card,Female,2.0,4,Laptop & Accessory,3,Married,5,0,14.0,5.0,5.0,9.0,159.02,9.0,5.0,1,5,3,9,Loyal Customers
51484,0,0.0,Mobile Phone,3,34.0,Debit Card,Male,2.0,4,Laptop & Accessory,3,Married,3,0,18.0,1.0,2.0,2.0,186.39,2.0,2.0,5,2,4,11,Potential Loyalists
51485,0,3.0,Mobile Phone,2,15.0,UPI,Male,2.0,3,Laptop & Accessory,1,Married,1,1,19.0,4.0,4.0,7.0,163.47,7.0,4.0,2,4,3,9,Loyal Customers
51486,1,0.0,Mobile Phone,1,15.0,Credit Card,Female,2.0,3,Mobile Phone,5,Single,8,0,22.0,1.0,1.0,4.0,142.0,4.0,1.0,3,1,2,6,Hibernating
51487,0,18.0,Mobile Phone,1,35.0,Credit Card,Male,2.0,3,Mobile Phone,1,Single,6,0,13.0,1.0,1.0,3.0,134.52,3.0,1.0,4,1,1,6,Hibernating
51488,0,11.0,Mobile Phone,1,9.0,Cash on Delivery,Female,2.0,3,Laptop & Accessory,3,Single,4,1,20.0,2.0,2.0,2.0,143.17,2.0,2.0,5,2,2,9,Potential Loyalists
51489,0,3.0,Mobile Phone,1,,Debit Card,Female,3.0,3,Mobile Phone,3,Single,2,0,14.0,1.0,1.0,4.0,126.32,4.0,1.0,3,1,1,5,Hibernating
51490,0,5.0,Computer,3,15.0,Credit Card,Male,2.0,5,Laptop & Accessory,1,Married,1,0,17.0,0.0,1.0,7.0,146.68,7.0,1.0,2,1,2,5,Hibernating
51491,0,3.0,Mobile Phone,1,11.0,Cash on Delivery,Female,2.0,3,Mobile Phone,5,Married,6,0,14.0,0.0,2.0,30.0,132.04,30.0,2.0,1,2,1,4,Hibernating
51492,0,3.0,Mobile Phone,1,8.0,Credit Card,Male,,4,Mobile Phone,1,Single,1,0,13.0,0.0,1.0,2.0,127.2,2.0,1.0,5,1,1,7,Hibernating
51493,0,14.0,Computer,1,16.0,Debit Card,Male,3.0,4,Grocery,5,Married,5,0,13.0,,7.0,7.0,271.81,7.0,7.0,2,5,5,12,Loyal Customers
51494,0,,Mobile Phone,1,15.0,Debit Card,Male,3.0,3,Mobile Phone,5,Married,3,0,21.0,0.0,1.0,4.0,122.38,4.0,1.0,3,1,1,5,Hibernating
51495,0,,Mobile Phone,1,9.0,Credit Card,Female,3.0,3,Mobile Phone,4,Single,2,0,14.0,1.0,1.0,0.0,114.83,0.0,1.0,5,1,1,7,Hibernating
51496,0,13.0,Computer,1,32.0,Credit Card,Female,2.0,3,Laptop & Accessory,4,Married,2,0,11.0,0.0,2.0,13.0,156.05,13.0,2.0,1,2,3,6,At Risk
51497,0,8.0,Mobile Phone,3,6.0,E wallet,Male,3.0,3,Fashion,4,Married,2,0,13.0,0.0,1.0,6.0,172.95,6.0,1.0,2,1,3,6,At Risk
51498,0,,Mobile Phone,3,12.0,E wallet,Male,2.0,3,Laptop & Accessory,3,Married,3,1,20.0,0.0,4.0,5.0,123.06,5.0,4.0,2,4,1,7,At Risk
51499,0,18.0,Mobile Phone,1,,Debit Card,Male,2.0,3,Laptop & Accessory,4,Married,9,0,18.0,1.0,1.0,15.0,123.48,15.0,1.0,1,1,1,3,Hibernating
51500,0,5.0,Computer,3,14.0,E wallet,Female,2.0,3,Fashion,1,Single,2,0,14.0,2.0,3.0,7.0,189.98,7.0,3.0,2,4,4,10,Loyal Customers
51501,0,2.0,Computer,1,6.0,Cash on Delivery,Male,2.0,3,Laptop & Accessory,3,Married,2,0,13.0,0.0,1.0,9.0,143.19,9.0,1.0,1,1,2,4,Hibernating
51502,0,24.0,Mobile Phone,1,13.0,Credit Card,Male,2.0,4,Laptop & Accessory,3,Married,3,0,17.0,1.0,1.0,0.0,161.32,0.0,1.0,5,1,3,9,Hibernating
51503,0,30.0,Mobile Phone,1,15.0,Credit Card,Female,3.0,4,Mobile Phone,4,Married,5,1,20.0,1.0,1.0,0.0,133.46,0.0,1.0,5,1,1,7,Hibernating
51504,0,13.0,Mobile Phone,3,10.0,E wallet,Male,3.0,4,Fashion,1,Married,8,0,11.0,1.0,2.0,11.0,208.55,11.0,2.0,1,2,4,7,At Risk
51505,0,,Computer,3,8.0,E wallet,Female,3.0,3,Mobile Phone,3,Married,7,0,18.0,0.0,1.0,2.0,122.31,2.0,1.0,5,1,1,7,Hibernating
51506,0,0.0,Mobile Phone,1,,Credit Card,Male,3.0,3,Mobile Phone,1,Married,2,0,24.0,2.0,2.0,2.0,123.23,2.0,2.0,5,2,1,8,Potential Loyalists
51507,0,,Computer,1,15.0,Credit Card,Male,2.0,3,Mobile Phone,4,Married,7,0,18.0,2.0,2.0,2.0,120.24,2.0,2.0,5,2,1,8,Potential Loyalists
51508,0,1.0,Mobile Phone,1,27.0,Credit Card,Male,,3,Mobile Phone,1,Married,2,0,11.0,0.0,1.0,2.0,127.13,2.0,1.0,5,1,1,7,Hibernating
51509,0,30.0,Mobile Phone,1,30.0,Debit Card,Male,2.0,1,Fashion,1,Married,4,1,16.0,1.0,1.0,4.0,194.39,4.0,1.0,3,1,4,8,Hibernating
51510,0,0.0,Computer,1,,Credit Card,Male,3.0,4,Mobile Phone,3,Married,2,1,15.0,0.0,1.0,1.0,125.66,1.0,1.0,5,1,1,7,Hibernating
51511,0,23.0,Mobile Phone,1,17.0,Debit Card,Female,2.0,3,Others,4,Single,4,0,,0.0,4.0,4.0,299.26,4.0,4.0,3,4,5,12,Loyal Customers
51512,0,14.0,Mobile Phone,1,,Debit Card,Male,2.0,3,Mobile Phone,3,Married,5,0,12.0,1.0,1.0,8.0,124.51,8.0,1.0,2,1,1,4,Hibernating
51513,0,3.0,Mobile Phone,3,11.0,Debit Card,Female,2.0,3,Fashion,1,Married,3,0,12.0,1.0,7.0,4.0,194.19,4.0,7.0,3,5,4,12,Loyal Customers
51514,0,11.0,Mobile Phone,3,6.0,Debit Card,Female,2.0,4,Laptop & Accessory,1,Single,5,0,22.0,0.0,1.0,7.0,186.86,7.0,1.0,2,1,4,7,At Risk
51515,0,5.0,Mobile Phone,1,12.0,Debit Card,Male,,3,Mobile Phone,3,Single,4,0,20.0,0.0,1.0,4.0,130.38,4.0,1.0,3,1,1,5,Hibernating
51516,0,0.0,Mobile Phone,1,23.0,Cash on Delivery,Male,,3,Mobile Phone,4,Married,1,1,16.0,0.0,1.0,1.0,130.58,1.0,1.0,5,1,1,7,Hibernating
51517,1,0.0,Computer,3,,Cash on Delivery,Female,3.0,5,Mobile Phone,5,Single,1,0,21.0,1.0,1.0,0.0,123.25,0.0,1.0,5,1,1,7,Hibernating
51518,0,,Computer,1,9.0,Credit Card,Male,1.0,3,Mobile Phone,4,Single,5,0,12.0,2.0,7.0,2.0,120.88,2.0,7.0,5,5,1,11,Potential Loyalists
51519,0,3.0,Computer,1,15.0,Credit Card,Male,,3,Laptop & Accessory,5,Married,2,0,11.0,5.0,6.0,10.0,130.72,10.0,6.0,1,5,1,7,At Risk
51520,0,18.0,Mobile Phone,3,10.0,Debit Card,Female,1.0,3,Laptop & Accessory,5,Married,5,1,11.0,0.0,1.0,3.0,150.06,3.0,1.0,4,1,2,7,Hibernating
51521,0,29.0,Mobile Phone,1,14.0,Debit Card,Female,3.0,3,Mobile Phone,5,Married,5,1,18.0,2.0,2.0,2.0,142.57,2.0,2.0,5,2,2,9,Potential Loyalists
51522,0,6.0,Mobile Phone,1,,Debit Card,Male,2.0,3,Mobile Phone,1,Single,1,0,14.0,1.0,1.0,2.0,125.0,2.0,1.0,5,1,1,7,Hibernating
51523,1,0.0,Mobile Phone,1,8.0,Debit Card,Male,2.0,4,Mobile Phone,1,Single,2,0,22.0,1.0,1.0,0.0,111.02,0.0,1.0,5,1,1,7,Hibernating
51524,0,19.0,Mobile Phone,3,6.0,E wallet,Female,3.0,3,Fashion,5,Married,2,0,25.0,8.0,15.0,7.0,204.53,7.0,15.0,2,5,4,11,Loyal Customers
51525,0,,Mobile Phone,1,15.0,Debit Card,Female,3.0,3,Mobile Phone,1,Single,2,0,12.0,1.0,2.0,1.0,122.88,1.0,2.0,5,2,1,8,Potential Loyalists
51526,0,4.0,Mobile Phone,1,18.0,Credit Card,Female,3.0,3,Mobile Phone,1,Married,9,1,23.0,1.0,1.0,2.0,139.29,2.0,1.0,5,1,1,7,Hibernating
51527,0,,Mobile Phone,1,33.0,Credit Card,Female,3.0,3,Mobile Phone,4,Single,3,0,15.0,0.0,1.0,2.0,123.11,2.0,1.0,5,1,1,7,Hibernating
51528,1,4.0,Mobile Phone,3,26.0,E wallet,Female,,3,Mobile Phone,4,Single,2,1,22.0,0.0,1.0,2.0,131.4,2.0,1.0,5,1,1,7,Hibernating
51529,0,23.0,Mobile Phone,1,6.0,Credit Card,Male,2.0,4,Mobile Phone,3,Married,3,0,15.0,1.0,1.0,2.0,136.9,2.0,1.0,5,1,1,7,Hibernating
51530,0,26.0,Mobile Phone,1,19.0,Credit Card,Female,2.0,1,Laptop & Accessory,5,Married,2,0,11.0,1.0,1.0,3.0,144.5,3.0,1.0,4,1,2,7,Hibernating
51531,0,6.0,Mobile Phone,1,20.0,Credit Card,Female,,3,Mobile Phone,4,Married,2,0,13.0,1.0,1.0,6.0,127.56,6.0,1.0,2,1,1,4,Hibernating
51532,0,13.0,Mobile Phone,1,10.0,Credit Card,Female,2.0,3,Others,3,Married,2,0,14.0,,9.0,9.0,290.33,9.0,9.0,1,5,5,11,Loyal Customers
51533,0,28.0,Mobile Phone,1,20.0,Credit Card,Male,3.0,1,Others,4,Single,9,0,11.0,,2.0,15.0,287.22,15.0,2.0,1,2,5,8,At Risk
51534,0,7.0,Computer,1,8.0,Debit Card,Male,2.0,4,Laptop & Accessory,3,Married,2,0,17.0,0.0,1.0,9.0,195.47,9.0,1.0,1,1,4,6,At Risk
51535,0,24.0,Mobile Phone,1,9.0,Credit Card,Female,3.0,3,Grocery,4,Single,4,0,18.0,1.0,,0.0,237.34,0.0,2.0,5,2,5,12,Potential Loyalists
51536,0,25.0,Mobile Phone,1,6.0,Debit Card,Male,3.0,4,Others,3,Married,1,0,,7.0,11.0,9.0,299.99,9.0,11.0,1,5,5,11,Loyal Customers
51537,0,,Mobile Phone,1,15.0,Credit Card,Female,4.0,3,Mobile Phone,4,Single,2,0,16.0,0.0,1.0,3.0,122.79,3.0,1.0,4,1,1,6,Hibernating
51538,1,0.0,Mobile Phone,1,29.0,Debit Card,Male,2.0,4,Laptop & Accessory,3,Married,4,1,13.0,1.0,1.0,1.0,159.16,1.0,1.0,5,1,3,9,Hibernating
51539,0,,Computer,1,13.0,Credit Card,Male,2.0,1,Mobile Phone,1,Married,5,0,14.0,1.0,2.0,2.0,120.89,2.0,2.0,5,2,1,8,Potential Loyalists
51540,0,18.0,Computer,1,8.0,Credit Card,Male,3.0,4,Grocery,1,Married,10,0,23.0,,11.0,8.0,267.92,8.0,11.0,2,5,5,12,Loyal Customers
51541,0,10.0,Mobile Phone,1,27.0,Debit Card,Male,3.0,1,Mobile Phone,5,Married,2,1,12.0,1.0,1.0,7.0,135.64,7.0,1.0,2,1,1,4,Hibernating
51542,0,8.0,Computer,1,8.0,Credit Card,Female,2.0,3,Laptop & Accessory,4,Single,6,0,11.0,0.0,1.0,2.0,144.25,2.0,1.0,5,1,2,8,Hibernating
51543,0,15.0,Computer,1,27.0,Credit Card,Female,2.0,3,Laptop & Accessory,3,Married,3,0,16.0,0.0,1.0,2.0,152.65,2.0,1.0,5,1,2,8,Hibernating
51544,0,11.0,Mobile Phone,1,8.0,Debit Card,Male,2.0,3,Laptop & Accessory,3,Married,10,0,14.0,1.0,1.0,0.0,165.53,0.0,1.0,5,1,3,9,Hibernating
51545,0,11.0,Mobile Phone,1,35.0,Cash on Delivery,Male,2.0,3,Laptop & Accessory,1,Married,4,0,18.0,0.0,1.0,7.0,162.61,7.0,1.0,2,1,3,6,At Risk
51546,0,0.0,Computer,1,6.0,Cash on Delivery,Male,2.0,4,Laptop & Accessory,5,Married,6,0,19.0,2.0,2.0,0.0,142.98,0.0,2.0,5,2,2,9,Potential Loyalists
51547,0,22.0,Computer,1,24.0,Debit Card,Male,3.0,3,Laptop & Accessory,1,Married,2,1,15.0,0.0,1.0,7.0,168.04,7.0,1.0,2,1,3,6,At Risk
51548,0,7.0,Computer,1,16.0,Credit Card,Male,2.0,3,Mobile Phone,3,Married,2,1,17.0,2.0,2.0,0.0,138.15,0.0,2.0,5,2,1,8,Potential Loyalists
51549,0,13.0,Mobile Phone,1,25.0,Credit Card,Male,,3,Laptop & Accessory,1,Married,9,1,15.0,3.0,3.0,7.0,127.41,7.0,3.0,2,4,1,7,At Risk
51550,1,1.0,Mobile Phone,1,35.0,Credit Card,Male,3.0,3,Laptop & Accessory,5,Married,8,1,19.0,1.0,1.0,0.0,166.73,0.0,1.0,5,1,3,9,Hibernating
51551,1,0.0,Mobile Phone,3,33.0,E wallet,Female,2.0,3,Fashion,1,Married,2,0,22.0,0.0,1.0,9.0,176.39,9.0,1.0,1,1,4,6,At Risk
51552,0,0.0,Mobile Phone,1,,Debit Card,Male,2.0,1,Mobile Phone,4,Married,2,1,16.0,2.0,2.0,2.0,123.28,2.0,2.0,5,2,1,8,Potential Loyalists
51553,0,,Computer,1,24.0,Credit Card,Female,3.0,3,Mobile Phone,1,Single,2,0,13.0,0.0,1.0,7.0,121.53,7.0,1.0,2,1,1,4,Hibernating
51554,0,13.0,Computer,1,15.0,Debit Card,Male,3.0,4,Laptop & Accessory,1,Married,10,0,14.0,0.0,1.0,2.0,148.76,2.0,1.0,5,1,2,8,Hibernating
51555,0,19.0,Mobile Phone,1,6.0,Credit Card,Male,3.0,3,Fashion,5,Married,8,0,16.0,0.0,1.0,3.0,193.96,3.0,1.0,4,1,4,9,Hibernating
51556,1,0.0,Mobile Phone,3,10.0,Credit Card,Male,2.0,5,Fashion,1,Married,2,0,11.0,6.0,9.0,8.0,204.0,8.0,9.0,2,5,4,11,Loyal Customers
51557,0,3.0,Computer,1,6.0,Debit Card,Male,2.0,4,Fashion,3,Single,2,0,22.0,4.0,5.0,8.0,184.74,8.0,5.0,2,5,4,11,Loyal Customers
51558,0,0.0,Computer,3,26.0,Debit Card,Female,2.0,3,Laptop & Accessory,3,Single,2,0,14.0,1.0,1.0,7.0,199.81,7.0,1.0,2,1,4,7,At Risk
51559,0,24.0,Mobile Phone,1,14.0,Debit Card,Male,2.0,4,Fashion,4,Married,6,0,16.0,2.0,4.0,,224.9,3.0,4.0,4,4,5,13,Champions
51560,1,0.0,Mobile Phone,1,,Cash on Delivery,Female,2.0,3,Mobile Phone,5,Single,6,1,11.0,0.0,1.0,4.0,126.57,4.0,1.0,3,1,1,5,Hibernating
51561,0,14.0,Mobile Phone,3,12.0,Debit Card,Female,3.0,3,Fashion,1,Single,4,1,18.0,0.0,,0.0,235.91000000000005,0.0,2.0,5,2,5,12,Potential Loyalists
51562,1,0.0,Computer,3,32.0,E wallet,Female,2.0,4,Laptop & Accessory,5,Single,6,0,15.0,1.0,1.0,1.0,166.96,1.0,1.0,5,1,3,9,Hibernating
51563,1,,Mobile Phone,1,6.0,Cash on Delivery,Male,2.0,3,Mobile Phone,3,Single,1,0,14.0,0.0,1.0,5.0,120.58,5.0,1.0,2,1,1,4,Hibernating
51564,0,18.0,Computer,3,12.0,Credit Card,Female,2.0,4,Fashion,1,Single,7,0,12.0,5.0,12.0,8.0,188.65,8.0,12.0,2,5,4,11,Loyal Customers
51565,0,27.0,Mobile Phone,3,9.0,E wallet,Female,2.0,3,Laptop & Accessory,5,Married,3,0,14.0,1.0,1.0,5.0,159.4,5.0,1.0,2,1,3,6,At Risk
51566,0,9.0,Mobile Phone,1,11.0,Debit Card,Male,3.0,3,Laptop & Accessory,4,Single,9,0,16.0,2.0,3.0,7.0,159.14,7.0,3.0,2,4,3,9,Loyal Customers
51567,0,6.0,Mobile Phone,1,,Credit Card,Female,2.0,4,Mobile Phone,4,Married,7,0,21.0,0.0,1.0,1.0,126.22,1.0,1.0,5,1,1,7,Hibernating
51568,0,10.0,Computer,1,17.0,UPI,Male,2.0,3,Fashion,1,Married,2,1,14.0,1.0,1.0,,221.85,3.0,1.0,4,1,5,10,Hibernating
51569,0,11.0,Mobile Phone,3,9.0,Debit Card,Male,3.0,3,Fashion,3,Married,1,0,12.0,1.0,5.0,13.0,206.09,13.0,5.0,1,5,4,10,Loyal Customers
51570,0,4.0,Computer,1,6.0,Credit Card,Male,2.0,5,Laptop & Accessory,3,Married,1,0,12.0,0.0,1.0,4.0,143.45,4.0,1.0,3,1,2,6,Hibernating
51571,0,,Mobile Phone,1,9.0,Debit Card,Male,3.0,4,Mobile Phone,1,Married,4,0,17.0,0.0,1.0,0.0,121.77,0.0,1.0,5,1,1,7,Hibernating
51572,0,10.0,Computer,3,10.0,E wallet,Male,,3,Mobile Phone,1,Married,5,0,17.0,3.0,5.0,8.0,127.93,8.0,5.0,2,5,1,8,At Risk
51573,0,2.0,Computer,3,6.0,Credit Card,Female,2.0,3,Fashion,1,Married,2,0,14.0,4.0,4.0,1.0,179.18,1.0,4.0,5,4,4,13,Champions
51574,0,8.0,Computer,3,6.0,E wallet,Female,3.0,3,Fashion,3,Single,2,0,14.0,1.0,1.0,8.0,187.89,8.0,1.0,2,1,4,7,At Risk
51575,1,0.0,Mobile Phone,1,,Credit Card,Male,2.0,4,Mobile Phone,1,Single,2,1,13.0,0.0,1.0,1.0,123.89,1.0,1.0,5,1,1,7,Hibernating
51576,0,25.0,Mobile Phone,1,8.0,Debit Card,Female,2.0,4,Mobile Phone,1,Single,8,0,15.0,2.0,2.0,2.0,132.12,2.0,2.0,5,2,1,8,Potential Loyalists
51577,0,15.0,Mobile Phone,1,10.0,Cash on Delivery,Male,2.0,3,Others,1,Married,2,0,,0.0,11.0,15.0,292.32,15.0,11.0,1,5,5,11,Loyal Customers
51578,0,,Mobile Phone,2,12.0,Credit Card,Male,2.0,3,Mobile Phone,3,Married,9,0,17.0,0.0,2.0,2.0,122.67,2.0,2.0,5,2,1,8,Potential Loyalists
51579,0,23.0,Mobile Phone,3,6.0,Credit Card,Female,3.0,3,Others,1,Married,4,0,,1.0,1.0,6.0,295.17,6.0,1.0,2,1,5,8,At Risk
51580,1,0.0,Mobile Phone,1,,Credit Card,Male,2.0,3,Mobile Phone,1,Married,6,1,13.0,1.0,1.0,4.0,124.36,4.0,1.0,3,1,1,5,Hibernating
51581,0,16.0,Mobile Phone,3,22.0,E wallet,Female,3.0,3,Grocery,1,Married,6,1,22.0,0.0,,9.0,260.64,9.0,2.0,1,2,5,8,At Risk
51582,1,0.0,Mobile Phone,1,8.0,Debit Card,Female,,3,Mobile Phone,5,Married,8,0,20.0,1.0,1.0,7.0,127.07,7.0,1.0,2,1,1,4,Hibernating
51583,0,25.0,Computer,3,8.0,Debit Card,Male,3.0,4,Others,3,Single,2,1,18.0,,15.0,12.0,290.68,12.0,15.0,1,5,5,11,Loyal Customers
51584,0,5.0,Mobile Phone,3,10.0,Debit Card,Female,2.0,3,Mobile Phone,4,Married,3,0,11.0,1.0,1.0,2.0,139.31,2.0,1.0,5,1,1,7,Hibernating
51585,1,0.0,Mobile Phone,1,6.0,Debit Card,Male,3.0,4,Mobile Phone,3,Single,1,1,14.0,0.0,1.0,2.0,137.3,2.0,1.0,5,1,1,7,Hibernating
51586,0,,Mobile Phone,1,6.0,Credit Card,Female,3.0,3,Mobile Phone,3,Married,8,0,14.0,1.0,1.0,2.0,122.32,2.0,1.0,5,1,1,7,Hibernating
51587,0,5.0,Computer,3,32.0,E wallet,Male,3.0,3,Laptop & Accessory,1,Married,1,0,18.0,2.0,2.0,2.0,144.65,2.0,2.0,5,2,2,9,Potential Loyalists
51588,0,14.0,Mobile Phone,1,25.0,Debit Card,Male,,3,Laptop & Accessory,5,Married,3,0,16.0,0.0,1.0,0.0,130.72,0.0,1.0,5,1,1,7,Hibernating
51589,0,13.0,Mobile Phone,1,30.0,Cash on Delivery,Male,3.0,3,Laptop & Accessory,1,Married,2,0,17.0,2.0,4.0,7.0,133.19,7.0,4.0,2,4,1,7,At Risk
51590,0,18.0,Mobile Phone,1,6.0,UPI,Male,3.0,1,Others,1,Married,1,0,,1.0,1.0,7.0,292.02,7.0,1.0,2,1,5,8,At Risk
51591,0,4.0,Computer,1,9.0,Credit Card,Male,3.0,3,Fashion,3,Married,10,0,12.0,2.0,,2.0,236.75,2.0,2.0,5,2,5,12,Potential Loyalists
51592,0,6.0,Mobile Phone,1,11.0,Debit Card,Female,,4,Mobile Phone,1,Married,2,0,13.0,0.0,1.0,2.0,129.11,2.0,1.0,5,1,1,7,Hibernating
51593,0,7.0,Mobile Phone,1,8.0,Debit Card,Male,2.0,4,Laptop & Accessory,5,Married,7,0,13.0,0.0,5.0,9.0,159.57,9.0,5.0,1,5,3,9,Loyal Customers
51594,0,10.0,Mobile Phone,1,6.0,Credit Card,Female,2.0,4,Mobile Phone,5,Married,3,0,14.0,0.0,1.0,2.0,139.2,2.0,1.0,5,1,1,7,Hibernating
51595,0,18.0,Computer,1,13.0,Debit Card,Male,3.0,1,Laptop & Accessory,3,Married,5,0,17.0,1.0,1.0,2.0,164.34,2.0,1.0,5,1,3,9,Hibernating
51596,1,0.0,Computer,1,16.0,Credit Card,Male,3.0,3,Fashion,3,Married,7,0,11.0,0.0,1.0,0.0,200.48,0.0,1.0,5,1,4,10,Hibernating
51597,0,12.0,Computer,1,8.0,Cash on Delivery,Female,3.0,3,Fashion,3,Single,1,0,25.0,6.0,11.0,,209.38,3.0,11.0,4,5,5,14,Champions
51598,0,2.0,Mobile Phone,1,,Debit Card,Male,2.0,3,Mobile Phone,1,Single,2,0,19.0,1.0,1.0,5.0,123.4,5.0,1.0,2,1,1,4,Hibernating
51599,0,15.0,Mobile Phone,1,23.0,Debit Card,Female,2.0,1,Laptop & Accessory,5,Single,4,1,13.0,1.0,1.0,2.0,165.45,2.0,1.0,5,1,3,9,Hibernating
51600,0,2.0,Mobile Phone,3,26.0,E wallet,Male,2.0,3,Laptop & Accessory,1,Married,3,0,14.0,1.0,1.0,2.0,169.31,2.0,1.0,5,1,3,9,Hibernating
51601,0,0.0,Mobile Phone,1,6.0,Debit Card,Female,3.0,3,Laptop & Accessory,3,Married,1,0,12.0,1.0,1.0,2.0,148.98,2.0,1.0,5,1,2,8,Hibernating
51602,0,15.0,Mobile Phone,1,,Credit Card,Female,2.0,4,Mobile Phone,5,Married,1,1,11.0,7.0,7.0,8.0,125.93,8.0,7.0,2,5,1,8,At Risk
51603,0,13.0,Mobile Phone,1,8.0,Credit Card,Male,2.0,3,Others,3,Married,1,0,,3.0,3.0,9.0,294.36,9.0,3.0,1,4,5,10,Loyal Customers
51604,0,24.0,Mobile Phone,1,6.0,Debit Card,Male,,3,Mobile Phone,1,Married,2,0,11.0,1.0,1.0,0.0,127.23,0.0,1.0,5,1,1,7,Hibernating
51605,1,0.0,Computer,1,35.0,Credit Card,Male,3.0,4,Mobile Phone,4,Single,1,0,11.0,0.0,1.0,4.0,134.79,4.0,1.0,3,1,1,5,Hibernating
51606,0,5.0,Computer,1,13.0,Debit Card,Male,,1,Mobile Phone,4,Married,2,0,20.0,0.0,1.0,3.0,127.94,3.0,1.0,4,1,1,6,Hibernating
51607,0,11.0,Computer,3,8.0,Debit Card,Male,2.0,4,Laptop & Accessory,1,Married,4,0,18.0,1.0,7.0,5.0,152.49,5.0,7.0,2,5,2,9,At Risk
51608,0,,Mobile Phone,1,8.0,Cash on Delivery,Male,2.0,4,Laptop & Accessory,5,Single,5,0,13.0,0.0,1.0,4.0,121.76,4.0,1.0,3,1,1,5,Hibernating
51609,0,19.0,Mobile Phone,3,8.0,Cash on Delivery,Female,3.0,5,Grocery,4,Married,4,1,12.0,,7.0,7.0,268.72,7.0,7.0,2,5,5,12,Loyal Customers
51610,1,0.0,Mobile Phone,1,8.0,Debit Card,Male,3.0,3,Mobile Phone,3,Single,3,0,11.0,0.0,1.0,0.0,134.85,0.0,1.0,5,1,1,7,Hibernating
51611,0,2.0,Mobile Phone,3,8.0,Credit Card,Male,3.0,4,Laptop & Accessory,4,Married,3,0,19.0,1.0,1.0,0.0,166.44,0.0,1.0,5,1,3,9,Hibernating
51612,0,4.0,Mobile Phone,1,29.0,Credit Card,Male,3.0,4,Laptop & Accessory,1,Married,1,0,21.0,0.0,7.0,8.0,155.82,8.0,7.0,2,5,3,10,Loyal Customers
51613,0,0.0,Computer,1,11.0,Debit Card,Male,2.0,1,Laptop & Accessory,5,Married,2,0,12.0,1.0,1.0,5.0,140.0,5.0,1.0,2,1,1,4,Hibernating
51614,0,18.0,Mobile Phone,1,26.0,Credit Card,Male,3.0,3,Grocery,1,Married,1,1,14.0,2.0,,10.0,234.96,10.0,2.0,1,2,5,8,At Risk
51615,0,9.0,Mobile Phone,1,12.0,Debit Card,Male,2.0,3,Mobile Phone,1,Married,1,0,11.0,1.0,10.0,11.0,132.1,11.0,10.0,1,5,1,7,At Risk
51616,0,28.0,Mobile Phone,1,6.0,Credit Card,Male,2.0,3,Others,5,Single,1,1,14.0,,4.0,13.0,290.45,13.0,4.0,1,4,5,10,Loyal Customers
51617,1,10.0,Computer,1,35.0,Debit Card,Male,2.0,3,Fashion,4,Married,2,1,12.0,4.0,9.0,,218.49,3.0,9.0,4,5,5,14,Champions
51618,0,,Mobile Phone,1,15.0,Credit Card,Male,3.0,3,Mobile Phone,1,Married,2,0,23.0,1.0,1.0,4.0,120.7,4.0,1.0,3,1,1,5,Hibernating
51619,0,10.0,Mobile Phone,3,12.0,Credit Card,Male,3.0,3,Laptop & Accessory,1,Married,5,0,14.0,1.0,1.0,1.0,165.02,1.0,1.0,5,1,3,9,Hibernating
51620,0,0.0,Mobile Phone,1,9.0,Credit Card,Male,3.0,4,Mobile Phone,3,Single,2,0,17.0,1.0,1.0,0.0,132.3,0.0,1.0,5,1,1,7,Hibernating
51621,0,10.0,Computer,1,6.0,Credit Card,Female,3.0,3,Fashion,1,Married,3,1,18.0,0.0,,2.0,236.03,2.0,2.0,5,2,5,12,Potential Loyalists
51622,0,8.0,Mobile Phone,1,28.0,Debit Card,Female,3.0,1,Fashion,4,Married,8,0,18.0,5.0,6.0,,219.96,3.0,6.0,4,5,5,14,Champions
51623,0,11.0,Mobile Phone,3,13.0,Credit Card,Female,2.0,1,Laptop & Accessory,5,Married,2,1,24.0,4.0,7.0,7.0,156.05,7.0,7.0,2,5,3,10,Loyal Customers
51624,0,0.0,Computer,1,6.0,Debit Card,Female,2.0,3,Laptop & Accessory,4,Married,2,0,20.0,1.0,1.0,4.0,163.97,4.0,1.0,3,1,3,7,Hibernating
51625,0,23.0,Mobile Phone,1,10.0,Debit Card,Male,3.0,3,Others,4,Married,4,0,14.0,,1.0,6.0,291.44,6.0,1.0,2,1,5,8,At Risk
51626,0,26.0,Mobile Phone,1,9.0,Credit Card,Male,2.0,3,Grocery,3,Married,4,1,16.0,,1.0,3.0,275.84,3.0,1.0,4,1,5,10,Hibernating
51627,0,15.0,Mobile Phone,3,6.0,Debit Card,Male,1.0,3,Laptop & Accessory,3,Married,2,0,25.0,6.0,11.0,6.0,149.07,6.0,11.0,2,5,2,9,At Risk
51628,0,2.0,Computer,3,8.0,Debit Card,Male,2.0,3,Laptop & Accessory,1,Single,2,0,18.0,0.0,1.0,9.0,145.54,9.0,1.0,1,1,2,4,Hibernating
51629,0,28.0,Mobile Phone,1,26.0,Cash on Delivery,Male,2.0,3,Laptop & Accessory,1,Married,4,1,19.0,0.0,1.0,8.0,154.15,8.0,1.0,2,1,3,6,At Risk
51630,0,0.0,Computer,1,17.0,Credit Card,Male,2.0,3,Laptop & Accessory,5,Married,2,1,13.0,1.0,3.0,3.0,147.41,3.0,3.0,4,4,2,10,Potential Loyalists
51631,0,,Mobile Phone,1,6.0,Debit Card,Female,2.0,3,Mobile Phone,1,Single,2,0,12.0,1.0,5.0,7.0,121.15,7.0,5.0,2,5,1,8,At Risk
51632,1,7.0,Computer,1,30.0,Debit Card,Male,,3,Mobile Phone,3,Married,4,1,22.0,0.0,1.0,0.0,131.61,0.0,1.0,5,1,1,7,Hibernating
51633,0,11.0,Mobile Phone,1,29.0,Debit Card,Male,2.0,3,Laptop & Accessory,1,Married,10,0,14.0,0.0,1.0,2.0,157.45,2.0,1.0,5,1,3,9,Hibernating
51634,1,0.0,Mobile Phone,1,,Credit Card,Male,2.0,3,Mobile Phone,4,Married,3,1,13.0,1.0,1.0,2.0,123.73,2.0,1.0,5,1,1,7,Hibernating
51635,0,1.0,Mobile Phone,1,14.0,Debit Card,Female,3.0,3,Mobile Phone,1,Single,2,0,21.0,1.0,1.0,2.0,133.1,2.0,1.0,5,1,1,7,Hibernating
51636,0,22.0,Computer,1,16.0,Debit Card,Female,2.0,3,Others,5,Single,10,1,11.0,,1.0,2.0,286.65,2.0,1.0,5,1,5,11,Hibernating
51637,0,9.0,Mobile Phone,1,9.0,Cash on Delivery,Male,1.0,3,Laptop & Accessory,4,Single,5,0,12.0,2.0,7.0,7.0,144.85,7.0,7.0,2,5,2,9,At Risk
51638,0,4.0,Computer,3,11.0,E wallet,Female,,3,Mobile Phone,4,Married,2,0,11.0,0.0,2.0,2.0,127.89,2.0,2.0,5,2,1,8,Potential Loyalists
51639,1,0.0,Mobile Phone,3,10.0,E wallet,Male,2.0,4,Laptop & Accessory,1,Single,2,1,12.0,4.0,7.0,4.0,158.28,4.0,7.0,3,5,3,11,Loyal Customers
51640,0,10.0,Computer,1,,Credit Card,Male,2.0,3,Mobile Phone,1,Married,2,1,12.0,0.0,1.0,2.0,123.26,2.0,1.0,5,1,1,7,Hibernating
51641,0,15.0,Computer,3,32.0,E wallet,Female,3.0,3,Grocery,4,Married,6,0,14.0,3.0,,8.0,235.25,8.0,2.0,2,2,5,9,At Risk
51642,1,,Mobile Phone,1,9.0,Debit Card,Male,2.0,3,Mobile Phone,3,Single,2,0,13.0,1.0,1.0,0.0,114.2,0.0,1.0,5,1,1,7,Hibernating
51643,0,8.0,Mobile Phone,3,22.0,E wallet,Male,3.0,3,Fashion,4,Married,1,0,15.0,3.0,6.0,9.0,180.2,9.0,6.0,1,5,4,10,Loyal Customers
51644,0,9.0,Computer,1,24.0,Debit Card,Male,2.0,1,Mobile Phone,1,Married,5,0,18.0,1.0,1.0,0.0,136.88,0.0,1.0,5,1,1,7,Hibernating
51645,0,24.0,Mobile Phone,1,8.0,Credit Card,Male,2.0,5,Laptop & Accessory,4,Married,6,0,18.0,0.0,1.0,2.0,154.82,2.0,1.0,5,1,3,9,Hibernating
51646,0,14.0,Mobile Phone,3,8.0,Debit Card,Male,2.0,3,Grocery,4,Single,2,0,19.0,1.0,,4.0,260.15,4.0,2.0,3,2,5,10,Potential Loyalists
51647,0,,Mobile Phone,3,16.0,Credit Card,Female,3.0,4,Mobile Phone,3,Single,2,0,12.0,0.0,1.0,0.0,112.0,0.0,1.0,5,1,1,7,Hibernating
51648,0,1.0,Mobile Phone,1,22.0,Credit Card,Male,3.0,1,Laptop & Accessory,5,Single,1,0,19.0,0.0,1.0,7.0,156.61,7.0,1.0,2,1,3,6,At Risk
51649,0,4.0,Mobile Phone,3,13.0,Cash on Delivery,Male,3.0,1,Laptop & Accessory,1,Married,5,0,11.0,3.0,7.0,7.0,169.29,7.0,7.0,2,5,3,10,Loyal Customers
51650,0,12.0,Mobile Phone,1,6.0,Credit Card,Male,2.0,1,Fashion,1,Married,1,0,17.0,1.0,3.0,7.0,196.13,7.0,3.0,2,4,4,10,Loyal Customers
51651,0,9.0,Computer,1,30.0,Debit Card,Female,2.0,3,Laptop & Accessory,4,Married,8,0,15.0,1.0,1.0,8.0,156.74,8.0,1.0,2,1,3,6,At Risk
51652,0,5.0,Mobile Phone,3,13.0,Debit Card,Male,3.0,4,Laptop & Accessory,3,Married,2,0,14.0,3.0,4.0,8.0,154.84,8.0,4.0,2,4,3,9,Loyal Customers
51653,0,11.0,Mobile Phone,1,31.0,Debit Card,Female,2.0,4,Fashion,4,Married,4,0,17.0,0.0,1.0,,220.61,3.0,1.0,4,1,5,10,Hibernating
51654,0,30.0,Computer,1,6.0,Debit Card,Male,2.0,5,Laptop & Accessory,3,Married,3,1,13.0,1.0,1.0,2.0,156.6,2.0,1.0,5,1,3,9,Hibernating
51655,0,4.0,Mobile Phone,1,11.0,Cash on Delivery,Male,2.0,3,Mobile Phone,1,Married,1,1,12.0,1.0,1.0,3.0,148.21,3.0,1.0,4,1,2,7,Hibernating
51656,0,4.0,Mobile Phone,2,8.0,UPI,Male,3.0,4,Laptop & Accessory,5,Married,4,0,12.0,0.0,1.0,0.0,164.1,0.0,1.0,5,1,3,9,Hibernating
51657,0,18.0,Computer,1,13.0,Debit Card,Male,3.0,3,Fashion,5,Married,2,0,18.0,2.0,9.0,11.0,152.1,11.0,9.0,1,5,2,8,At Risk
51658,0,4.0,Mobile Phone,1,8.0,Debit Card,Male,,3,Mobile Phone,1,Married,1,1,18.0,2.0,2.0,2.0,126.95,2.0,2.0,5,2,1,8,Potential Loyalists
51659,0,6.0,Computer,1,11.0,Debit Card,Female,3.0,3,Fashion,4,Married,7,0,11.0,7.0,8.0,,218.78,3.0,8.0,4,5,5,14,Champions
51660,0,0.0,Mobile Phone,1,16.0,Credit Card,Male,3.0,3,Grocery,5,Married,2,1,14.0,,11.0,10.0,270.68,10.0,11.0,1,5,5,11,Loyal Customers
51661,0,16.0,Computer,1,,Debit Card,Female,2.0,3,Mobile Phone,1,Single,1,0,19.0,0.0,1.0,7.0,124.55,7.0,1.0,2,1,1,4,Hibernating
51662,0,22.0,Mobile Phone,1,6.0,Cash on Delivery,Female,2.0,4,Grocery,3,Single,8,1,12.0,0.0,,7.0,239.64,7.0,2.0,2,2,5,9,At Risk
51663,1,15.0,Mobile Phone,1,14.0,Credit Card,Male,2.0,4,Laptop & Accessory,4,Married,3,0,15.0,7.0,7.0,7.0,149.41,7.0,7.0,2,5,2,9,At Risk
51664,0,0.0,Mobile Phone,1,,Debit Card,Female,2.0,3,Mobile Phone,4,Single,2,1,12.0,0.0,1.0,2.0,124.78,2.0,1.0,5,1,1,7,Hibernating
51665,0,5.0,Mobile Phone,3,14.0,Cash on Delivery,Female,3.0,4,Laptop & Accessory,4,Married,2,1,11.0,11.0,11.0,9.0,152.28,9.0,11.0,1,5,2,8,At Risk
51666,0,0.0,Mobile Phone,3,8.0,Debit Card,Male,3.0,3,Laptop & Accessory,3,Single,2,1,11.0,0.0,1.0,4.0,144.78,4.0,1.0,3,1,2,6,Hibernating
51667,0,4.0,Mobile Phone,3,13.0,E wallet,Male,3.0,3,Laptop & Accessory,1,Married,5,0,12.0,0.0,1.0,7.0,175.47,7.0,1.0,2,1,4,7,At Risk
51668,0,5.0,Mobile Phone,1,8.0,Credit Card,Female,3.0,1,Laptop & Accessory,1,Single,8,0,16.0,0.0,1.0,7.0,150.55,7.0,1.0,2,1,2,5,Hibernating
51669,1,0.0,Mobile Phone,1,8.0,Credit Card,Male,2.0,5,Mobile Phone,1,Married,6,1,13.0,1.0,2.0,2.0,134.64,2.0,2.0,5,2,1,8,Potential Loyalists
51670,0,3.0,Mobile Phone,1,34.0,Credit Card,Female,3.0,3,Laptop & Accessory,1,Married,2,0,13.0,1.0,1.0,9.0,157.75,9.0,1.0,1,1,3,5,At Risk
51671,0,4.0,Computer,1,13.0,Debit Card,Female,2.0,4,Fashion,3,Married,2,0,24.0,7.0,8.0,9.0,189.43,9.0,8.0,1,5,4,10,Loyal Customers
51672,0,12.0,Computer,1,13.0,Credit Card,Male,2.0,4,Others,1,Married,2,0,,6.0,13.0,3.0,292.72,3.0,13.0,4,5,5,14,Champions
51673,1,2.0,Mobile Phone,3,9.0,Credit Card,Female,2.0,3,Laptop & Accessory,3,Married,5,1,18.0,1.0,1.0,0.0,152.38,0.0,1.0,5,1,2,8,Hibernating
51674,0,6.0,Computer,3,16.0,E wallet,Male,2.0,4,Laptop & Accessory,1,Single,4,0,14.0,1.0,1.0,1.0,146.82,1.0,1.0,5,1,2,8,Hibernating
51675,0,20.0,Mobile Phone,1,11.0,Debit Card,Male,2.0,3,Others,3,Married,5,0,11.0,,1.0,1.0,283.0,1.0,1.0,5,1,5,11,Hibernating
51676,0,16.0,Computer,1,16.0,Debit Card,Female,2.0,4,Laptop & Accessory,3,Married,2,0,11.0,1.0,1.0,0.0,152.57,0.0,1.0,5,1,2,8,Hibernating
51677,0,0.0,Computer,3,6.0,E wallet,Male,3.0,3,Laptop & Accessory,4,Married,1,1,13.0,0.0,1.0,4.0,163.49,4.0,1.0,3,1,3,7,Hibernating
51678,0,27.0,Computer,1,26.0,Debit Card,Female,2.0,3,Laptop & Accessory,3,Single,4,0,12.0,0.0,1.0,3.0,148.69,3.0,1.0,4,1,2,7,Hibernating
51679,0,16.0,Mobile Phone,1,13.0,Debit Card,Female,2.0,3,Fashion,5,Married,9,0,16.0,1.0,1.0,0.0,199.85,0.0,1.0,5,1,4,10,Hibernating
51680,0,18.0,Mobile Phone,1,14.0,UPI,Male,3.0,3,Laptop & Accessory,1,Married,10,0,14.0,8.0,9.0,8.0,136.97,8.0,9.0,2,5,1,8,At Risk
51681,0,13.0,Mobile Phone,3,6.0,Credit Card,Male,2.0,5,Laptop & Accessory,1,Married,3,1,22.0,1.0,1.0,2.0,174.57,2.0,1.0,5,1,4,10,Hibernating
51682,1,,Mobile Phone,1,14.0,UPI,Male,3.0,5,Mobile Phone,5,Married,2,1,11.0,0.0,1.0,7.0,121.19,7.0,1.0,2,1,1,4,Hibernating
51683,0,2.0,Mobile Phone,1,15.0,UPI,Male,1.0,4,Mobile Phone,1,Single,1,0,17.0,1.0,2.0,2.0,139.83,2.0,2.0,5,2,1,8,Potential Loyalists
51684,0,3.0,Mobile Phone,3,11.0,E wallet,Female,1.0,4,Laptop & Accessory,3,Married,2,0,13.0,1.0,1.0,2.0,161.18,2.0,1.0,5,1,3,9,Hibernating
51685,0,0.0,Mobile Phone,3,14.0,E wallet,Female,2.0,3,Laptop & Accessory,4,Married,2,0,18.0,0.0,1.0,7.0,162.14,7.0,1.0,2,1,3,6,At Risk
51686,0,10.0,Mobile Phone,1,11.0,Credit Card,Male,3.0,3,Laptop & Accessory,1,Married,8,0,16.0,1.0,1.0,4.0,163.47,4.0,1.0,3,1,3,7,Hibernating
51687,0,11.0,Mobile Phone,1,21.0,Debit Card,Male,3.0,4,Fashion,1,Married,1,1,14.0,2.0,2.0,,215.1,3.0,2.0,4,2,5,11,Potential Loyalists
51688,0,4.0,Mobile Phone,1,13.0,Credit Card,Female,2.0,3,Fashion,1,Single,2,1,14.0,4.0,4.0,10.0,171.43,10.0,4.0,1,4,3,8,Loyal Customers
51689,0,2.0,Mobile Phone,3,16.0,E wallet,Female,2.0,4,Laptop & Accessory,4,Married,2,1,14.0,1.0,1.0,7.0,182.68,7.0,1.0,2,1,4,7,At Risk
51690,0,8.0,Mobile Phone,1,11.0,Cash on Delivery,Male,3.0,3,Fashion,4,Single,1,0,13.0,1.0,1.0,13.0,180.95,13.0,1.0,1,1,4,6,At Risk
51691,0,0.0,Mobile Phone,1,32.0,Debit Card,Male,,3,Mobile Phone,1,Married,2,0,12.0,0.0,1.0,2.0,129.04,2.0,1.0,5,1,1,7,Hibernating
51692,0,14.0,Mobile Phone,1,12.0,Credit Card,Male,3.0,4,Laptop & Accessory,4,Single,7,1,15.0,1.0,1.0,2.0,160.32,2.0,1.0,5,1,3,9,Hibernating
51693,0,20.0,Computer,3,10.0,Credit Card,Male,,3,Laptop & Accessory,3,Single,4,0,19.0,0.0,1.0,0.0,129.76,0.0,1.0,5,1,1,7,Hibernating
51694,0,15.0,Mobile Phone,1,29.0,Debit Card,Female,2.0,3,Grocery,1,Single,3,0,14.0,0.0,,0.0,259.92,0.0,2.0,5,2,5,12,Potential Loyalists
51695,0,2.0,Computer,3,8.0,Debit Card,Male,3.0,3,Laptop & Accessory,3,Married,2,0,14.0,1.0,1.0,2.0,146.49,2.0,1.0,5,1,2,8,Hibernating
51696,0,15.0,Mobile Phone,2,8.0,Cash on Delivery,Male,,3,Mobile Phone,3,Married,1,1,11.0,1.0,1.0,0.0,126.96,0.0,1.0,5,1,1,7,Hibernating
51697,0,5.0,Mobile Phone,1,,Credit Card,Female,3.0,3,Mobile Phone,4,Married,2,0,13.0,0.0,1.0,7.0,123.7,7.0,1.0,2,1,1,4,Hibernating
51698,0,21.0,Mobile Phone,3,35.0,Credit Card,Female,3.0,3,Fashion,3,Married,4,0,21.0,0.0,1.0,,225.04,3.0,1.0,4,1,5,10,Hibernating
51699,0,10.0,Mobile Phone,1,12.0,Credit Card,Male,2.0,1,Laptop & Accessory,5,Married,5,1,13.0,6.0,6.0,7.0,159.74,7.0,6.0,2,5,3,10,Loyal Customers
51700,0,3.0,Computer,3,31.0,Cash on Delivery,Female,2.0,3,Laptop & Accessory,3,Married,8,1,12.0,2.0,2.0,2.0,147.36,2.0,2.0,5,2,2,9,Potential Loyalists
51701,0,0.0,Mobile Phone,3,6.0,Debit Card,Male,2.0,3,Laptop & Accessory,3,Married,2,0,17.0,0.0,7.0,7.0,152.96,7.0,7.0,2,5,2,9,At Risk
51702,0,15.0,Mobile Phone,1,8.0,UPI,Male,3.0,4,Laptop & Accessory,1,Single,4,0,23.0,1.0,1.0,0.0,167.81,0.0,1.0,5,1,3,9,Hibernating
51703,1,,Computer,3,6.0,Cash on Delivery,Female,3.0,4,Mobile Phone,4,Single,2,1,11.0,1.0,1.0,2.0,121.74,2.0,1.0,5,1,1,7,Hibernating
51704,0,9.0,Computer,3,6.0,Credit Card,Female,2.0,3,Laptop & Accessory,1,Single,5,0,15.0,1.0,1.0,0.0,166.53,0.0,1.0,5,1,3,9,Hibernating
51705,0,9.0,Computer,3,9.0,Credit Card,Male,2.0,4,Fashion,1,Married,5,0,11.0,0.0,1.0,12.0,196.99,12.0,1.0,1,1,4,6,At Risk
51706,0,30.0,Mobile Phone,1,6.0,Credit Card,Male,2.0,3,Laptop & Accessory,3,Married,3,0,11.0,0.0,1.0,2.0,167.55,2.0,1.0,5,1,3,9,Hibernating
51707,0,,Mobile Phone,1,16.0,Debit Card,Female,2.0,1,Mobile Phone,3,Married,4,1,13.0,0.0,1.0,7.0,122.13,7.0,1.0,2,1,1,4,Hibernating
51708,0,0.0,Computer,3,,Credit Card,Male,2.0,3,Mobile Phone,1,Single,2,0,24.0,2.0,2.0,2.0,126.1,2.0,2.0,5,2,1,8,Potential Loyalists
51709,1,0.0,Mobile Phone,3,11.0,E wallet,Female,,3,Mobile Phone,3,Single,2,1,13.0,0.0,1.0,0.0,128.51,0.0,1.0,5,1,1,7,Hibernating
51710,0,10.0,Mobile Phone,1,16.0,Credit Card,Female,3.0,3,Mobile Phone,5,Married,7,0,20.0,1.0,1.0,3.0,134.52,3.0,1.0,4,1,1,6,Hibernating
51711,0,19.0,Computer,1,13.0,Credit Card,Female,1.0,3,Laptop & Accessory,3,Married,3,0,14.0,1.0,1.0,0.0,152.58,0.0,1.0,5,1,2,8,Hibernating
51712,1,4.0,Computer,3,10.0,E wallet,Male,2.0,3,Laptop & Accessory,4,Single,2,0,18.0,4.0,7.0,7.0,193.55,7.0,7.0,2,5,4,11,Loyal Customers
51713,0,23.0,Mobile Phone,1,16.0,Cash on Delivery,Male,3.0,4,Fashion,1,Single,7,0,15.0,1.0,1.0,3.0,204.96,3.0,1.0,4,1,4,9,Hibernating
51714,1,3.0,Mobile Phone,3,28.0,E wallet,Male,3.0,4,Laptop & Accessory,3,Married,3,1,12.0,1.0,1.0,0.0,163.8,0.0,1.0,5,1,3,9,Hibernating
51715,0,4.0,Mobile Phone,1,,Debit Card,Male,2.0,4,Mobile Phone,4,Single,1,1,16.0,2.0,2.0,2.0,126.57,2.0,2.0,5,2,1,8,Potential Loyalists
51716,1,0.0,Mobile Phone,3,18.0,Debit Card,Female,,1,Mobile Phone,4,Single,2,0,15.0,0.0,1.0,0.0,127.16,0.0,1.0,5,1,1,7,Hibernating
51717,0,,Mobile Phone,1,29.0,Debit Card,Male,2.0,3,Mobile Phone,1,Single,10,0,16.0,0.0,1.0,2.0,122.01,2.0,1.0,5,1,1,7,Hibernating
51718,0,8.0,Mobile Phone,1,15.0,Debit Card,Male,3.0,4,Laptop & Accessory,4,Single,10,0,19.0,0.0,1.0,0.0,165.4,0.0,1.0,5,1,3,9,Hibernating
51719,0,0.0,Mobile Phone,1,6.0,Credit Card,Male,2.0,3,Mobile Phone,4,Married,2,0,11.0,0.0,1.0,4.0,138.16,4.0,1.0,3,1,1,5,Hibernating
51720,0,1.0,Mobile Phone,3,15.0,Debit Card,Male,3.0,3,Laptop & Accessory,1,Single,2,0,16.0,1.0,1.0,7.0,152.53,7.0,1.0,2,1,2,5,Hibernating
51721,0,22.0,Mobile Phone,1,13.0,UPI,Male,2.0,4,Fashion,3,Single,9,0,24.0,1.0,1.0,,209.65,3.0,1.0,4,1,5,10,Hibernating
51722,0,24.0,Mobile Phone,3,20.0,Debit Card,Female,2.0,3,Laptop & Accessory,1,Married,5,0,11.0,1.0,1.0,7.0,149.36,7.0,1.0,2,1,2,5,Hibernating
51723,0,9.0,Mobile Phone,1,,Debit Card,Female,3.0,3,Mobile Phone,3,Married,5,0,13.0,2.0,2.0,2.0,125.43,2.0,2.0,5,2,1,8,Potential Loyalists
51724,1,0.0,Computer,3,25.0,E wallet,Male,3.0,1,Laptop & Accessory,1,Single,9,1,13.0,0.0,1.0,4.0,153.04,4.0,1.0,3,1,2,6,Hibernating
51725,0,28.0,Mobile Phone,1,8.0,Debit Card,Female,3.0,3,Grocery,1,Single,3,1,13.0,,1.0,2.0,266.59,2.0,1.0,5,1,5,11,Hibernating
51726,0,0.0,Mobile Phone,3,16.0,E wallet,Female,3.0,3,Laptop & Accessory,3,Married,2,1,12.0,0.0,1.0,3.0,142.6,3.0,1.0,4,1,2,7,Hibernating
51727,0,3.0,Mobile Phone,3,,Cash on Delivery,Male,3.0,3,Mobile Phone,4,Married,2,0,18.0,1.0,1.0,0.0,124.76,0.0,1.0,5,1,1,7,Hibernating
51728,1,0.0,Computer,1,9.0,Cash on Delivery,Male,,3,Mobile Phone,5,Single,1,0,22.0,0.0,1.0,4.0,131.02,4.0,1.0,3,1,1,5,Hibernating
51729,0,,Mobile Phone,1,17.0,Credit Card,Female,2.0,3,Mobile Phone,4,Married,2,0,13.0,1.0,1.0,2.0,122.44,2.0,1.0,5,1,1,7,Hibernating
51730,0,9.0,Mobile Phone,3,8.0,Credit Card,Male,3.0,4,Fashion,3,Married,2,0,13.0,8.0,9.0,0.0,175.96,0.0,9.0,5,5,4,14,Champions
51731,1,,Computer,1,10.0,Cash on Delivery,Male,2.0,3,Mobile Phone,1,Single,10,1,23.0,1.0,1.0,0.0,122.85,0.0,1.0,5,1,1,7,Hibernating
51732,0,10.0,Mobile Phone,1,20.0,Debit Card,Female,,3,Mobile Phone,5,Married,2,0,12.0,10.0,12.0,17.0,130.34,17.0,12.0,1,5,1,7,At Risk
51733,0,13.0,Mobile Phone,3,8.0,E wallet,Female,2.0,3,Laptop & Accessory,4,Married,8,0,12.0,0.0,1.0,3.0,157.15,3.0,1.0,4,1,3,8,Hibernating
51734,0,15.0,Mobile Phone,1,,Debit Card,Female,3.0,3,Mobile Phone,5,Married,4,0,16.0,0.0,1.0,2.0,125.76,2.0,1.0,5,1,1,7,Hibernating
51735,0,10.0,Mobile Phone,1,16.0,Debit Card,Male,2.0,3,Laptop & Accessory,4,Single,3,1,12.0,0.0,1.0,1.0,141.97,1.0,1.0,5,1,2,8,Hibernating
51736,0,16.0,Mobile Phone,1,18.0,Debit Card,Male,2.0,4,Grocery,4,Married,2,0,11.0,3.0,,9.0,243.36,9.0,2.0,1,2,5,8,At Risk
51737,0,13.0,Mobile Phone,1,8.0,Credit Card,Female,3.0,4,Laptop & Accessory,3,Married,7,0,22.0,1.0,1.0,0.0,134.48,0.0,1.0,5,1,1,7,Hibernating
51738,0,27.0,Mobile Phone,1,11.0,Credit Card,Male,2.0,3,Others,5,Married,5,0,,1.0,1.0,2.0,294.06,2.0,1.0,5,1,5,11,Hibernating
51739,0,7.0,Computer,3,10.0,E wallet,Female,3.0,3,Laptop & Accessory,3,Married,10,0,15.0,0.0,1.0,2.0,165.38,2.0,1.0,5,1,3,9,Hibernating
51740,0,4.0,Mobile Phone,1,13.0,Credit Card,Female,2.0,3,Laptop & Accessory,5,Married,2,0,12.0,3.0,3.0,12.0,143.06,12.0,3.0,1,4,2,7,At Risk
51741,0,,Computer,1,27.0,Credit Card,Male,3.0,3,Mobile Phone,1,Married,8,0,20.0,1.0,1.0,2.0,122.58,2.0,1.0,5,1,1,7,Hibernating
51742,0,16.0,Mobile Phone,1,14.0,UPI,Female,3.0,3,Laptop & Accessory,3,Married,5,1,14.0,1.0,1.0,2.0,145.22,2.0,1.0,5,1,2,8,Hibernating
51743,0,0.0,Mobile Phone,3,10.0,Debit Card,Female,3.0,4,Laptop & Accessory,1,Single,2,1,11.0,0.0,1.0,3.0,144.87,3.0,1.0,4,1,2,7,Hibernating
51744,0,10.0,Computer,1,31.0,Credit Card,Female,3.0,3,Laptop & Accessory,3,Married,4,1,15.0,4.0,10.0,7.0,144.49,7.0,10.0,2,5,2,9,At Risk
51745,0,,Mobile Phone,1,6.0,Debit Card,Male,3.0,4,Mobile Phone,5,Married,2,0,12.0,3.0,3.0,2.0,122.18,2.0,3.0,5,4,1,10,Potential Loyalists
51746,0,12.0,Computer,1,6.0,Debit Card,Male,2.0,3,Others,3,Married,2,1,14.0,0.0,1.0,6.0,291.97,6.0,1.0,2,1,5,8,At Risk
51747,0,29.0,Computer,3,12.0,Debit Card,Female,2.0,1,Grocery,5,Married,10,0,11.0,6.0,,7.0,232.12,7.0,2.0,2,2,5,9,At Risk
51748,0,3.0,Mobile Phone,3,18.0,Cash on Delivery,Female,2.0,3,Laptop & Accessory,3,Single,1,0,11.0,3.0,4.0,4.0,165.77,4.0,4.0,3,4,3,10,Loyal Customers
51749,0,14.0,Mobile Phone,3,6.0,E wallet,Male,2.0,1,Fashion,5,Married,2,0,16.0,1.0,1.0,7.0,183.92,7.0,1.0,2,1,4,7,At Risk
51750,0,1.0,Mobile Phone,1,23.0,Credit Card,Male,3.0,3,Laptop & Accessory,5,Married,2,0,12.0,0.0,1.0,8.0,145.58,8.0,1.0,2,1,2,5,Hibernating
51751,1,0.0,Mobile Phone,1,9.0,Credit Card,Male,3.0,3,Mobile Phone,5,Married,6,0,13.0,1.0,1.0,2.0,140.31,2.0,1.0,5,1,1,7,Hibernating
51752,0,25.0,Mobile Phone,1,9.0,Credit Card,Male,2.0,4,Fashion,3,Married,3,1,14.0,1.0,1.0,4.0,179.69,4.0,1.0,3,1,4,8,Hibernating
51753,0,18.0,Mobile Phone,1,,Debit Card,Male,3.0,3,Mobile Phone,1,Married,4,0,21.0,0.0,1.0,2.0,126.54,2.0,1.0,5,1,1,7,Hibernating
51754,0,25.0,Mobile Phone,1,10.0,Debit Card,Female,1.0,3,Grocery,1,Married,3,0,13.0,,1.0,4.0,265.55,4.0,1.0,3,1,5,9,Hibernating
51755,0,15.0,Computer,1,35.0,Debit Card,Female,3.0,3,Laptop & Accessory,3,Married,3,0,11.0,1.0,1.0,2.0,145.56,2.0,1.0,5,1,2,8,Hibernating
51756,0,3.0,Mobile Phone,1,8.0,Debit Card,Female,2.0,5,Laptop & Accessory,1,Single,3,0,20.0,1.0,1.0,2.0,160.91,2.0,1.0,5,1,3,9,Hibernating
51757,0,30.0,Mobile Phone,1,13.0,Debit Card,Female,2.0,3,Others,5,Married,6,0,,1.0,11.0,10.0,295.66,10.0,11.0,1,5,5,11,Loyal Customers
51758,0,19.0,Mobile Phone,1,24.0,Credit Card,Female,2.0,3,Laptop & Accessory,3,Married,3,0,14.0,1.0,1.0,8.0,148.1,8.0,1.0,2,1,2,5,Hibernating
51759,0,15.0,Computer,1,34.0,Cash on Delivery,Female,2.0,4,Laptop & Accessory,1,Married,1,0,11.0,0.0,1.0,4.0,145.23,4.0,1.0,3,1,2,6,Hibernating
51760,1,0.0,Mobile Phone,3,6.0,Cash on Delivery,Female,3.0,3,Mobile Phone,4,Single,2,1,16.0,0.0,1.0,4.0,132.02,4.0,1.0,3,1,1,5,Hibernating
51761,1,0.0,Computer,3,,E wallet,Female,2.0,5,Mobile Phone,3,Married,1,0,16.0,0.0,1.0,0.0,123.51,0.0,1.0,5,1,1,7,Hibernating
51762,0,,Computer,1,8.0,Debit Card,Male,2.0,3,Mobile Phone,1,Married,2,1,23.0,1.0,1.0,0.0,117.02,0.0,1.0,5,1,1,7,Hibernating
51763,0,13.0,Mobile Phone,3,8.0,Debit Card,Female,3.0,3,Others,3,Married,1,0,14.0,,1.0,12.0,280.41,12.0,1.0,1,1,5,7,At Risk
51764,0,0.0,Mobile Phone,1,29.0,Debit Card,Female,,3,Mobile Phone,1,Married,2,0,22.0,0.0,1.0,2.0,128.86,2.0,1.0,5,1,1,7,Hibernating
51765,0,,Computer,1,9.0,Debit Card,Male,2.0,3,Mobile Phone,1,Married,5,0,15.0,1.0,1.0,4.0,120.97,4.0,1.0,3,1,1,5,Hibernating
51766,0,2.0,Mobile Phone,1,9.0,Credit Card,Male,3.0,4,Fashion,3,Married,2,0,18.0,0.0,1.0,,219.35,3.0,1.0,4,1,5,10,Hibernating
51767,1,0.0,Mobile Phone,1,,Cash on Delivery,Female,3.0,4,Mobile Phone,4,Married,6,0,16.0,1.0,1.0,1.0,125.46,1.0,1.0,5,1,1,7,Hibernating
51768,1,0.0,Mobile Phone,2,,Cash on Delivery,Male,2.0,4,Mobile Phone,1,Single,2,0,12.0,0.0,1.0,0.0,125.64,0.0,1.0,5,1,1,7,Hibernating
51769,0,3.0,Computer,3,28.0,UPI,Female,3.0,3,Fashion,5,Married,1,0,11.0,3.0,7.0,8.0,184.12,8.0,7.0,2,5,4,11,Loyal Customers
51770,0,30.0,Mobile Phone,3,35.0,E wallet,Male,2.0,4,Grocery,1,Married,4,0,12.0,1.0,,0.0,241.18,0.0,2.0,5,2,5,12,Potential Loyalists
51771,0,23.0,Mobile Phone,1,35.0,Debit Card,Male,2.0,4,Grocery,3,Married,1,0,15.0,,15.0,7.0,270.46,7.0,15.0,2,5,5,12,Loyal Customers
51772,0,3.0,Computer,1,,Credit Card,Female,2.0,3,Mobile Phone,1,Single,1,0,14.0,1.0,6.0,7.0,125.64,7.0,6.0,2,5,1,8,At Risk
51773,0,30.0,Computer,3,34.0,E wallet,Female,3.0,4,Fashion,5,Married,5,0,19.0,3.0,13.0,11.0,202.66,11.0,13.0,1,5,4,10,Loyal Customers
51774,0,20.0,Mobile Phone,1,8.0,Credit Card,Female,3.0,3,Laptop & Accessory,1,Married,6,0,13.0,0.0,1.0,4.0,150.7,4.0,1.0,3,1,2,6,Hibernating
51775,0,19.0,Mobile Phone,1,8.0,Debit Card,Male,2.0,3,Grocery,3,Married,7,0,13.0,,1.0,1.0,278.61,1.0,1.0,5,1,5,11,Hibernating
51776,0,8.0,Mobile Phone,1,28.0,Debit Card,Male,2.0,5,Mobile Phone,3,Single,1,0,15.0,1.0,4.0,3.0,142.3,3.0,4.0,4,4,2,10,Potential Loyalists
51777,0,27.0,Mobile Phone,1,5.0,Debit Card,Female,2.0,3,Laptop & Accessory,3,Single,8,0,11.0,0.0,1.0,0.0,137.8,0.0,1.0,5,1,1,7,Hibernating
51778,0,7.0,Mobile Phone,1,8.0,Debit Card,Male,,4,Mobile Phone,3,Married,4,0,12.0,3.0,5.0,7.0,127.68,7.0,5.0,2,5,1,8,At Risk
51779,0,5.0,Mobile Phone,3,16.0,E wallet,Female,3.0,4,Fashion,1,Married,3,1,19.0,0.0,1.0,2.0,190.71,2.0,1.0,5,1,4,10,Hibernating
51780,0,4.0,Mobile Phone,1,15.0,Debit Card,Male,2.0,3,Fashion,4,Married,2,0,25.0,0.0,1.0,8.0,206.48,8.0,1.0,2,1,4,7,At Risk
51781,1,0.0,Mobile Phone,1,21.0,Credit Card,Male,2.0,3,Fashion,3,Married,8,1,12.0,3.0,,7.0,236.1,7.0,2.0,2,2,5,9,At Risk
51782,1,0.0,Mobile Phone,1,16.0,Credit Card,Male,2.0,5,Mobile Phone,1,Married,8,0,13.0,0.0,1.0,3.0,134.08,3.0,1.0,4,1,1,6,Hibernating
51783,0,3.0,Mobile Phone,3,13.0,E wallet,Male,,3,Mobile Phone,4,Single,1,0,14.0,0.0,1.0,2.0,129.83,2.0,1.0,5,1,1,7,Hibernating
51784,0,8.0,Mobile Phone,1,22.0,Debit Card,Male,3.0,3,Fashion,3,Married,5,1,12.0,0.0,1.0,0.0,176.32,0.0,1.0,5,1,4,10,Hibernating
51785,1,0.0,Computer,1,26.0,Debit Card,Male,3.0,3,Fashion,3,Married,4,0,12.0,1.0,1.0,0.0,198.24,0.0,1.0,5,1,4,10,Hibernating
51786,1,0.0,Computer,2,29.0,UPI,Female,2.0,3,Fashion,5,Married,10,1,15.0,1.0,1.0,2.0,199.5,2.0,1.0,5,1,4,10,Hibernating
51787,0,,Computer,1,11.0,UPI,Male,3.0,3,Mobile Phone,3,Married,5,0,17.0,0.0,2.0,0.0,120.93,0.0,2.0,5,2,1,8,Potential Loyalists
51788,0,9.0,Computer,3,16.0,Credit Card,Male,2.0,3,Fashion,1,Single,2,0,14.0,8.0,9.0,7.0,199.8,7.0,9.0,2,5,4,11,Loyal Customers
51789,1,0.0,Computer,1,10.0,Cash on Delivery,Male,3.0,4,Mobile Phone,3,Single,6,0,16.0,0.0,1.0,2.0,138.94,2.0,1.0,5,1,1,7,Hibernating
51790,0,21.0,Mobile Phone,3,8.0,E wallet,Female,2.0,3,Laptop & Accessory,1,Married,3,0,14.0,6.0,6.0,7.0,140.51,7.0,6.0,2,5,1,8,At Risk
51791,0,28.0,Mobile Phone,3,24.0,Debit Card,Female,2.0,3,Grocery,4,Single,4,0,23.0,,7.0,8.0,268.35,8.0,7.0,2,5,5,12,Loyal Customers
51792,0,14.0,Computer,3,16.0,Debit Card,Male,2.0,3,Laptop & Accessory,1,Single,8,0,14.0,0.0,1.0,10.0,162.3,10.0,1.0,1,1,3,5,At Risk
51793,0,8.0,Mobile Phone,3,6.0,E wallet,Male,2.0,3,Laptop & Accessory,3,Married,10,0,11.0,0.0,6.0,9.0,147.17,9.0,6.0,1,5,2,8,At Risk
51794,0,13.0,Mobile Phone,1,12.0,Debit Card,Female,3.0,3,Grocery,3,Single,8,0,15.0,4.0,,13.0,232.37,13.0,2.0,1,2,5,8,At Risk
51795,0,12.0,Computer,1,14.0,Debit Card,Female,2.0,3,Mobile Phone,3,Married,2,0,11.0,1.0,1.0,7.0,137.55,7.0,1.0,2,1,1,4,Hibernating
51796,0,4.0,Mobile Phone,3,8.0,Debit Card,Male,3.0,3,Laptop & Accessory,1,Single,5,1,13.0,1.0,1.0,5.0,165.82,5.0,1.0,2,1,3,6,At Risk
51797,0,15.0,Mobile Phone,1,30.0,Credit Card,Male,2.0,3,Fashion,5,Married,2,1,21.0,5.0,5.0,8.0,174.06,8.0,5.0,2,5,4,11,Loyal Customers
51798,0,18.0,Mobile Phone,3,8.0,UPI,Male,3.0,3,Laptop & Accessory,4,Married,1,0,19.0,3.0,3.0,7.0,148.05,7.0,3.0,2,4,2,8,At Risk
51799,1,0.0,Computer,2,23.0,Debit Card,Female,,3,Mobile Phone,3,Married,1,1,11.0,0.0,1.0,0.0,127.41,0.0,1.0,5,1,1,7,Hibernating
51800,0,2.0,Mobile Phone,1,25.0,Cash on Delivery,Male,2.0,3,Laptop & Accessory,1,Married,5,0,12.0,1.0,1.0,2.0,142.62,2.0,1.0,5,1,2,8,Hibernating
51801,0,6.0,Mobile Phone,1,6.0,Credit Card,Female,3.0,1,Grocery,3,Married,5,0,19.0,,1.0,5.0,261.84,5.0,1.0,2,1,5,8,At Risk
51802,0,4.0,Mobile Phone,3,13.0,Debit Card,Male,2.0,4,Fashion,1,Married,10,0,21.0,1.0,1.0,,215.57,3.0,1.0,4,1,5,10,Hibernating
51803,1,,Computer,3,11.0,E wallet,Male,3.0,3,Mobile Phone,4,Single,2,1,14.0,1.0,1.0,0.0,118.78,0.0,1.0,5,1,1,7,Hibernating
51804,0,13.0,Computer,3,34.0,UPI,Male,2.0,5,Fashion,5,Married,4,0,15.0,0.0,1.0,,209.32,3.0,1.0,4,1,5,10,Hibernating
51805,0,14.0,Computer,1,8.0,UPI,Female,3.0,4,Laptop & Accessory,3,Single,3,1,17.0,0.0,1.0,7.0,168.11,7.0,1.0,2,1,3,6,At Risk
51806,0,0.0,Mobile Phone,3,35.0,Credit Card,Male,2.0,3,Laptop & Accessory,3,Married,6,0,12.0,0.0,1.0,0.0,143.06,0.0,1.0,5,1,2,8,Hibernating
51807,0,8.0,Mobile Phone,3,6.0,Credit Card,Female,3.0,3,Laptop & Accessory,3,Single,2,0,16.0,1.0,1.0,3.0,148.59,3.0,1.0,4,1,2,7,Hibernating
51808,0,7.0,Mobile Phone,3,27.0,Debit Card,Male,3.0,1,Laptop & Accessory,1,Single,2,0,12.0,0.0,5.0,7.0,153.37,7.0,5.0,2,5,2,9,At Risk
51809,1,0.0,Mobile Phone,1,,Cash on Delivery,Male,3.0,5,Mobile Phone,1,Single,2,1,18.0,0.0,1.0,0.0,123.4,0.0,1.0,5,2,1,8,Potential Loyalists
51810,0,10.0,Mobile Phone,1,6.0,Cash on Delivery,Female,2.0,3,Fashion,1,Single,5,0,17.0,1.0,1.0,2.0,174.91,2.0,1.0,5,2,4,11,Potential Loyalists
51811,0,19.0,Computer,1,24.0,Credit Card,Female,2.0,3,Fashion,3,Married,6,0,11.0,0.0,1.0,2.0,205.27,2.0,1.0,5,2,4,11,Potential Loyalists
51812,0,14.0,Mobile Phone,3,8.0,Debit Card,Female,3.0,3,Grocery,5,Married,8,0,16.0,,11.0,8.0,265.95,8.0,11.0,2,5,5,12,Loyal Customers
51813,0,10.0,Computer,3,15.0,Credit Card,Male,3.0,3,Fashion,4,Married,2,0,13.0,1.0,7.0,7.0,188.34,7.0,7.0,2,5,4,11,Loyal Customers
51814,0,25.0,Mobile Phone,1,12.0,Cash on Delivery,Male,3.0,3,Laptop & Accessory,5,Married,4,1,12.0,2.0,6.0,9.0,155.77,9.0,6.0,1,5,3,9,Loyal Customers
51815,1,0.0,Computer,3,17.0,UPI,Male,2.0,1,Laptop & Accessory,3,Married,9,0,12.0,1.0,1.0,2.0,147.07,2.0,1.0,5,2,2,9,Potential Loyalists
51816,0,0.0,Computer,3,,Credit Card,Male,2.0,3,Mobile Phone,1,Married,1,0,13.0,1.0,2.0,1.0,124.0,1.0,2.0,5,2,1,8,Potential Loyalists
51817,0,11.0,Mobile Phone,1,16.0,Credit Card,Female,3.0,3,Laptop & Accessory,3,Married,4,0,19.0,0.0,1.0,0.0,198.24,0.0,1.0,5,2,4,11,Potential Loyalists
51818,0,10.0,Mobile Phone,1,6.0,Debit Card,Female,3.0,3,Laptop & Accessory,4,Married,7,0,12.0,4.0,4.0,3.0,164.47,3.0,4.0,4,4,3,11,Loyal Customers
51819,0,22.0,Mobile Phone,1,24.0,Debit Card,Male,2.0,4,Others,3,Married,2,1,,1.0,1.0,9.0,295.02,9.0,1.0,1,2,5,8,At Risk
51820,0,0.0,Mobile Phone,1,29.0,Credit Card,Male,,1,Mobile Phone,1,Married,2,1,11.0,0.0,1.0,4.0,127.25,4.0,1.0,3,2,1,6,Potential Loyalists
51821,0,0.0,Mobile Phone,3,34.0,E wallet,Male,3.0,3,Laptop & Accessory,4,Married,2,0,20.0,0.0,1.0,4.0,162.72,4.0,1.0,3,2,3,8,Potential Loyalists
51822,0,,Mobile Phone,1,23.0,UPI,Male,3.0,4,Mobile Phone,4,Married,2,0,21.0,1.0,1.0,0.0,121.27,0.0,1.0,5,2,1,8,Potential Loyalists
51823,0,23.0,Computer,2,9.0,Credit Card,Male,3.0,3,Others,4,Married,2,0,11.0,,10.0,7.0,282.0,7.0,10.0,2,5,5,12,Loyal Customers
51824,0,,Mobile Phone,3,19.0,Credit Card,Male,2.0,3,Mobile Phone,3,Married,2,0,11.0,1.0,1.0,6.0,120.96,6.0,1.0,2,2,1,5,Hibernating
51825,1,0.0,Computer,1,13.0,Debit Card,Female,,3,Mobile Phone,3,Married,2,1,16.0,0.0,1.0,2.0,128.86,2.0,1.0,5,2,1,8,Potential Loyalists
51826,1,,Computer,3,18.0,Debit Card,Male,3.0,4,Mobile Phone,5,Married,2,0,18.0,1.0,1.0,0.0,120.33,0.0,1.0,5,2,1,8,Potential Loyalists
51827,0,7.0,Mobile Phone,1,6.0,Debit Card,Male,2.0,4,Mobile Phone,1,Married,2,1,13.0,1.0,1.0,3.0,136.22,3.0,1.0,4,2,1,7,Potential Loyalists
51828,1,0.0,Mobile Phone,3,19.0,Credit Card,Male,2.0,3,Laptop & Accessory,5,Married,3,0,17.0,0.0,1.0,2.0,142.33,2.0,1.0,5,2,2,9,Potential Loyalists
51829,0,8.0,Mobile Phone,1,31.0,UPI,Male,2.0,4,Laptop & Accessory,1,Single,5,0,14.0,1.0,1.0,2.0,136.81,2.0,1.0,5,2,1,8,Potential Loyalists
51830,0,4.0,Mobile Phone,3,12.0,Credit Card,Male,3.0,1,Laptop & Accessory,1,Married,5,0,22.0,5.0,5.0,7.0,154.6,7.0,5.0,2,5,3,10,Loyal Customers
51831,0,,Mobile Phone,1,12.0,Credit Card,Female,3.0,4,Mobile Phone,3,Married,1,0,12.0,0.0,1.0,3.0,121.87,3.0,1.0,4,2,1,7,Potential Loyalists
51832,0,10.0,Mobile Phone,3,8.0,E wallet,Male,3.0,3,Laptop & Accessory,3,Married,5,1,11.0,0.0,1.0,0.0,196.02,0.0,1.0,5,2,4,11,Potential Loyalists
51833,0,0.0,Mobile Phone,1,6.0,Debit Card,Female,,4,Mobile Phone,4,Single,2,0,13.0,0.0,1.0,0.0,128.36,0.0,1.0,5,2,1,8,Potential Loyalists
51834,0,15.0,Mobile Phone,1,8.0,Debit Card,Female,2.0,3,Laptop & Accessory,1,Married,2,0,13.0,0.0,2.0,2.0,140.89,2.0,2.0,5,2,2,9,Potential Loyalists
51835,0,16.0,Mobile Phone,1,12.0,UPI,Male,2.0,4,Grocery,1,Married,5,1,14.0,,1.0,0.0,266.27,0.0,1.0,5,2,5,12,Potential Loyalists
51836,0,11.0,Mobile Phone,1,,Debit Card,Female,2.0,3,Mobile Phone,5,Single,4,0,17.0,0.0,1.0,0.0,126.19,0.0,1.0,5,2,1,8,Potential Loyalists
51837,0,16.0,Computer,1,15.0,Credit Card,Male,3.0,3,Laptop & Accessory,3,Married,4,1,13.0,1.0,4.0,7.0,156.79,7.0,4.0,2,4,3,9,Loyal Customers
51838,0,21.0,Mobile Phone,1,6.0,Debit Card,Female,2.0,4,Grocery,5,Married,8,0,11.0,0.0,,2.0,254.02,2.0,2.0,5,2,5,12,Potential Loyalists
51839,0,17.0,Mobile Phone,2,6.0,Debit Card,Female,2.0,4,Laptop & Accessory,3,Single,5,0,11.0,1.0,1.0,2.0,159.85,2.0,1.0,5,2,3,10,Potential Loyalists
51840,0,7.0,Mobile Phone,3,,Cash on Delivery,Female,2.0,3,Mobile Phone,3,Married,2,1,18.0,1.0,1.0,6.0,125.79,6.0,1.0,2,2,1,5,Hibernating
51841,1,0.0,Mobile Phone,3,8.0,E wallet,Male,,3,Mobile Phone,5,Married,1,0,11.0,1.0,1.0,2.0,130.41,2.0,1.0,5,2,1,8,Potential Loyalists
51842,0,0.0,Mobile Phone,3,28.0,Cash on Delivery,Male,2.0,3,Mobile Phone,3,Single,2,0,11.0,0.0,1.0,2.0,134.47,2.0,1.0,5,2,1,8,Potential Loyalists
51843,0,17.0,Mobile Phone,1,9.0,UPI,Male,2.0,3,Others,1,Married,5,1,,0.0,1.0,1.0,295.13,1.0,1.0,5,2,5,12,Potential Loyalists
51844,0,0.0,Mobile Phone,1,12.0,Credit Card,Male,,3,Mobile Phone,3,Married,1,0,20.0,1.0,2.0,2.0,127.73,2.0,2.0,5,2,1,8,Potential Loyalists
51845,0,6.0,Mobile Phone,3,14.0,E wallet,Male,2.0,3,Laptop & Accessory,3,Married,1,0,12.0,0.0,1.0,2.0,171.04,2.0,1.0,5,2,3,10,Potential Loyalists
51846,0,5.0,Mobile Phone,1,15.0,Debit Card,Female,3.0,3,Laptop & Accessory,1,Married,2,1,12.0,1.0,1.0,5.0,163.22,5.0,1.0,2,2,3,7,At Risk
51847,0,,Computer,1,9.0,Credit Card,Female,3.0,3,Mobile Phone,3,Married,2,0,20.0,1.0,1.0,0.0,120.83,0.0,1.0,5,2,1,8,Potential Loyalists
51848,0,26.0,Mobile Phone,3,6.0,Credit Card,Female,2.0,3,Laptop & Accessory,5,Single,8,0,20.0,4.0,8.0,10.0,183.81,10.0,8.0,1,5,4,10,Loyal Customers
51849,0,7.0,Mobile Phone,1,6.0,Debit Card,Male,,3,Mobile Phone,1,Married,2,0,12.0,1.0,8.0,8.0,126.91,8.0,8.0,2,5,1,8,At Risk
51850,1,8.0,Computer,3,32.0,Debit Card,Female,3.0,3,Laptop & Accessory,5,Married,3,0,14.0,0.0,1.0,0.0,142.86,0.0,1.0,5,2,2,9,Potential Loyalists
51851,0,0.0,Mobile Phone,1,12.0,Debit Card,Female,3.0,3,Mobile Phone,1,Married,2,1,13.0,0.0,1.0,2.0,56.0,2.0,1.0,5,2,1,8,Potential Loyalists
51852,0,10.0,Mobile Phone,1,9.0,UPI,Male,2.0,3,Fashion,3,Married,2,0,15.0,7.0,7.0,8.0,194.34,8.0,7.0,2,5,4,11,Loyal Customers
51853,0,2.0,Mobile Phone,3,9.0,Credit Card,Female,3.0,3,Laptop & Accessory,3,Married,2,0,14.0,0.0,1.0,2.0,155.61,2.0,1.0,5,2,3,10,Potential Loyalists
51854,0,8.0,Mobile Phone,1,12.0,Debit Card,Male,2.0,5,Laptop & Accessory,1,Single,2,0,13.0,0.0,11.0,8.0,166.46,8.0,11.0,2,5,3,10,Loyal Customers
51855,0,6.0,Computer,1,12.0,Debit Card,Male,1.0,3,Laptop & Accessory,1,Married,4,0,23.0,3.0,4.0,7.0,177.25,7.0,4.0,2,4,4,10,Loyal Customers
51856,0,27.0,Mobile Phone,2,25.0,Credit Card,Male,2.0,3,Fashion,4,Married,3,0,15.0,2.0,7.0,1.0,207.25,1.0,7.0,5,5,4,14,Champions
51857,0,9.0,Mobile Phone,1,15.0,Credit Card,Male,2.0,4,Laptop & Accessory,4,Married,3,1,11.0,0.0,1.0,2.0,188.47,2.0,1.0,5,2,4,11,Potential Loyalists
51858,0,,Mobile Phone,1,9.0,Credit Card,Male,2.0,4,Mobile Phone,1,Single,1,0,13.0,1.0,1.0,1.0,120.45,1.0,1.0,5,2,1,8,Potential Loyalists
51859,1,0.0,Mobile Phone,1,16.0,Credit Card,Male,2.0,3,Mobile Phone,3,Single,2,1,11.0,1.0,1.0,1.0,110.09,1.0,1.0,5,2,1,8,Potential Loyalists
51860,1,0.0,Computer,1,9.0,Debit Card,Male,3.0,3,Mobile Phone,5,Single,2,1,11.0,5.0,9.0,7.0,133.48,7.0,9.0,2,5,1,8,At Risk
51861,0,,Computer,1,9.0,Debit Card,Male,2.0,4,Mobile Phone,3,Married,2,0,18.0,1.0,1.0,0.0,112.81,0.0,1.0,5,2,1,8,Potential Loyalists
51862,0,0.0,Mobile Phone,1,10.0,Credit Card,Male,,1,Mobile Phone,5,Married,3,0,16.0,0.0,1.0,2.0,128.19,2.0,1.0,5,2,1,8,Potential Loyalists
51863,0,0.0,Mobile Phone,3,14.0,Debit Card,Male,2.0,1,Laptop & Accessory,4,Married,1,0,22.0,1.0,1.0,2.0,148.51,2.0,1.0,5,2,2,9,Potential Loyalists
51864,0,11.0,Mobile Phone,3,13.0,E wallet,Female,2.0,4,Laptop & Accessory,1,Single,1,0,20.0,1.0,1.0,5.0,140.28,5.0,1.0,2,2,1,5,Hibernating
51865,0,2.0,Computer,1,6.0,Debit Card,Male,,5,Mobile Phone,1,Married,2,0,18.0,0.0,2.0,8.0,127.2,8.0,2.0,2,2,1,5,Hibernating
51866,0,21.0,Mobile Phone,3,8.0,E wallet,Male,2.0,1,Laptop & Accessory,4,Married,4,0,12.0,0.0,2.0,2.0,181.2,2.0,2.0,5,2,4,11,Potential Loyalists
51867,0,0.0,Computer,3,9.0,Credit Card,Female,3.0,1,Laptop & Accessory,1,Married,2,1,20.0,1.0,1.0,4.0,146.47,4.0,1.0,3,2,2,7,Potential Loyalists
51868,0,10.0,Mobile Phone,1,16.0,Debit Card,Male,3.0,1,Mobile Phone,1,Single,4,0,17.0,1.0,1.0,0.0,146.8,0.0,1.0,5,2,2,9,Potential Loyalists
51869,0,23.0,Mobile Phone,1,34.0,Credit Card,Male,3.0,1,Mobile Phone,3,Married,2,1,11.0,0.0,3.0,8.0,132.21,8.0,3.0,2,4,1,7,At Risk
51870,0,7.0,Mobile Phone,1,15.0,Credit Card,Female,2.0,4,Fashion,4,Single,2,0,14.0,4.0,7.0,7.0,186.21,7.0,7.0,2,5,4,11,Loyal Customers
51871,1,0.0,Mobile Phone,3,9.0,Debit Card,Female,3.0,3,Laptop & Accessory,3,Single,10,0,14.0,1.0,2.0,0.0,145.77,0.0,2.0,5,2,2,9,Potential Loyalists
51872,0,12.0,Mobile Phone,1,8.0,Cash on Delivery,Female,3.0,4,Laptop & Accessory,3,Single,2,0,11.0,1.0,11.0,10.0,145.53,10.0,11.0,1,5,2,8,At Risk
51873,0,5.0,Mobile Phone,3,16.0,E wallet,Male,2.0,3,Laptop & Accessory,1,Single,2,0,12.0,1.0,1.0,8.0,153.96,8.0,1.0,2,2,3,7,At Risk
51874,1,13.0,Computer,3,14.0,Cash on Delivery,Male,2.0,3,Laptop & Accessory,3,Married,4,1,14.0,0.0,1.0,3.0,167.96,3.0,1.0,4,2,3,9,Potential Loyalists
51875,0,11.0,Mobile Phone,1,6.0,Debit Card,Female,2.0,1,Laptop & Accessory,1,Single,1,0,13.0,0.0,1.0,8.0,176.25,8.0,1.0,2,2,4,8,At Risk
51876,0,0.0,Mobile Phone,1,6.0,Debit Card,Female,3.0,3,Fashion,5,Married,2,0,11.0,0.0,1.0,7.0,174.12,7.0,1.0,2,2,4,8,At Risk
51877,0,5.0,Mobile Phone,1,9.0,Debit Card,Female,2.0,3,Fashion,1,Single,4,0,15.0,6.0,7.0,,211.59,3.0,7.0,4,5,5,14,Champions
51878,0,20.0,Mobile Phone,3,20.0,E wallet,Male,2.0,3,Laptop & Accessory,5,Single,3,0,12.0,1.0,1.0,7.0,149.6,7.0,1.0,2,2,2,6,Hibernating
51879,0,13.0,Computer,3,11.0,Debit Card,Male,2.0,4,Fashion,5,Married,6,1,21.0,0.0,1.0,12.0,204.75,12.0,1.0,1,2,4,7,At Risk
51880,0,26.0,Mobile Phone,1,13.0,Debit Card,Male,2.0,1,Grocery,3,Married,4,0,19.0,0.0,,3.0,248.14,3.0,2.0,4,2,5,11,Potential Loyalists
51881,0,14.0,Mobile Phone,2,16.0,UPI,Male,3.0,4,Others,1,Married,4,0,15.0,,12.0,6.0,291.41,6.0,12.0,2,5,5,12,Loyal Customers
51882,0,30.0,Mobile Phone,3,22.0,E wallet,Male,2.0,3,Laptop & Accessory,5,Single,9,0,14.0,2.0,2.0,2.0,154.05,2.0,2.0,5,2,3,10,Potential Loyalists
51883,0,0.0,Computer,1,16.0,Debit Card,Male,2.0,3,Fashion,5,Married,2,0,21.0,0.0,1.0,7.0,187.93,7.0,1.0,2,2,4,8,At Risk
51884,0,14.0,Mobile Phone,2,6.0,UPI,Male,2.0,4,Others,3,Married,2,0,12.0,,2.0,10.0,291.89,10.0,2.0,1,2,5,8,At Risk
51885,0,23.0,Mobile Phone,3,14.0,E wallet,Male,2.0,3,Mobile Phone,4,Married,8,0,15.0,0.0,2.0,2.0,138.75,2.0,2.0,5,2,1,8,Potential Loyalists
51886,1,,Mobile Phone,1,6.0,Debit Card,Female,3.0,5,Mobile Phone,4,Single,8,1,13.0,1.0,3.0,7.0,122.16,7.0,3.0,2,4,1,7,At Risk
51887,0,9.0,Computer,1,14.0,Debit Card,Female,3.0,1,Fashion,5,Married,10,0,14.0,0.0,1.0,,217.13,3.0,1.0,4,2,5,11,Potential Loyalists
51888,0,11.0,Mobile Phone,1,6.0,Debit Card,Female,2.0,3,Fashion,3,Single,5,1,14.0,0.0,1.0,0.0,178.61,0.0,1.0,5,2,4,11,Potential Loyalists
51889,0,17.0,Computer,1,30.0,Credit Card,Male,2.0,5,Mobile Phone,3,Single,3,0,14.0,0.0,1.0,4.0,137.08,4.0,1.0,3,2,1,6,Potential Loyalists
51890,0,20.0,Computer,3,9.0,Credit Card,Female,2.0,3,Grocery,3,Married,10,1,12.0,1.0,,13.0,237.7,13.0,2.0,1,2,5,8,At Risk
51891,0,3.0,Mobile Phone,3,33.0,E wallet,Male,3.0,3,Laptop & Accessory,1,Married,8,0,23.0,2.0,7.0,7.0,153.04,7.0,7.0,2,5,2,9,At Risk
51892,0,2.0,Mobile Phone,3,,Debit Card,Male,3.0,3,Mobile Phone,3,Single,2,0,11.0,1.0,1.0,0.0,126.42,0.0,1.0,5,2,1,8,Potential Loyalists
51893,1,5.0,Computer,1,25.0,Credit Card,Male,,1,Mobile Phone,3,Married,7,1,12.0,0.0,2.0,2.0,127.59,2.0,2.0,5,2,1,8,Potential Loyalists
51894,0,16.0,Computer,3,21.0,Debit Card,Male,2.0,4,Laptop & Accessory,1,Married,4,0,18.0,1.0,2.0,2.0,168.04,2.0,2.0,5,2,3,10,Potential Loyalists
51895,0,7.0,Mobile Phone,1,14.0,Credit Card,Female,3.0,3,Laptop & Accessory,3,Single,4,0,11.0,0.0,4.0,3.0,161.42,3.0,4.0,4,4,3,11,Loyal Customers
51896,0,0.0,Mobile Phone,1,,Credit Card,Male,2.0,3,Mobile Phone,5,Married,2,0,14.0,1.0,1.0,2.0,125.0,2.0,1.0,5,2,1,8,Potential Loyalists
51897,0,12.0,Mobile Phone,2,9.0,UPI,Female,2.0,1,Laptop & Accessory,4,Married,10,0,15.0,0.0,3.0,6.0,163.89,6.0,3.0,2,4,3,9,Loyal Customers
51898,0,29.0,Mobile Phone,1,15.0,Credit Card,Male,2.0,3,Grocery,1,Married,8,0,11.0,0.0,1.0,,211.03,3.0,1.0,4,2,5,11,Potential Loyalists
51899,0,13.0,Mobile Phone,1,,Credit Card,Female,2.0,4,Mobile Phone,1,Single,1,1,20.0,0.0,2.0,3.0,123.42,3.0,2.0,4,2,1,7,Potential Loyalists
51900,0,0.0,Mobile Phone,1,13.0,Credit Card,Female,2.0,4,Laptop & Accessory,5,Single,9,0,19.0,1.0,1.0,7.0,168.11,7.0,1.0,2,2,3,7,At Risk
51901,0,,Mobile Phone,3,16.0,E wallet,Male,2.0,3,Mobile Phone,4,Married,2,0,14.0,2.0,2.0,2.0,122.97,2.0,2.0,5,2,1,8,Potential Loyalists
51902,0,26.0,Mobile Phone,1,,Debit Card,Male,2.0,3,Laptop & Accessory,1,Single,3,0,17.0,2.0,2.0,2.0,124.5,2.0,2.0,5,2,1,8,Potential Loyalists
51903,0,8.0,Computer,1,8.0,Debit Card,Female,3.0,3,Laptop & Accessory,5,Married,3,0,11.0,1.0,1.0,0.0,150.93,0.0,1.0,5,2,2,9,Potential Loyalists
51904,0,5.0,Computer,1,30.0,Debit Card,Male,3.0,3,Laptop & Accessory,1,Married,2,0,15.0,1.0,4.0,7.0,153.09,7.0,4.0,2,4,2,8,At Risk
51905,0,11.0,Mobile Phone,1,8.0,Credit Card,Male,,3,Mobile Phone,3,Married,7,1,13.0,0.0,1.0,1.0,130.57,1.0,1.0,5,2,1,8,Potential Loyalists
51906,0,7.0,Mobile Phone,1,14.0,Debit Card,Female,2.0,3,Laptop & Accessory,5,Married,4,0,14.0,1.0,1.0,0.0,151.21,0.0,1.0,5,2,2,9,Potential Loyalists
51907,0,25.0,Mobile Phone,3,9.0,E wallet,Male,2.0,4,Grocery,5,Married,2,0,11.0,,1.0,16.0,268.56,16.0,1.0,1,2,5,8,At Risk
51908,1,0.0,Mobile Phone,1,6.0,UPI,Male,,3,Mobile Phone,1,Single,2,1,13.0,6.0,7.0,8.0,126.86,8.0,7.0,2,5,1,8,At Risk
51909,0,0.0,Mobile Phone,3,32.0,Credit Card,Female,2.0,3,Laptop & Accessory,1,Single,2,0,23.0,0.0,1.0,4.0,161.8,4.0,1.0,3,2,3,8,Potential Loyalists
51910,0,18.0,Mobile Phone,3,8.0,Cash on Delivery,Male,2.0,5,Laptop & Accessory,3,Single,1,0,13.0,1.0,3.0,1.0,166.32,1.0,3.0,5,4,3,12,Loyal Customers
51911,0,0.0,Mobile Phone,1,16.0,Credit Card,Male,3.0,1,Mobile Phone,3,Single,2,0,18.0,0.0,1.0,2.0,135.05,2.0,1.0,5,2,1,8,Potential Loyalists
51912,1,10.0,Computer,3,33.0,Debit Card,Female,3.0,1,Laptop & Accessory,3,Single,5,1,12.0,0.0,1.0,3.0,163.97,3.0,1.0,4,2,3,9,Potential Loyalists
51913,0,7.0,Mobile Phone,3,8.0,UPI,Male,2.0,3,Laptop & Accessory,1,Single,2,0,22.0,0.0,1.0,4.0,162.74,4.0,1.0,3,2,3,8,Potential Loyalists
51914,1,18.0,Mobile Phone,1,8.0,Credit Card,Male,3.0,3,Others,5,Married,6,1,,1.0,1.0,4.0,298.59,4.0,1.0,3,2,5,10,Potential Loyalists
51915,0,9.0,Computer,3,14.0,Debit Card,Male,3.0,4,Fashion,5,Single,2,0,15.0,0.0,1.0,9.0,175.87,9.0,1.0,1,2,4,7,At Risk
51916,0,25.0,Computer,1,25.0,Credit Card,Male,2.0,3,Mobile Phone,1,Married,1,0,18.0,1.0,1.0,2.0,142.58,2.0,1.0,5,2,2,9,Potential Loyalists
51917,0,0.0,Computer,1,6.0,Debit Card,Female,3.0,5,Mobile Phone,1,Married,4,0,14.0,2.0,2.0,0.0,143.64,0.0,2.0,5,2,2,9,Potential Loyalists
51918,0,2.0,Mobile Phone,1,33.0,Credit Card,Female,3.0,3,Laptop & Accessory,3,Married,5,0,12.0,0.0,1.0,1.0,143.35,1.0,1.0,5,2,2,9,Potential Loyalists
51919,1,0.0,Mobile Phone,3,14.0,Cash on Delivery,Male,2.0,4,Laptop & Accessory,5,Single,7,0,17.0,0.0,1.0,2.0,153.26,2.0,1.0,5,2,2,9,Potential Loyalists
51920,0,7.0,Mobile Phone,1,6.0,Debit Card,Female,3.0,1,Mobile Phone,1,Single,3,0,16.0,1.0,1.0,3.0,132.8,3.0,1.0,4,2,1,7,Potential Loyalists
51921,0,27.0,Mobile Phone,1,25.0,Credit Card,Female,3.0,3,Laptop & Accessory,5,Married,10,1,11.0,0.0,1.0,4.0,154.85,4.0,1.0,3,2,3,8,Potential Loyalists
51922,0,0.0,Computer,3,14.0,E wallet,Male,2.0,3,Laptop & Accessory,1,Married,1,0,19.0,1.0,1.0,1.0,143.42,1.0,1.0,5,2,2,9,Potential Loyalists
51923,0,10.0,Mobile Phone,1,16.0,Debit Card,Female,,3,Mobile Phone,5,Married,1,1,13.0,4.0,4.0,3.0,127.82,3.0,4.0,4,4,1,9,Potential Loyalists
51924,0,11.0,Computer,1,8.0,Debit Card,Female,3.0,1,Laptop & Accessory,5,Single,7,1,12.0,0.0,4.0,12.0,159.8,12.0,4.0,1,4,3,8,Loyal Customers
51925,0,7.0,Mobile Phone,1,8.0,Credit Card,Female,2.0,4,Mobile Phone,5,Single,2,0,11.0,1.0,1.0,3.0,143.81,3.0,1.0,4,2,2,8,Potential Loyalists
51926,0,8.0,Mobile Phone,3,,Debit Card,Female,3.0,3,Mobile Phone,1,Married,2,0,16.0,1.0,1.0,2.0,125.72,2.0,1.0,5,2,1,8,Potential Loyalists
51927,0,3.0,Mobile Phone,1,6.0,Debit Card,Male,2.0,5,Mobile Phone,3,Married,4,0,21.0,1.0,1.0,2.0,138.33,2.0,1.0,5,2,1,8,Potential Loyalists
51928,0,13.0,Computer,1,8.0,Credit Card,Female,2.0,1,Laptop & Accessory,4,Married,2,0,24.0,0.0,3.0,7.0,142.44,7.0,3.0,2,4,2,8,At Risk
51929,0,7.0,Mobile Phone,3,14.0,Debit Card,Female,3.0,3,Laptop & Accessory,5,Married,6,0,17.0,1.0,1.0,2.0,165.0,2.0,1.0,5,2,3,10,Potential Loyalists
51930,0,15.0,Computer,1,14.0,Debit Card,Male,3.0,3,Others,1,Married,2,0,13.0,,14.0,9.0,284.3,9.0,14.0,1,5,5,11,Loyal Customers
51931,1,,Mobile Phone,1,12.0,Debit Card,Male,3.0,1,Mobile Phone,5,Married,2,1,21.0,0.0,1.0,0.0,116.01,0.0,1.0,5,2,1,8,Potential Loyalists
51932,0,0.0,Computer,1,15.0,Debit Card,Male,,4,Mobile Phone,4,Married,2,0,11.0,0.0,1.0,0.0,126.94,0.0,1.0,5,2,1,8,Potential Loyalists
51933,0,25.0,Mobile Phone,1,17.0,Debit Card,Female,,3,Laptop & Accessory,3,Married,9,0,20.0,1.0,1.0,4.0,131.49,4.0,1.0,3,2,1,6,Potential Loyalists
51934,0,23.0,Mobile Phone,1,8.0,Credit Card,Male,3.0,3,Grocery,3,Married,6,0,16.0,,1.0,3.0,276.39,3.0,1.0,4,2,5,11,Potential Loyalists
51935,1,0.0,Mobile Phone,1,,Debit Card,Female,2.0,4,Mobile Phone,5,Married,2,1,11.0,0.0,1.0,0.0,123.19,0.0,1.0,5,2,1,8,Potential Loyalists
51936,0,6.0,Mobile Phone,1,13.0,Credit Card,Male,2.0,3,Fashion,3,Married,1,0,11.0,1.0,3.0,,216.91000000000005,3.0,3.0,4,4,5,13,Champions
51937,1,0.0,Mobile Phone,3,22.0,E wallet,Female,3.0,3,Laptop & Accessory,5,Single,6,0,15.0,1.0,1.0,2.0,153.24,2.0,1.0,5,2,2,9,Potential Loyalists
51938,0,20.0,Mobile Phone,1,8.0,UPI,Female,2.0,3,Grocery,1,Married,2,1,11.0,,3.0,0.0,267.52,0.0,3.0,5,4,5,14,Champions
51939,0,9.0,Mobile Phone,1,6.0,UPI,Female,2.0,3,Laptop & Accessory,4,Married,1,0,15.0,1.0,1.0,5.0,152.28,5.0,1.0,2,2,2,6,Hibernating
51940,0,2.0,Mobile Phone,1,29.0,Debit Card,Male,,1,Mobile Phone,3,Married,2,0,24.0,1.0,1.0,7.0,127.0,7.0,1.0,2,2,1,5,Hibernating
51941,1,20.0,Mobile Phone,1,8.0,Debit Card,Male,2.0,3,Others,4,Single,8,1,,7.0,13.0,8.0,292.46,8.0,13.0,2,5,5,12,Loyal Customers
51942,0,8.0,Mobile Phone,1,,Debit Card,Female,2.0,1,Mobile Phone,3,Single,4,0,13.0,2.0,2.0,2.0,125.06,2.0,2.0,5,2,1,8,Potential Loyalists
51943,0,15.0,Mobile Phone,1,6.0,Debit Card,Female,2.0,4,Laptop & Accessory,1,Married,10,1,13.0,0.0,1.0,2.0,160.62,2.0,1.0,5,2,3,10,Potential Loyalists
51944,1,0.0,Mobile Phone,1,8.0,Credit Card,Male,2.0,3,Mobile Phone,3,Single,7,0,17.0,2.0,2.0,1.0,143.82,1.0,2.0,5,2,2,9,Potential Loyalists
51945,0,,Mobile Phone,2,19.0,UPI,Male,2.0,3,Mobile Phone,4,Married,5,0,13.0,1.0,1.0,4.0,121.43,4.0,1.0,3,2,1,6,Potential Loyalists
51946,0,5.0,Mobile Phone,1,10.0,Debit Card,Female,3.0,4,Laptop & Accessory,3,Married,2,0,12.0,5.0,6.0,8.0,161.62,8.0,6.0,2,5,3,10,Loyal Customers
51947,0,13.0,Computer,1,22.0,Credit Card,Male,2.0,4,Laptop & Accessory,3,Single,7,0,14.0,0.0,1.0,0.0,150.94,0.0,1.0,5,2,2,9,Potential Loyalists
51948,0,3.0,Mobile Phone,1,8.0,Credit Card,Female,2.0,4,Laptop & Accessory,1,Single,6,1,24.0,1.0,1.0,0.0,168.77,0.0,1.0,5,2,3,10,Potential Loyalists
51949,0,,Mobile Phone,1,8.0,Debit Card,Female,3.0,4,Mobile Phone,3,Single,2,0,14.0,1.0,1.0,0.0,122.74,0.0,1.0,5,2,1,8,Potential Loyalists
51950,0,15.0,Mobile Phone,1,35.0,Debit Card,Male,3.0,3,Laptop & Accessory,4,Married,2,0,13.0,5.0,7.0,8.0,144.34,8.0,7.0,2,5,2,9,At Risk
51951,0,11.0,Computer,1,18.0,Debit Card,Male,0.0,4,Laptop & Accessory,5,Married,3,0,15.0,1.0,1.0,2.0,162.88,2.0,1.0,5,2,3,10,Potential Loyalists
51952,0,7.0,Computer,1,,Debit Card,Female,3.0,4,Mobile Phone,1,Single,2,0,16.0,1.0,1.0,3.0,125.53,3.0,1.0,4,2,1,7,Potential Loyalists
51953,1,12.0,Mobile Phone,3,17.0,E wallet,Female,2.0,3,Fashion,1,Married,2,0,18.0,0.0,7.0,7.0,176.54,7.0,7.0,2,5,4,11,Loyal Customers
51954,1,18.0,Mobile Phone,3,8.0,Credit Card,Male,2.0,3,Laptop & Accessory,1,Single,5,0,16.0,1.0,7.0,3.0,151.6,3.0,7.0,4,5,2,11,Potential Loyalists
51955,0,16.0,Mobile Phone,1,20.0,Debit Card,Male,3.0,3,Grocery,5,Married,7,0,24.0,,1.0,0.0,271.59,0.0,1.0,5,2,5,12,Potential Loyalists
51956,0,0.0,Mobile Phone,1,11.0,Cash on Delivery,Male,2.0,4,Fashion,1,Married,2,1,16.0,1.0,1.0,,228.08,3.0,1.0,4,2,5,11,Potential Loyalists
51957,0,8.0,Mobile Phone,1,13.0,UPI,Male,2.0,3,Fashion,3,Single,4,0,21.0,0.0,1.0,6.0,202.21,6.0,1.0,2,2,4,8,At Risk
51958,0,1.0,Mobile Phone,3,8.0,E wallet,Female,2.0,3,Laptop & Accessory,4,Married,2,1,20.0,6.0,7.0,5.0,147.79,5.0,7.0,2,5,2,9,At Risk
51959,0,7.0,Mobile Phone,2,9.0,UPI,Male,2.0,3,Mobile Phone,1,Married,1,0,19.0,1.0,1.0,2.0,137.37,2.0,1.0,5,2,1,8,Potential Loyalists
51960,1,0.0,Computer,1,,Credit Card,Female,2.0,4,Mobile Phone,3,Married,2,1,14.0,0.0,1.0,7.0,123.66,7.0,1.0,2,2,1,5,Hibernating
51961,0,,Computer,1,9.0,Credit Card,Male,2.0,3,Mobile Phone,1,Married,2,0,11.0,0.0,1.0,0.0,117.06,0.0,1.0,5,2,1,8,Potential Loyalists
51962,0,24.0,Mobile Phone,3,32.0,E wallet,Female,3.0,3,Grocery,3,Married,3,0,14.0,,4.0,17.0,263.07,17.0,4.0,1,4,5,10,Loyal Customers
51963,0,17.0,Mobile Phone,1,10.0,Credit Card,Male,2.0,3,Laptop & Accessory,4,Single,10,0,12.0,1.0,2.0,3.0,159.33,3.0,2.0,4,2,3,9,Potential Loyalists
51964,0,0.0,Mobile Phone,1,8.0,Credit Card,Male,3.0,1,Mobile Phone,5,Single,8,0,13.0,0.0,1.0,1.0,134.24,1.0,1.0,5,2,1,8,Potential Loyalists
51965,0,6.0,Mobile Phone,3,6.0,Credit Card,Male,2.0,1,Laptop & Accessory,5,Married,2,0,22.0,0.0,1.0,8.0,140.37,8.0,1.0,2,2,1,5,Hibernating
51966,0,8.0,Mobile Phone,1,,Credit Card,Female,2.0,4,Mobile Phone,5,Single,2,0,11.0,0.0,1.0,1.0,125.59,1.0,1.0,5,2,1,8,Potential Loyalists
51967,0,9.0,Mobile Phone,3,6.0,Debit Card,Male,2.0,3,Laptop & Accessory,1,Married,2,1,14.0,3.0,4.0,11.0,162.01,11.0,4.0,1,4,3,8,Loyal Customers
51968,0,5.0,Mobile Phone,3,19.0,Debit Card,Male,3.0,3,Laptop & Accessory,1,Married,3,0,11.0,0.0,1.0,3.0,144.03,3.0,1.0,4,2,2,8,Potential Loyalists
51969,0,3.0,Computer,1,11.0,Debit Card,Male,3.0,4,Mobile Phone,1,Married,10,0,12.0,0.0,1.0,3.0,137.61,3.0,1.0,4,2,1,7,Potential Loyalists
51970,0,26.0,Mobile Phone,3,13.0,E wallet,Female,3.0,4,Fashion,1,Married,8,1,18.0,0.0,1.0,,209.34,3.0,1.0,4,2,5,11,Potential Loyalists
51971,0,18.0,Mobile Phone,3,15.0,E wallet,Male,3.0,3,Fashion,5,Married,5,1,12.0,0.0,1.0,2.0,207.61,2.0,1.0,5,2,4,11,Potential Loyalists
51972,0,5.0,Mobile Phone,1,14.0,Credit Card,Female,3.0,1,Laptop & Accessory,3,Married,6,0,12.0,1.0,1.0,3.0,151.75,3.0,1.0,4,2,2,8,Potential Loyalists
51973,0,25.0,Computer,1,31.0,Credit Card,Female,2.0,4,Grocery,1,Married,4,0,22.0,0.0,,0.0,238.26,0.0,2.0,5,2,5,12,Potential Loyalists
51974,0,10.0,Mobile Phone,3,22.0,E wallet,Male,3.0,4,Laptop & Accessory,3,Married,5,0,19.0,1.0,1.0,0.0,163.34,0.0,1.0,5,2,3,10,Potential Loyalists
51975,0,1.0,Mobile Phone,2,14.0,Credit Card,Male,3.0,4,Mobile Phone,1,Married,2,0,13.0,1.0,1.0,4.0,149.36,4.0,1.0,3,2,2,7,Potential Loyalists
51976,0,0.0,Mobile Phone,1,6.0,Debit Card,Male,2.0,4,Laptop & Accessory,1,Married,7,0,22.0,2.0,2.0,2.0,147.75,2.0,2.0,5,2,2,9,Potential Loyalists
51977,0,17.0,Mobile Phone,1,14.0,Debit Card,Male,,1,Mobile Phone,1,Married,3,1,24.0,1.0,1.0,2.0,128.18,2.0,1.0,5,2,1,8,Potential Loyalists
51978,0,15.0,Computer,1,,Credit Card,Male,2.0,3,Mobile Phone,1,Single,6,1,14.0,1.0,2.0,2.0,125.15,2.0,2.0,5,2,1,8,Potential Loyalists
51979,0,9.0,Mobile Phone,2,,Debit Card,Male,3.0,4,Mobile Phone,5,Married,1,0,21.0,0.0,1.0,3.0,123.42,3.0,1.0,4,2,1,7,Potential Loyalists
51980,0,0.0,Mobile Phone,3,9.0,UPI,Male,3.0,3,Laptop & Accessory,5,Married,2,1,18.0,0.0,1.0,3.0,141.94,3.0,1.0,4,2,2,8,Potential Loyalists
51981,0,8.0,Mobile Phone,1,15.0,Debit Card,Female,3.0,4,Fashion,3,Married,2,1,20.0,3.0,5.0,15.0,206.85,15.0,5.0,1,5,4,10,Loyal Customers
51982,1,,Computer,1,31.0,Debit Card,Female,3.0,3,Mobile Phone,4,Married,2,1,19.0,6.0,7.0,8.0,120.22,8.0,7.0,2,5,1,8,At Risk
51983,0,5.0,Computer,1,6.0,Debit Card,Male,3.0,3,Mobile Phone,1,Married,1,0,12.0,1.0,1.0,2.0,123.14,2.0,1.0,5,2,1,8,Potential Loyalists
51984,0,0.0,Mobile Phone,3,10.0,E wallet,Male,2.0,4,Laptop & Accessory,5,Married,2,0,12.0,1.0,1.0,3.0,142.56,3.0,1.0,4,2,2,8,Potential Loyalists
51985,0,22.0,Mobile Phone,1,6.0,Cash on Delivery,Female,2.0,3,Mobile Phone,5,Married,3,0,16.0,0.0,1.0,2.0,135.8,2.0,1.0,5,2,1,8,Potential Loyalists
51986,0,0.0,Computer,1,10.0,Debit Card,Male,2.0,4,Mobile Phone,1,Married,1,0,17.0,0.0,3.0,4.0,131.62,4.0,3.0,3,4,1,8,Potential Loyalists
51987,0,5.0,Computer,3,11.0,Debit Card,Male,2.0,3,Laptop & Accessory,4,Married,2,0,14.0,2.0,5.0,3.0,165.24,3.0,5.0,4,5,3,12,Loyal Customers
51988,0,11.0,Mobile Phone,3,15.0,E wallet,Male,,4,Mobile Phone,4,Married,1,0,19.0,0.0,1.0,2.0,128.99,2.0,1.0,5,2,1,8,Potential Loyalists
51989,0,15.0,Mobile Phone,1,9.0,Debit Card,Female,3.0,1,Laptop & Accessory,1,Married,3,1,13.0,1.0,1.0,3.0,152.31,3.0,1.0,4,2,2,8,Potential Loyalists
51990,0,4.0,Mobile Phone,1,,Debit Card,Male,2.0,3,Mobile Phone,1,Married,4,1,19.0,0.0,1.0,2.0,123.56,2.0,1.0,5,2,1,8,Potential Loyalists
51991,1,0.0,Mobile Phone,3,6.0,Credit Card,Female,,4,Mobile Phone,3,Married,7,1,19.0,1.0,1.0,2.0,128.0,2.0,1.0,5,2,1,8,Potential Loyalists
51992,0,26.0,Mobile Phone,3,14.0,E wallet,Male,3.0,3,Grocery,1,Married,6,0,14.0,2.0,2.0,,218.36,3.0,2.0,4,2,5,11,Potential Loyalists
51993,0,8.0,Mobile Phone,1,31.0,Cash on Delivery,Male,3.0,4,Fashion,4,Married,4,0,16.0,2.0,4.0,8.0,209.03,8.0,4.0,2,4,5,11,Loyal Customers
51994,0,10.0,Computer,3,27.0,Credit Card,Female,,3,Mobile Phone,1,Married,6,0,15.0,1.0,1.0,0.0,129.73,0.0,1.0,5,2,1,8,Potential Loyalists
51995,0,26.0,Mobile Phone,1,29.0,Debit Card,Female,3.0,3,Grocery,1,Single,7,0,18.0,3.0,,8.0,242.75,8.0,2.0,2,2,5,9,At Risk
51996,0,16.0,Computer,1,6.0,Debit Card,Female,2.0,3,Laptop & Accessory,1,Married,5,0,13.0,1.0,2.0,2.0,155.62,2.0,2.0,5,2,3,10,Potential Loyalists
51997,0,20.0,Mobile Phone,3,8.0,E wallet,Female,2.0,3,Laptop & Accessory,1,Married,1,1,22.0,3.0,7.0,7.0,145.37,7.0,7.0,2,5,2,9,At Risk
51998,0,10.0,Computer,3,25.0,Credit Card,Male,2.0,3,Fashion,4,Single,2,1,13.0,0.0,1.0,9.0,176.42,9.0,1.0,1,2,4,7,At Risk
51999,0,23.0,Computer,1,8.0,Debit Card,Male,3.0,3,Grocery,5,Married,2,0,11.0,,14.0,7.0,279.24,7.0,14.0,2,5,5,12,Loyal Customers
52000,0,12.0,Mobile Phone,2,8.0,Debit Card,Female,2.0,4,Laptop & Accessory,1,Married,9,0,11.0,1.0,1.0,4.0,152.04,4.0,1.0,3,2,2,7,Potential Loyalists
52001,0,,Mobile Phone,2,9.0,UPI,Male,2.0,3,Mobile Phone,4,Married,4,1,11.0,0.0,1.0,3.0,122.77,3.0,1.0,4,2,1,7,Potential Loyalists
52002,1,0.0,Mobile Phone,1,31.0,Debit Card,Male,,3,Mobile Phone,1,Single,2,1,24.0,0.0,1.0,1.0,127.95,1.0,1.0,5,2,1,8,Potential Loyalists
52003,0,2.0,Mobile Phone,1,,Credit Card,Female,3.0,4,Mobile Phone,1,Married,7,0,14.0,1.0,1.0,3.0,125.32,3.0,1.0,4,2,1,7,Potential Loyalists
52004,0,17.0,Mobile Phone,1,,Debit Card,Male,3.0,3,Mobile Phone,5,Married,2,1,13.0,5.0,7.0,1.0,125.59,1.0,7.0,5,5,1,11,Potential Loyalists
52005,0,1.0,Mobile Phone,3,11.0,Credit Card,Male,3.0,3,Laptop & Accessory,1,Single,2,0,14.0,0.0,1.0,2.0,149.08,2.0,1.0,5,2,2,9,Potential Loyalists
52006,1,20.0,Computer,1,,Debit Card,Male,2.0,4,Mobile Phone,1,Married,10,1,14.0,1.0,1.0,0.0,123.8,0.0,1.0,5,2,1,8,Potential Loyalists
52007,0,16.0,Mobile Phone,1,14.0,Debit Card,Female,2.0,3,Laptop & Accessory,4,Married,5,0,21.0,1.0,1.0,0.0,147.65,0.0,1.0,5,2,2,9,Potential Loyalists
52008,1,,Mobile Phone,3,8.0,Credit Card,Female,2.0,4,Mobile Phone,3,Single,2,0,13.0,1.0,1.0,2.0,120.44,2.0,1.0,5,2,1,8,Potential Loyalists
52009,1,0.0,Mobile Phone,1,24.0,UPI,Female,,3,Mobile Phone,1,Single,2,0,19.0,1.0,1.0,0.0,126.93,0.0,1.0,5,2,1,8,Potential Loyalists
52010,0,9.0,Mobile Phone,1,20.0,Debit Card,Male,3.0,3,Laptop & Accessory,1,Married,1,1,17.0,2.0,4.0,11.0,165.86,11.0,4.0,1,4,3,8,Loyal Customers
52011,0,20.0,Mobile Phone,3,8.0,Debit Card,Female,3.0,4,Mobile Phone,1,Single,2,1,18.0,0.0,1.0,2.0,132.94,2.0,1.0,5,2,1,8,Potential Loyalists
52012,1,0.0,Mobile Phone,1,9.0,Debit Card,Female,2.0,3,Laptop & Accessory,3,Married,1,1,19.0,1.0,1.0,2.0,141.71,2.0,1.0,5,2,2,9,Potential Loyalists
52013,1,4.0,Mobile Phone,1,8.0,Debit Card,Female,,5,Mobile Phone,1,Married,5,1,13.0,0.0,1.0,0.0,127.78,0.0,1.0,5,2,1,8,Potential Loyalists
52014,0,1.0,Mobile Phone,1,,Credit Card,Female,3.0,3,Mobile Phone,3,Married,6,0,18.0,0.0,2.0,2.0,123.77,2.0,2.0,5,2,1,8,Potential Loyalists
52015,1,2.0,Mobile Phone,1,,Credit Card,Male,3.0,3,Mobile Phone,5,Married,8,1,21.0,1.0,2.0,2.0,124.04,2.0,2.0,5,2,1,8,Potential Loyalists
52016,0,0.0,Mobile Phone,1,,Debit Card,Female,3.0,3,Mobile Phone,3,Single,2,0,19.0,0.0,1.0,0.0,123.18,0.0,1.0,5,2,1,8,Potential Loyalists
52017,0,,Mobile Phone,1,16.0,Debit Card,Male,2.0,3,Mobile Phone,4,Married,2,0,14.0,1.0,1.0,0.0,120.08,0.0,1.0,5,2,1,8,Potential Loyalists
52018,0,15.0,Mobile Phone,3,20.0,Credit Card,Female,3.0,4,Laptop & Accessory,3,Single,8,0,17.0,1.0,1.0,3.0,162.44,3.0,1.0,4,2,3,9,Potential Loyalists
52019,0,6.0,Mobile Phone,1,6.0,UPI,Male,,4,Mobile Phone,5,Single,4,1,11.0,1.0,1.0,2.0,127.99,2.0,1.0,5,2,1,8,Potential Loyalists
52020,0,30.0,Mobile Phone,1,11.0,Cash on Delivery,Female,2.0,4,Fashion,4,Married,3,1,13.0,1.0,1.0,4.0,205.52,4.0,1.0,3,2,4,9,Potential Loyalists
52021,0,4.0,Mobile Phone,3,,Debit Card,Male,2.0,4,Mobile Phone,3,Married,4,0,15.0,2.0,5.0,2.0,123.29,2.0,5.0,5,5,1,11,Potential Loyalists
52022,0,8.0,Mobile Phone,1,27.0,Debit Card,Female,2.0,3,Laptop & Accessory,1,Married,2,1,25.0,0.0,1.0,7.0,140.14,7.0,1.0,2,2,1,5,Hibernating
52023,0,22.0,Mobile Phone,1,14.0,UPI,Female,2.0,3,Fashion,4,Married,5,0,11.0,0.0,1.0,7.0,174.03,7.0,1.0,2,2,4,8,At Risk
52024,0,,Mobile Phone,1,26.0,Credit Card,Male,2.0,3,Mobile Phone,3,Married,5,0,17.0,1.0,1.0,0.0,122.59,0.0,1.0,5,2,1,8,Potential Loyalists
52025,0,4.0,Computer,3,26.0,E wallet,Female,2.0,3,Laptop & Accessory,3,Married,2,0,13.0,1.0,1.0,0.0,169.32,0.0,1.0,5,2,3,10,Potential Loyalists
52026,0,9.0,Mobile Phone,1,13.0,UPI,Male,3.0,3,Mobile Phone,1,Single,3,0,18.0,1.0,1.0,1.0,146.78,1.0,1.0,5,2,2,9,Potential Loyalists
52027,0,11.0,Mobile Phone,1,6.0,Cash on Delivery,Female,3.0,3,Fashion,5,Married,2,0,13.0,4.0,,11.0,235.82,11.0,2.0,1,2,5,8,At Risk
52028,0,5.0,Computer,1,,Debit Card,Female,3.0,4,Mobile Phone,4,Married,7,0,20.0,0.0,1.0,2.0,123.32,2.0,1.0,5,2,1,8,Potential Loyalists
52029,1,0.0,Mobile Phone,3,,E wallet,Male,2.0,4,Mobile Phone,4,Married,2,1,18.0,0.0,1.0,0.0,124.13,0.0,1.0,5,2,1,8,Potential Loyalists
52030,0,13.0,Mobile Phone,3,16.0,E wallet,Male,3.0,4,Fashion,4,Married,3,0,12.0,0.0,1.0,0.0,197.05,0.0,1.0,5,2,4,11,Potential Loyalists
52031,0,0.0,Computer,3,6.0,Credit Card,Male,2.0,4,Laptop & Accessory,5,Single,2,0,12.0,0.0,1.0,7.0,142.94,7.0,1.0,2,2,2,6,Hibernating
52032,0,14.0,Mobile Phone,1,12.0,Credit Card,Male,2.0,3,Mobile Phone,5,Single,3,1,13.0,1.0,2.0,17.0,147.21,17.0,2.0,1,2,2,5,Hibernating
52033,0,9.0,Mobile Phone,1,,Credit Card,Male,3.0,3,Mobile Phone,3,Single,5,0,21.0,1.0,3.0,9.0,125.19,9.0,3.0,1,4,1,6,At Risk
52034,1,,Mobile Phone,3,27.0,UPI,Male,2.0,4,Mobile Phone,4,Single,2,1,13.0,1.0,1.0,0.0,121.21,0.0,1.0,5,2,1,8,Potential Loyalists
52035,1,0.0,Mobile Phone,1,10.0,Cash on Delivery,Male,,3,Mobile Phone,5,Single,2,0,19.0,1.0,1.0,0.0,129.73,0.0,1.0,5,2,1,8,Potential Loyalists
52036,0,4.0,Mobile Phone,1,18.0,Credit Card,Female,2.0,3,Laptop & Accessory,1,Married,1,1,11.0,6.0,8.0,5.0,158.55,5.0,8.0,2,5,3,10,Loyal Customers
52037,0,13.0,Computer,1,15.0,Credit Card,Male,2.0,3,Mobile Phone,4,Married,9,1,14.0,0.0,1.0,0.0,136.17,0.0,1.0,5,2,1,8,Potential Loyalists
52038,0,5.0,Mobile Phone,1,9.0,Credit Card,Female,3.0,3,Laptop & Accessory,5,Married,2,0,12.0,1.0,6.0,3.0,167.25,3.0,6.0,4,5,3,12,Loyal Customers
52039,1,0.0,Mobile Phone,3,9.0,Debit Card,Male,2.0,4,Fashion,1,Married,2,1,11.0,3.0,3.0,7.0,203.25,7.0,3.0,2,4,4,10,Loyal Customers
52040,0,6.0,Mobile Phone,1,6.0,Debit Card,Female,2.0,4,Laptop & Accessory,1,Single,1,0,14.0,1.0,1.0,4.0,169.49,4.0,1.0,3,2,3,8,Potential Loyalists
52041,1,0.0,Mobile Phone,3,6.0,Debit Card,Male,2.0,4,Fashion,3,Married,6,0,11.0,5.0,11.0,46.0,206.09,46.0,11.0,1,5,4,10,Loyal Customers
52042,0,18.0,Computer,1,10.0,Debit Card,Male,2.0,3,Laptop & Accessory,4,Married,2,0,12.0,1.0,1.0,8.0,144.47,8.0,1.0,2,2,2,6,Hibernating
52043,0,,Computer,3,26.0,Cash on Delivery,Female,2.0,3,Mobile Phone,1,Married,2,0,15.0,0.0,1.0,2.0,121.57,2.0,1.0,5,2,1,8,Potential Loyalists
52044,0,8.0,Mobile Phone,3,24.0,Credit Card,Female,2.0,3,Laptop & Accessory,3,Married,2,0,16.0,1.0,1.0,0.0,146.01,0.0,1.0,5,2,2,9,Potential Loyalists
52045,0,25.0,Mobile Phone,1,6.0,Debit Card,Male,3.0,3,Grocery,1,Married,3,0,15.0,,7.0,8.0,270.99,8.0,7.0,2,5,5,12,Loyal Customers
52046,1,20.0,Mobile Phone,1,,Cash on Delivery,Male,2.0,3,Mobile Phone,3,Single,5,0,24.0,0.0,1.0,0.0,124.79,0.0,1.0,5,2,1,8,Potential Loyalists
52047,0,26.0,Mobile Phone,3,8.0,Credit Card,Male,2.0,3,Grocery,3,Married,7,0,13.0,11.0,,2.0,248.52,2.0,2.0,5,2,5,12,Potential Loyalists
52048,0,3.0,Mobile Phone,3,14.0,UPI,Male,3.0,3,Fashion,3,Married,6,0,11.0,2.0,7.0,7.0,172.64,7.0,7.0,2,5,3,10,Loyal Customers
52049,0,11.0,Computer,3,16.0,Cash on Delivery,Female,2.0,3,Laptop & Accessory,1,Single,2,1,13.0,1.0,1.0,3.0,156.66,3.0,1.0,4,2,3,9,Potential Loyalists
52050,0,8.0,Mobile Phone,3,9.0,Debit Card,Male,3.0,3,Fashion,1,Married,7,0,13.0,0.0,1.0,8.0,178.23,8.0,1.0,2,2,4,8,At Risk
52051,0,12.0,Mobile Phone,3,8.0,Debit Card,Male,2.0,1,Fashion,3,Single,1,0,18.0,0.0,1.0,7.0,178.8,7.0,1.0,2,2,4,8,At Risk
52052,1,3.0,Computer,3,30.0,Debit Card,Female,3.0,1,Grocery,4,Single,5,1,16.0,1.0,,0.0,231.94,0.0,2.0,5,2,5,12,Potential Loyalists
52053,0,20.0,Computer,1,22.0,Credit Card,Male,3.0,1,Laptop & Accessory,3,Married,2,1,19.0,1.0,2.0,7.0,150.67,7.0,2.0,2,2,2,6,Hibernating
52054,0,9.0,Computer,3,14.0,Cash on Delivery,Male,2.0,3,Laptop & Accessory,1,Married,5,0,13.0,1.0,1.0,7.0,150.79,7.0,1.0,2,2,2,6,Hibernating
52055,1,0.0,Computer,1,,Credit Card,Male,2.0,4,Mobile Phone,5,Single,1,1,22.0,0.0,1.0,2.0,123.21,2.0,1.0,5,2,1,8,Potential Loyalists
52056,0,6.0,Computer,3,23.0,Debit Card,Male,2.0,3,Grocery,3,Single,2,0,11.0,,6.0,0.0,274.44,0.0,6.0,5,5,5,15,Champions
52057,1,0.0,Mobile Phone,1,,Debit Card,Female,3.0,4,Mobile Phone,5,Single,7,1,20.0,1.0,1.0,0.0,124.04,0.0,1.0,5,2,1,8,Potential Loyalists
52058,0,6.0,Mobile Phone,1,19.0,Debit Card,Female,2.0,3,Mobile Phone,1,Single,4,0,18.0,1.0,1.0,2.0,134.52,2.0,1.0,5,2,1,8,Potential Loyalists
52059,0,,Mobile Phone,1,6.0,Credit Card,Female,3.0,3,Mobile Phone,1,Married,4,0,14.0,1.0,1.0,2.0,122.7,2.0,1.0,5,2,1,8,Potential Loyalists
52060,0,23.0,Mobile Phone,1,6.0,Credit Card,Male,3.0,3,Grocery,1,Married,10,0,22.0,,1.0,3.0,273.99,3.0,1.0,4,2,5,11,Potential Loyalists
52061,0,6.0,Computer,1,6.0,UPI,Female,2.0,1,Laptop & Accessory,4,Married,2,1,13.0,1.0,1.0,2.0,154.88,2.0,1.0,5,2,3,10,Potential Loyalists
52062,0,14.0,Computer,1,15.0,Credit Card,Male,3.0,3,Others,3,Married,3,0,,0.0,1.0,11.0,294.19,11.0,1.0,1,2,5,8,At Risk
52063,0,0.0,Mobile Phone,1,22.0,Cash on Delivery,Female,,3,Mobile Phone,4,Married,10,0,14.0,2.0,2.0,2.0,128.11,2.0,2.0,5,2,1,8,Potential Loyalists
52064,0,18.0,Computer,1,29.0,Debit Card,Male,2.0,3,Laptop & Accessory,5,Married,2,1,15.0,1.0,1.0,8.0,136.33,8.0,1.0,2,2,1,5,Hibernating
52065,0,20.0,Mobile Phone,3,10.0,Debit Card,Female,2.0,3,Laptop & Accessory,1,Single,2,1,17.0,1.0,1.0,7.0,141.63,7.0,1.0,2,2,2,6,Hibernating
52066,1,,Mobile Phone,1,28.0,Debit Card,Female,2.0,3,Mobile Phone,3,Married,5,1,11.0,0.0,1.0,1.0,121.32,1.0,1.0,5,2,1,8,Potential Loyalists
52067,0,23.0,Mobile Phone,1,30.0,Debit Card,Male,3.0,3,Grocery,3,Married,4,1,18.0,1.0,,5.0,239.73,5.0,2.0,2,2,5,9,At Risk
52068,0,11.0,Computer,1,16.0,Credit Card,Male,,3,Mobile Phone,3,Married,1,0,17.0,0.0,1.0,2.0,126.84,2.0,1.0,5,2,1,8,Potential Loyalists
52069,0,19.0,Mobile Phone,1,13.0,Credit Card,Male,3.0,3,Fashion,3,Married,7,0,13.0,1.0,1.0,7.0,208.45,7.0,1.0,2,2,4,8,At Risk
52070,0,0.0,Mobile Phone,1,23.0,Credit Card,Female,2.0,4,Laptop & Accessory,3,Married,2,0,15.0,0.0,3.0,2.0,143.77,2.0,3.0,5,4,2,11,Potential Loyalists
52071,1,0.0,Mobile Phone,1,20.0,UPI,Male,2.0,4,Mobile Phone,4,Married,2,1,24.0,1.0,1.0,2.0,137.43,2.0,1.0,5,2,1,8,Potential Loyalists
52072,0,4.0,Computer,1,6.0,Debit Card,Female,3.0,3,Laptop & Accessory,5,Married,2,0,12.0,1.0,1.0,3.0,141.48,3.0,1.0,4,2,2,8,Potential Loyalists
52073,0,0.0,Computer,1,11.0,Debit Card,Male,3.0,3,Mobile Phone,1,Single,2,0,15.0,0.0,1.0,0.0,110.51,0.0,1.0,5,2,1,8,Potential Loyalists
52074,0,27.0,Mobile Phone,1,23.0,Cash on Delivery,Female,2.0,3,Fashion,3,Married,9,0,11.0,0.0,1.0,8.0,207.39,8.0,1.0,2,2,4,8,At Risk
52075,0,8.0,Mobile Phone,1,31.0,Credit Card,Female,2.0,3,Fashion,3,Married,2,1,11.0,0.0,10.0,1.0,203.88,1.0,10.0,5,5,4,14,Champions
52076,0,3.0,Mobile Phone,1,14.0,Debit Card,Female,3.0,1,Fashion,5,Married,1,1,12.0,0.0,1.0,,214.16000000000005,3.0,1.0,4,2,5,11,Potential Loyalists
52077,1,0.0,Mobile Phone,1,,Credit Card,Female,3.0,4,Mobile Phone,5,Single,2,1,15.0,1.0,1.0,0.0,126.0,0.0,1.0,5,2,1,8,Potential Loyalists
52078,1,0.0,Computer,1,,Credit Card,Female,2.0,3,Mobile Phone,4,Single,1,0,17.0,0.0,1.0,2.0,124.22,2.0,1.0,5,2,1,8,Potential Loyalists
52079,0,0.0,Mobile Phone,1,8.0,Credit Card,Male,2.0,1,Laptop & Accessory,1,Married,2,0,12.0,1.0,1.0,3.0,154.72,3.0,1.0,4,2,3,9,Potential Loyalists
52080,0,0.0,Mobile Phone,1,,Debit Card,Male,3.0,5,Mobile Phone,5,Married,2,0,15.0,0.0,1.0,1.0,124.51,1.0,1.0,5,2,1,8,Potential Loyalists
52081,0,21.0,Mobile Phone,1,12.0,Debit Card,Male,3.0,4,Laptop & Accessory,3,Single,3,0,13.0,0.0,2.0,2.0,142.4,2.0,2.0,5,2,2,9,Potential Loyalists
52082,0,21.0,Mobile Phone,1,10.0,Debit Card,Male,3.0,4,Fashion,3,Single,8,0,14.0,1.0,4.0,,209.99,3.0,4.0,4,4,5,13,Champions
52083,0,14.0,Mobile Phone,1,13.0,Credit Card,Female,2.0,3,Laptop & Accessory,3,Single,7,0,14.0,2.0,2.0,1.0,150.03,1.0,2.0,5,2,2,9,Potential Loyalists
52084,0,12.0,Mobile Phone,1,6.0,Debit Card,Female,3.0,4,Grocery,1,Married,2,0,16.0,9.0,11.0,,227.42,3.0,11.0,4,5,5,14,Champions
52085,0,0.0,Mobile Phone,1,8.0,Debit Card,Female,2.0,3,Laptop & Accessory,1,Married,1,0,18.0,2.0,2.0,2.0,142.27,2.0,2.0,5,2,2,9,Potential Loyalists
52086,0,8.0,Mobile Phone,1,16.0,UPI,Male,2.0,3,Mobile Phone,1,Married,2,0,20.0,0.0,1.0,2.0,139.17,2.0,1.0,5,2,1,8,Potential Loyalists
52087,0,0.0,Mobile Phone,3,11.0,E wallet,Male,2.0,3,Others,3,Married,7,0,13.0,,1.0,0.0,283.03,0.0,1.0,5,2,5,12,Potential Loyalists
52088,0,23.0,Mobile Phone,1,,Debit Card,Male,3.0,3,Mobile Phone,1,Married,5,0,18.0,1.0,1.0,0.0,123.8,0.0,1.0,5,2,1,8,Potential Loyalists
52089,0,30.0,Mobile Phone,1,8.0,Debit Card,Female,3.0,4,Grocery,1,Single,4,1,13.0,4.0,,3.0,237.26,3.0,2.0,4,2,5,11,Potential Loyalists
52090,1,0.0,Mobile Phone,1,17.0,Credit Card,Female,3.0,5,Laptop & Accessory,4,Married,6,0,15.0,1.0,1.0,0.0,147.77,0.0,1.0,5,2,2,9,Potential Loyalists
52091,0,28.0,Computer,1,24.0,Credit Card,Male,3.0,3,Laptop & Accessory,4,Married,4,1,14.0,2.0,6.0,7.0,163.85,7.0,6.0,2,5,3,10,Loyal Customers
52092,0,14.0,Computer,1,13.0,Debit Card,Female,2.0,5,Others,3,Married,2,0,,5.0,5.0,10.0,299.73,10.0,5.0,1,5,5,11,Loyal Customers
52093,0,11.0,Mobile Phone,3,9.0,Debit Card,Male,2.0,3,Laptop & Accessory,1,Single,9,1,12.0,1.0,1.0,0.0,168.61,0.0,1.0,5,2,3,10,Potential Loyalists
52094,1,0.0,Computer,3,35.0,Credit Card,Male,3.0,5,Laptop & Accessory,5,Single,9,0,18.0,1.0,2.0,2.0,149.69,2.0,2.0,5,2,2,9,Potential Loyalists
52095,1,15.0,Mobile Phone,3,8.0,E wallet,Female,2.0,5,Others,1,Married,2,0,,3.0,6.0,9.0,298.45,9.0,6.0,1,5,5,11,Loyal Customers
52096,0,17.0,Mobile Phone,3,34.0,Credit Card,Female,2.0,1,Grocery,1,Married,4,1,18.0,4.0,,11.0,233.2,11.0,2.0,1,2,5,8,At Risk
52097,0,23.0,Computer,3,6.0,Debit Card,Female,3.0,3,Laptop & Accessory,3,Married,1,0,12.0,0.0,1.0,13.0,163.47,13.0,1.0,1,2,3,6,At Risk
52098,1,0.0,Mobile Phone,1,22.0,Debit Card,Female,,1,Mobile Phone,5,Single,2,0,16.0,3.0,15.0,14.0,127.43,14.0,15.0,1,5,1,7,At Risk
52099,0,12.0,Computer,1,28.0,Credit Card,Female,2.0,3,Fashion,5,Single,2,1,13.0,1.0,2.0,8.0,208.8,8.0,2.0,2,2,4,8,At Risk
52100,0,6.0,Computer,3,,Debit Card,Female,2.0,4,Mobile Phone,1,Single,1,0,19.0,0.0,2.0,2.0,123.42,2.0,2.0,5,2,1,8,Potential Loyalists
52101,0,18.0,Mobile Phone,3,17.0,Debit Card,Female,2.0,3,Grocery,1,Married,4,0,13.0,,1.0,1.0,276.5,1.0,1.0,5,2,5,12,Potential Loyalists
52102,0,5.0,Computer,1,35.0,Credit Card,Female,3.0,3,Mobile Phone,3,Single,10,0,12.0,6.0,7.0,7.0,140.25,7.0,7.0,2,5,1,8,At Risk
52103,0,7.0,Mobile Phone,3,6.0,E wallet,Male,3.0,1,Laptop & Accessory,1,Married,1,0,11.0,0.0,1.0,9.0,197.25,9.0,1.0,1,2,4,7,At Risk
52104,0,30.0,Mobile Phone,3,6.0,Cash on Delivery,Male,3.0,3,Fashion,1,Married,4,1,14.0,1.0,1.0,,219.04,3.0,1.0,4,2,5,11,Potential Loyalists
52105,0,,Mobile Phone,2,30.0,Credit Card,Male,2.0,3,Mobile Phone,4,Single,2,0,16.0,0.0,1.0,4.0,121.77,4.0,1.0,3,2,1,6,Potential Loyalists
52106,0,26.0,Computer,3,8.0,E wallet,Female,2.0,4,Fashion,4,Married,3,0,12.0,5.0,6.0,12.0,175.25,12.0,6.0,1,5,4,10,Loyal Customers
52107,1,0.0,Mobile Phone,1,21.0,UPI,Male,2.0,3,Laptop & Accessory,3,Married,8,0,14.0,0.0,1.0,0.0,148.34,0.0,1.0,5,2,2,9,Potential Loyalists
52108,1,,Computer,1,8.0,Debit Card,Male,2.0,3,Mobile Phone,5,Married,7,1,14.0,0.0,1.0,2.0,120.42,2.0,1.0,5,2,1,8,Potential Loyalists
52109,0,,Mobile Phone,3,16.0,Debit Card,Female,2.0,3,Mobile Phone,3,Married,2,1,19.0,0.0,1.0,0.0,122.2,0.0,1.0,5,2,1,8,Potential Loyalists
52110,0,1.0,Mobile Phone,3,16.0,Credit Card,Male,3.0,3,Mobile Phone,4,Married,2,0,22.0,0.0,1.0,0.0,110.52,0.0,1.0,5,2,1,8,Potential Loyalists
52111,0,11.0,Computer,1,9.0,UPI,Male,,3,Mobile Phone,3,Married,4,0,16.0,2.0,2.0,2.0,128.21,2.0,2.0,5,2,1,8,Potential Loyalists
52112,0,23.0,Mobile Phone,1,8.0,Credit Card,Male,3.0,3,Others,3,Married,3,1,,4.0,7.0,7.0,292.37,7.0,7.0,2,5,5,12,Loyal Customers
52113,0,10.0,Mobile Phone,1,9.0,UPI,Female,2.0,3,Laptop & Accessory,4,Single,4,0,15.0,1.0,1.0,1.0,141.07,1.0,1.0,5,2,2,9,Potential Loyalists
52114,0,13.0,Mobile Phone,3,32.0,E wallet,Male,3.0,3,Laptop & Accessory,5,Married,2,0,14.0,3.0,7.0,5.0,183.96,5.0,7.0,2,5,4,11,Loyal Customers
52115,0,,Computer,1,6.0,Credit Card,Female,3.0,4,Mobile Phone,3,Married,2,0,13.0,0.0,1.0,3.0,120.07,3.0,1.0,4,2,1,7,Potential Loyalists
52116,0,19.0,Mobile Phone,1,6.0,Credit Card,Male,2.0,3,Others,1,Married,10,0,,1.0,2.0,2.0,296.27,2.0,2.0,5,2,5,12,Potential Loyalists
52117,0,27.0,Mobile Phone,3,8.0,Debit Card,Female,2.0,4,Fashion,3,Married,7,0,11.0,6.0,7.0,0.0,206.86,0.0,7.0,5,5,4,14,Champions
52118,0,29.0,Computer,1,15.0,Credit Card,Female,,3,Mobile Phone,3,Married,3,0,19.0,1.0,1.0,3.0,129.42,3.0,1.0,4,2,1,7,Potential Loyalists
52119,0,9.0,Mobile Phone,1,18.0,Credit Card,Female,2.0,4,Fashion,1,Single,1,0,11.0,5.0,7.0,8.0,188.58,8.0,7.0,2,5,4,11,Loyal Customers
52120,0,28.0,Computer,1,8.0,Credit Card,Male,2.0,4,Grocery,5,Single,8,0,15.0,,6.0,2.0,267.56,2.0,6.0,5,5,5,15,Champions
52121,0,16.0,Mobile Phone,3,31.0,Credit Card,Male,3.0,4,Fashion,1,Married,6,0,13.0,1.0,1.0,0.0,207.98,0.0,1.0,5,2,4,11,Potential Loyalists
52122,1,0.0,Computer,3,,E wallet,Female,2.0,3,Mobile Phone,1,Single,2,1,14.0,1.0,1.0,2.0,123.23,2.0,1.0,5,2,1,8,Potential Loyalists
52123,1,,Mobile Phone,1,16.0,Debit Card,Female,2.0,4,Mobile Phone,5,Single,2,0,13.0,0.0,1.0,0.0,114.16,0.0,1.0,5,2,1,8,Potential Loyalists
52124,0,19.0,Mobile Phone,1,14.0,Debit Card,Female,3.0,4,Laptop & Accessory,5,Married,9,1,23.0,1.0,1.0,7.0,146.15,7.0,1.0,2,2,2,6,Hibernating
52125,1,14.0,Mobile Phone,1,,Debit Card,Male,2.0,3,Mobile Phone,3,Married,10,1,12.0,0.0,2.0,7.0,124.61,7.0,2.0,2,2,1,5,Hibernating
52126,1,0.0,Computer,1,30.0,Cash on Delivery,Male,3.0,4,Fashion,5,Single,2,0,12.0,1.0,1.0,9.0,187.22,9.0,1.0,1,2,4,7,At Risk
52127,0,0.0,Mobile Phone,1,6.0,Credit Card,Male,2.0,4,Mobile Phone,5,Married,2,0,16.0,1.0,1.0,3.0,139.55,3.0,1.0,4,2,1,7,Potential Loyalists
52128,0,3.0,Mobile Phone,1,26.0,UPI,Male,2.0,3,Laptop & Accessory,5,Married,1,0,15.0,0.0,1.0,2.0,199.57,2.0,1.0,5,2,4,11,Potential Loyalists
52129,0,14.0,Mobile Phone,1,13.0,Cash on Delivery,Female,2.0,1,Mobile Phone,3,Married,2,0,13.0,0.0,1.0,8.0,133.76,8.0,1.0,2,2,1,5,Hibernating
52130,0,11.0,Mobile Phone,1,23.0,Debit Card,Female,3.0,4,Fashion,3,Married,1,0,18.0,1.0,1.0,9.0,188.23,9.0,1.0,1,2,4,7,At Risk
52131,0,13.0,Mobile Phone,1,26.0,Cash on Delivery,Male,3.0,3,Fashion,1,Married,5,0,20.0,3.0,11.0,1.0,203.22,1.0,11.0,5,5,4,14,Champions
52132,0,0.0,Computer,1,14.0,Debit Card,Male,2.0,5,Mobile Phone,3,Married,2,0,19.0,1.0,1.0,2.0,146.21,2.0,1.0,5,2,2,9,Potential Loyalists
52133,0,28.0,Computer,1,8.0,Debit Card,Male,3.0,3,Fashion,4,Married,4,0,18.0,0.0,1.0,,209.76,3.0,1.0,4,2,5,11,Potential Loyalists
52134,0,1.0,Mobile Phone,1,16.0,UPI,Female,2.0,3,Laptop & Accessory,3,Single,4,0,13.0,0.0,1.0,7.0,136.6,7.0,1.0,2,2,1,5,Hibernating
52135,1,7.0,Mobile Phone,2,6.0,Credit Card,Male,3.0,4,Fashion,5,Married,10,0,14.0,2.0,3.0,6.0,204.82,6.0,3.0,2,4,4,10,Loyal Customers
52136,0,6.0,Mobile Phone,1,11.0,Debit Card,Male,2.0,4,Fashion,1,Married,5,0,15.0,1.0,1.0,2.0,171.19,2.0,1.0,5,2,3,10,Potential Loyalists
52137,1,0.0,Mobile Phone,3,10.0,Cash on Delivery,Male,2.0,3,Fashion,5,Single,1,1,22.0,2.0,4.0,7.0,195.82,7.0,4.0,2,4,4,10,Loyal Customers
52138,1,0.0,Computer,1,35.0,Credit Card,Female,2.0,4,Laptop & Accessory,3,Single,2,0,22.0,2.0,3.0,8.0,145.08,8.0,3.0,2,4,2,8,At Risk
52139,0,,Mobile Phone,1,21.0,Debit Card,Male,2.0,3,Mobile Phone,3,Married,2,0,16.0,0.0,2.0,2.0,122.07,2.0,2.0,5,2,1,8,Potential Loyalists
52140,0,7.0,Computer,1,9.0,Debit Card,Male,2.0,3,Laptop & Accessory,1,Single,1,0,17.0,1.0,1.0,4.0,177.56,4.0,1.0,3,2,4,9,Potential Loyalists
52141,0,10.0,Mobile Phone,3,16.0,Debit Card,Female,2.0,4,Laptop & Accessory,1,Married,3,1,14.0,1.0,1.0,0.0,166.94,0.0,1.0,5,2,3,10,Potential Loyalists
52142,1,0.0,Mobile Phone,1,10.0,Cash on Delivery,Male,2.0,3,Mobile Phone,1,Married,2,1,15.0,4.0,5.0,6.0,136.91,6.0,5.0,2,5,1,8,At Risk
52143,1,0.0,Mobile Phone,1,,Credit Card,Male,2.0,3,Mobile Phone,3,Married,2,0,20.0,1.0,1.0,0.0,123.77,0.0,1.0,5,2,1,8,Potential Loyalists
52144,1,0.0,Mobile Phone,1,31.0,Credit Card,Male,2.0,4,Mobile Phone,4,Single,5,1,20.0,1.0,2.0,2.0,123.13,2.0,2.0,5,2,1,8,Potential Loyalists
52145,0,15.0,Mobile Phone,1,8.0,Credit Card,Male,2.0,3,Grocery,5,Married,1,0,17.0,,13.0,7.0,276.65,7.0,13.0,2,5,5,12,Loyal Customers
52146,1,0.0,Computer,1,,Credit Card,Male,2.0,4,Mobile Phone,4,Married,2,0,15.0,1.0,1.0,0.0,125.96,0.0,1.0,5,2,1,8,Potential Loyalists
52147,1,13.0,Computer,3,6.0,UPI,Male,2.0,3,Laptop & Accessory,3,Single,4,1,14.0,1.0,1.0,0.0,147.28,0.0,1.0,5,2,2,9,Potential Loyalists
52148,0,6.0,Computer,3,13.0,Debit Card,Female,1.0,3,Laptop & Accessory,4,Married,1,0,17.0,0.0,1.0,2.0,143.02,2.0,1.0,5,2,2,9,Potential Loyalists
52149,0,7.0,Computer,1,9.0,Debit Card,Male,,4,Mobile Phone,1,Married,4,0,17.0,0.0,1.0,0.0,129.79,0.0,1.0,5,2,1,8,Potential Loyalists
52150,0,21.0,Computer,1,6.0,Credit Card,Male,2.0,1,Grocery,1,Single,3,0,22.0,,2.0,1.0,268.85,1.0,2.0,5,2,5,12,Potential Loyalists
52151,0,18.0,Computer,3,15.0,Debit Card,Female,3.0,4,Laptop & Accessory,3,Married,2,0,13.0,4.0,4.0,12.0,155.93,12.0,4.0,1,4,3,8,Loyal Customers
52152,0,25.0,Mobile Phone,1,5.0,Debit Card,Male,2.0,3,Fashion,4,Single,8,0,19.0,2.0,4.0,0.0,204.45,0.0,4.0,5,4,4,13,Champions
52153,0,11.0,Mobile Phone,3,16.0,E wallet,Male,3.0,4,Fashion,3,Married,1,1,14.0,1.0,2.0,7.0,187.4,7.0,2.0,2,2,4,8,At Risk
52154,0,2.0,Mobile Phone,1,,Debit Card,Female,3.0,3,Mobile Phone,1,Married,5,0,22.0,1.0,1.0,7.0,125.14,7.0,1.0,2,2,1,5,Hibernating
52155,0,1.0,Mobile Phone,1,9.0,Credit Card,Female,3.0,3,Fashion,4,Married,1,0,17.0,0.0,1.0,7.0,176.55,7.0,1.0,2,2,4,8,At Risk
52156,0,19.0,Mobile Phone,3,9.0,E wallet,Male,2.0,3,Grocery,3,Married,4,0,12.0,,4.0,9.0,274.65,9.0,4.0,1,4,5,10,Loyal Customers
52157,0,11.0,Mobile Phone,3,8.0,E wallet,Male,2.0,3,Fashion,4,Single,8,0,16.0,1.0,1.0,0.0,173.51,0.0,1.0,5,2,4,11,Potential Loyalists
52158,0,16.0,Computer,1,33.0,Debit Card,Female,2.0,3,Fashion,5,Married,9,0,11.0,1.0,1.0,1.0,208.2,1.0,1.0,5,2,4,11,Potential Loyalists
52159,1,2.0,Computer,1,8.0,Debit Card,Male,2.0,3,Grocery,1,Married,8,0,11.0,10.0,11.0,,221.69,3.0,11.0,4,5,5,14,Champions
52160,0,13.0,Mobile Phone,1,20.0,Credit Card,Male,2.0,4,Others,3,Single,2,0,,3.0,4.0,9.0,296.26,9.0,4.0,1,4,5,10,Loyal Customers
52161,0,,Mobile Phone,1,6.0,Cash on Delivery,Female,3.0,4,Mobile Phone,4,Single,2,1,11.0,1.0,2.0,2.0,120.7,2.0,2.0,5,2,1,8,Potential Loyalists
52162,0,12.0,Computer,1,15.0,Debit Card,Male,3.0,3,Laptop & Accessory,4,Single,10,0,15.0,1.0,1.0,3.0,167.82,3.0,1.0,4,2,3,9,Potential Loyalists
52163,0,9.0,Computer,1,24.0,Debit Card,Male,3.0,3,Laptop & Accessory,1,Single,3,0,20.0,0.0,1.0,9.0,177.79,9.0,1.0,1,2,4,7,At Risk
52164,0,4.0,Computer,3,26.0,Debit Card,Male,,1,Mobile Phone,1,Married,1,0,12.0,2.0,2.0,2.0,127.91,2.0,2.0,5,2,1,8,Potential Loyalists
52165,0,1.0,Mobile Phone,1,8.0,Debit Card,Male,3.0,4,Mobile Phone,4,Married,1,0,17.0,0.0,1.0,4.0,132.01,4.0,1.0,3,2,1,6,Potential Loyalists
52166,0,8.0,Computer,3,17.0,E wallet,Male,2.0,3,Laptop & Accessory,1,Married,2,0,11.0,1.0,1.0,2.0,149.68,2.0,1.0,5,2,2,9,Potential Loyalists
52167,0,22.0,Mobile Phone,3,14.0,Cash on Delivery,Male,2.0,4,Grocery,4,Married,7,0,17.0,1.0,2.0,,231.2,3.0,2.0,4,2,5,11,Potential Loyalists
52168,0,7.0,Computer,1,8.0,Debit Card,Male,3.0,3,Laptop & Accessory,3,Single,3,0,11.0,1.0,1.0,2.0,140.33,2.0,1.0,5,2,1,8,Potential Loyalists
52169,0,2.0,Computer,1,16.0,Debit Card,Female,3.0,3,Mobile Phone,4,Married,1,0,14.0,0.0,1.0,1.0,132.91,1.0,1.0,5,2,1,8,Potential Loyalists
52170,0,15.0,Mobile Phone,1,35.0,Credit Card,Male,2.0,5,Laptop & Accessory,1,Single,5,0,19.0,1.0,1.0,0.0,142.72,0.0,1.0,5,2,2,9,Potential Loyalists
52171,0,2.0,Mobile Phone,1,14.0,Credit Card,Male,3.0,4,Laptop & Accessory,1,Married,2,1,15.0,1.0,1.0,2.0,150.56,2.0,1.0,5,2,2,9,Potential Loyalists
52172,0,11.0,Mobile Phone,2,6.0,UPI,Male,,1,Mobile Phone,3,Married,2,0,13.0,3.0,5.0,0.0,128.44,0.0,5.0,5,5,1,11,Potential Loyalists
52173,0,1.0,Computer,1,12.0,Debit Card,Male,,4,Mobile Phone,3,Married,2,1,14.0,1.0,1.0,2.0,127.03,2.0,1.0,5,2,1,8,Potential Loyalists
52174,1,,Computer,1,14.0,Credit Card,Male,3.0,3,Mobile Phone,3,Single,2,0,12.0,1.0,1.0,0.0,119.04,0.0,1.0,5,2,1,8,Potential Loyalists
52175,1,0.0,Mobile Phone,3,15.0,E wallet,Female,3.0,3,Laptop & Accessory,5,Single,4,1,17.0,0.0,1.0,3.0,182.24,3.0,1.0,4,2,4,10,Potential Loyalists
52176,0,14.0,Mobile Phone,1,18.0,Debit Card,Male,2.0,3,Mobile Phone,1,Married,4,1,11.0,1.0,1.0,0.0,147.66,0.0,1.0,5,2,2,9,Potential Loyalists
52177,1,0.0,Computer,1,,Credit Card,Male,3.0,3,Mobile Phone,3,Married,2,0,12.0,1.0,2.0,2.0,126.1,2.0,2.0,5,2,1,8,Potential Loyalists
52178,0,10.0,Mobile Phone,1,31.0,Credit Card,Female,2.0,4,Laptop & Accessory,1,Married,8,0,13.0,1.0,1.0,3.0,157.31,3.0,1.0,4,2,3,9,Potential Loyalists
52179,0,0.0,Mobile Phone,1,,Debit Card,Male,2.0,4,Mobile Phone,3,Married,2,0,13.0,1.0,2.0,2.0,125.39,2.0,2.0,5,2,1,8,Potential Loyalists
52180,0,7.0,Mobile Phone,3,15.0,Debit Card,Female,3.0,3,Laptop & Accessory,3,Married,2,0,20.0,0.0,1.0,3.0,157.14,3.0,1.0,4,2,3,9,Potential Loyalists
52181,0,8.0,Mobile Phone,2,14.0,Cash on Delivery,Male,3.0,3,Mobile Phone,3,Single,2,0,17.0,0.0,1.0,4.0,143.23,4.0,1.0,3,2,2,7,Potential Loyalists
52182,1,0.0,Mobile Phone,3,29.0,Debit Card,Female,2.0,4,Fashion,5,Married,2,0,13.0,1.0,3.0,10.0,173.36,10.0,3.0,1,4,4,9,Loyal Customers
52183,0,13.0,Computer,1,15.0,Credit Card,Female,2.0,3,Fashion,3,Single,10,0,17.0,1.0,,13.0,234.99,13.0,2.0,1,2,5,8,At Risk
52184,1,5.0,Computer,3,18.0,Debit Card,Male,2.0,3,Grocery,5,Single,1,1,12.0,2.0,,14.0,237.58,14.0,2.0,1,2,5,8,At Risk
52185,0,15.0,Mobile Phone,3,10.0,E wallet,Male,2.0,3,Laptop & Accessory,5,Single,8,0,13.0,1.0,1.0,5.0,151.55,5.0,1.0,2,2,2,6,Hibernating
52186,0,,Mobile Phone,1,6.0,Credit Card,Male,2.0,4,Mobile Phone,3,Married,7,0,12.0,1.0,1.0,7.0,122.58,7.0,1.0,2,2,1,5,Hibernating
52187,0,0.0,Mobile Phone,1,30.0,Credit Card,Male,2.0,3,Mobile Phone,4,Single,9,0,22.0,0.0,1.0,2.0,135.97,2.0,1.0,5,2,1,8,Potential Loyalists
52188,1,0.0,Mobile Phone,1,,Debit Card,Female,3.0,3,Mobile Phone,1,Married,2,1,11.0,1.0,1.0,0.0,125.15,0.0,1.0,5,2,1,8,Potential Loyalists
52189,0,0.0,Mobile Phone,1,9.0,Credit Card,Male,2.0,1,Mobile Phone,1,Married,2,0,22.0,1.0,1.0,7.0,144.2,7.0,1.0,2,2,2,6,Hibernating
52190,0,3.0,Mobile Phone,3,16.0,E wallet,Male,3.0,4,Laptop & Accessory,3,Married,2,0,18.0,0.0,1.0,4.0,165.78,4.0,1.0,3,2,3,8,Potential Loyalists
52191,0,13.0,Computer,1,32.0,Credit Card,Female,3.0,4,Laptop & Accessory,1,Married,4,1,13.0,0.0,1.0,0.0,144.22,0.0,1.0,5,2,2,9,Potential Loyalists
52192,0,8.0,Mobile Phone,1,8.0,Debit Card,Male,2.0,4,Fashion,4,Married,3,0,18.0,2.0,6.0,4.0,202.74,4.0,6.0,3,5,4,12,Loyal Customers
52193,0,7.0,Computer,1,7.0,Credit Card,Male,3.0,4,Laptop & Accessory,5,Single,1,0,20.0,0.0,4.0,9.0,153.43,9.0,4.0,1,4,2,7,At Risk
52194,0,8.0,Computer,1,,UPI,Male,2.0,4,Mobile Phone,1,Married,2,0,13.0,1.0,2.0,2.0,123.76,2.0,2.0,5,2,1,8,Potential Loyalists
52195,1,6.0,Mobile Phone,3,15.0,E wallet,Female,2.0,5,Laptop & Accessory,3,Single,9,0,13.0,0.0,1.0,3.0,153.46,3.0,1.0,4,2,2,8,Potential Loyalists
52196,0,5.0,Computer,3,8.0,Debit Card,Female,,3,Mobile Phone,5,Married,2,0,12.0,1.0,1.0,0.0,128.27,0.0,1.0,5,2,1,8,Potential Loyalists
52197,0,29.0,Mobile Phone,1,10.0,Cash on Delivery,Female,3.0,3,Others,5,Married,5,0,,4.0,4.0,2.0,299.43,2.0,4.0,5,4,5,14,Champions
52198,0,2.0,Mobile Phone,1,12.0,Credit Card,Female,,3,Mobile Phone,1,Married,2,0,13.0,0.0,1.0,8.0,131.31,8.0,1.0,2,2,1,5,Hibernating
52199,0,0.0,Mobile Phone,1,,Debit Card,Male,2.0,3,Mobile Phone,5,Single,2,0,25.0,0.0,1.0,0.0,125.52,0.0,1.0,5,2,1,8,Potential Loyalists
52200,0,18.0,Mobile Phone,1,13.0,Credit Card,Female,2.0,3,Mobile Phone,3,Married,5,1,19.0,0.0,1.0,2.0,144.77,2.0,1.0,5,2,2,9,Potential Loyalists
52201,0,10.0,Mobile Phone,1,7.0,Debit Card,Female,2.0,4,Laptop & Accessory,1,Married,2,0,13.0,0.0,3.0,11.0,164.74,11.0,3.0,1,4,3,8,Loyal Customers
52202,0,0.0,Mobile Phone,1,5.0,Debit Card,Male,,4,Mobile Phone,3,Single,2,0,12.0,0.0,1.0,2.0,130.33,2.0,1.0,5,2,1,8,Potential Loyalists
52203,1,7.0,Mobile Phone,1,16.0,Debit Card,Male,,3,Mobile Phone,3,Single,2,1,11.0,1.0,1.0,2.0,129.36,2.0,1.0,5,2,1,8,Potential Loyalists
52204,0,26.0,Mobile Phone,1,13.0,Credit Card,Female,2.0,3,Others,3,Married,4,0,18.0,,4.0,7.0,286.06,7.0,4.0,2,4,5,11,Loyal Customers
52205,0,,Mobile Phone,1,21.0,Debit Card,Female,3.0,5,Mobile Phone,1,Married,1,1,18.0,1.0,1.0,3.0,121.68,3.0,1.0,4,2,1,7,Potential Loyalists
52206,1,0.0,Computer,1,9.0,Debit Card,Male,,4,Mobile Phone,1,Married,1,1,11.0,0.0,1.0,0.0,128.53,0.0,1.0,5,2,1,8,Potential Loyalists
52207,0,19.0,Mobile Phone,3,8.0,E wallet,Female,3.0,3,Grocery,5,Married,9,0,23.0,,15.0,9.0,270.48,9.0,15.0,1,5,5,11,Loyal Customers
52208,0,,Computer,1,23.0,Debit Card,Male,3.0,5,Mobile Phone,3,Single,3,0,13.0,1.0,1.0,0.0,122.9,0.0,1.0,5,2,1,8,Potential Loyalists
52209,0,6.0,Mobile Phone,2,8.0,UPI,Male,3.0,3,Mobile Phone,3,Married,2,0,13.0,1.0,1.0,4.0,136.0,4.0,1.0,3,2,1,6,Potential Loyalists
52210,1,,Computer,1,11.0,Debit Card,Male,3.0,4,Mobile Phone,5,Married,7,0,17.0,0.0,1.0,0.0,121.07,0.0,1.0,5,2,1,8,Potential Loyalists
52211,0,3.0,Mobile Phone,3,35.0,Debit Card,Male,3.0,3,Laptop & Accessory,5,Married,9,0,19.0,1.0,1.0,3.0,141.15,3.0,1.0,4,2,2,8,Potential Loyalists
52212,0,13.0,Computer,3,8.0,Credit Card,Male,3.0,3,Laptop & Accessory,4,Married,6,0,12.0,1.0,1.0,0.0,143.27,0.0,1.0,5,2,2,9,Potential Loyalists
52213,0,23.0,Computer,1,8.0,Credit Card,Female,1.0,3,Grocery,5,Married,3,0,22.0,,2.0,2.0,278.56,2.0,2.0,5,2,5,12,Potential Loyalists
52214,0,1.0,Mobile Phone,1,25.0,Credit Card,Male,3.0,4,Mobile Phone,5,Married,2,0,12.0,1.0,3.0,3.0,131.96,3.0,3.0,4,4,1,9,Potential Loyalists
52215,0,19.0,Mobile Phone,1,21.0,Debit Card,Male,2.0,3,Others,4,Married,6,0,11.0,,1.0,3.0,290.81,3.0,1.0,4,2,5,11,Potential Loyalists
52216,0,8.0,Mobile Phone,3,23.0,Debit Card,Male,3.0,3,Laptop & Accessory,5,Married,4,1,15.0,0.0,1.0,7.0,189.66,7.0,1.0,2,2,4,8,At Risk
52217,1,,Mobile Phone,1,23.0,Debit Card,Female,3.0,3,Mobile Phone,4,Married,2,0,13.0,1.0,1.0,0.0,122.1,0.0,1.0,5,2,1,8,Potential Loyalists
52218,0,6.0,Computer,3,31.0,Credit Card,Female,2.0,3,Laptop & Accessory,3,Married,2,0,12.0,0.0,1.0,1.0,145.39,1.0,1.0,5,2,2,9,Potential Loyalists
52219,0,9.0,Mobile Phone,1,12.0,Debit Card,Male,,5,Mobile Phone,3,Married,2,0,14.0,1.0,1.0,7.0,127.41,7.0,1.0,2,2,1,5,Hibernating
52220,0,3.0,Mobile Phone,1,13.0,Debit Card,Male,2.0,3,Laptop & Accessory,3,Married,2,0,13.0,4.0,8.0,9.0,134.91,9.0,8.0,1,5,1,7,At Risk
52221,0,17.0,Mobile Phone,1,35.0,UPI,Male,2.0,3,Laptop & Accessory,1,Single,2,0,25.0,6.0,13.0,17.0,145.41,17.0,13.0,1,5,2,8,At Risk
52222,0,0.0,Mobile Phone,3,27.0,E wallet,Male,,1,Mobile Phone,1,Single,2,0,17.0,2.0,2.0,2.0,126.78,2.0,2.0,5,2,1,8,Potential Loyalists
52223,0,19.0,Mobile Phone,1,8.0,Cash on Delivery,Male,2.0,3,Laptop & Accessory,1,Married,3,0,11.0,0.0,1.0,4.0,173.79,4.0,1.0,3,2,4,9,Potential Loyalists
52224,0,15.0,Computer,2,8.0,Credit Card,Male,3.0,1,Laptop & Accessory,5,Married,8,0,16.0,1.0,1.0,3.0,162.72,3.0,1.0,4,2,3,9,Potential Loyalists
52225,0,30.0,Mobile Phone,3,13.0,E wallet,Male,2.0,1,Laptop & Accessory,1,Married,1,1,18.0,0.0,1.0,9.0,152.2,9.0,1.0,1,2,2,5,Hibernating
52226,0,5.0,Computer,1,19.0,UPI,Female,3.0,4,Mobile Phone,4,Married,2,0,20.0,2.0,2.0,2.0,134.0,2.0,2.0,5,2,1,8,Potential Loyalists
52227,0,5.0,Computer,1,8.0,Debit Card,Female,2.0,3,Laptop & Accessory,3,Single,5,1,14.0,1.0,1.0,7.0,149.98,7.0,1.0,2,2,2,6,Hibernating
52228,0,9.0,Mobile Phone,1,7.0,Cash on Delivery,Female,3.0,5,Fashion,5,Married,3,1,21.0,7.0,7.0,7.0,202.52,7.0,7.0,2,5,4,11,Loyal Customers
52229,0,6.0,Mobile Phone,1,15.0,Credit Card,Male,,3,Mobile Phone,1,Married,1,0,13.0,0.0,4.0,10.0,127.81,10.0,4.0,1,4,1,6,At Risk
52230,0,13.0,Mobile Phone,3,16.0,Cash on Delivery,Female,2.0,4,Laptop & Accessory,4,Married,8,0,12.0,1.0,1.0,3.0,168.52,3.0,1.0,4,2,3,9,Potential Loyalists
52231,0,0.0,Mobile Phone,3,16.0,Debit Card,Male,2.0,3,Laptop & Accessory,1,Single,1,0,14.0,1.0,1.0,1.0,149.5,1.0,1.0,5,2,2,9,Potential Loyalists
52232,0,3.0,Mobile Phone,1,7.0,Credit Card,Male,3.0,3,Mobile Phone,4,Married,1,1,21.0,3.0,5.0,7.0,135.79,7.0,5.0,2,5,1,8,At Risk
52233,0,15.0,Computer,1,32.0,Credit Card,Female,2.0,3,Fashion,5,Married,4,1,17.0,0.0,,0.0,231.91000000000005,0.0,2.0,5,2,5,12,Potential Loyalists
52234,0,8.0,Computer,3,14.0,E wallet,Female,3.0,4,Fashion,1,Married,5,1,11.0,3.0,4.0,12.0,203.77,12.0,4.0,1,4,4,9,Loyal Customers
52235,0,,Mobile Phone,1,20.0,Debit Card,Male,2.0,3,Mobile Phone,5,Married,2,1,14.0,5.0,6.0,8.0,122.35,8.0,6.0,2,5,1,8,At Risk
52236,0,27.0,Computer,1,7.0,Debit Card,Female,2.0,3,Fashion,3,Married,8,0,17.0,0.0,1.0,4.0,205.02,4.0,1.0,3,2,4,9,Potential Loyalists
52237,0,,Mobile Phone,1,8.0,Debit Card,Female,3.0,1,Mobile Phone,1,Married,2,0,13.0,1.0,7.0,7.0,120.11,7.0,7.0,2,5,1,8,At Risk
52238,1,,Computer,1,16.0,Credit Card,Female,3.0,4,Mobile Phone,4,Single,2,1,25.0,0.0,1.0,0.0,118.59,0.0,1.0,5,2,1,8,Potential Loyalists
52239,0,2.0,Mobile Phone,1,7.0,Debit Card,Female,3.0,3,Mobile Phone,1,Married,2,0,15.0,1.0,1.0,2.0,137.6,2.0,1.0,5,2,1,8,Potential Loyalists
52240,0,27.0,Mobile Phone,1,9.0,Debit Card,Male,2.0,3,Grocery,1,Married,4,0,14.0,,1.0,9.0,277.79,9.0,1.0,1,2,5,8,At Risk
52241,0,4.0,Mobile Phone,1,17.0,Credit Card,Male,3.0,3,Laptop & Accessory,5,Married,2,1,12.0,1.0,1.0,1.0,168.33,1.0,1.0,5,2,3,10,Potential Loyalists
52242,0,4.0,Mobile Phone,1,30.0,Credit Card,Female,3.0,4,Laptop & Accessory,5,Single,2,0,19.0,1.0,1.0,8.0,168.12,8.0,1.0,2,2,3,7,At Risk
52243,0,30.0,Mobile Phone,3,9.0,Debit Card,Female,2.0,4,Laptop & Accessory,1,Single,6,0,17.0,0.0,1.0,5.0,151.71,5.0,1.0,2,2,2,6,Hibernating
52244,0,16.0,Mobile Phone,1,9.0,Debit Card,Male,3.0,5,Others,1,Married,4,0,,1.0,1.0,7.0,297.4,7.0,1.0,2,2,5,9,At Risk
52245,0,22.0,Mobile Phone,1,10.0,Credit Card,Male,2.0,4,Others,3,Married,3,0,13.0,,1.0,0.0,287.11,0.0,1.0,5,2,5,12,Potential Loyalists
52246,0,9.0,Computer,1,9.0,Cash on Delivery,Male,2.0,3,Mobile Phone,4,Married,2,0,12.0,0.0,1.0,7.0,136.92,7.0,1.0,2,2,1,5,Hibernating
52247,0,21.0,Mobile Phone,1,,Cash on Delivery,Male,3.0,1,Mobile Phone,4,Single,6,0,11.0,0.0,1.0,0.0,125.59,0.0,1.0,5,2,1,8,Potential Loyalists
52248,0,0.0,Mobile Phone,1,,Debit Card,Male,3.0,3,Mobile Phone,3,Married,2,0,11.0,1.0,1.0,3.0,125.17,3.0,1.0,4,2,1,7,Potential Loyalists
52249,0,2.0,Mobile Phone,1,13.0,Debit Card,Male,2.0,3,Laptop & Accessory,1,Married,2,1,11.0,1.0,1.0,0.0,166.23,0.0,1.0,5,2,3,10,Potential Loyalists
52250,0,21.0,Mobile Phone,1,7.0,Debit Card,Male,3.0,4,Others,1,Single,7,0,12.0,,1.0,0.0,282.65,0.0,1.0,5,2,5,12,Potential Loyalists
52251,0,2.0,Mobile Phone,1,7.0,Debit Card,Female,2.0,4,Grocery,1,Married,4,0,14.0,,1.0,7.0,261.24,7.0,1.0,2,2,5,9,At Risk
52252,0,7.0,Mobile Phone,1,,Cash on Delivery,Female,2.0,1,Mobile Phone,3,Married,1,0,17.0,1.0,1.0,0.0,125.85,0.0,1.0,5,2,1,8,Potential Loyalists
52253,0,17.0,Mobile Phone,3,11.0,E wallet,Male,2.0,3,Others,4,Married,8,0,11.0,,3.0,10.0,282.13,10.0,3.0,1,4,5,10,Loyal Customers
52254,0,6.0,Mobile Phone,3,16.0,E wallet,Male,2.0,1,Fashion,3,Married,1,1,14.0,0.0,1.0,8.0,183.8,8.0,1.0,2,2,4,8,At Risk
52255,0,0.0,Mobile Phone,1,31.0,Debit Card,Female,,1,Mobile Phone,1,Single,2,1,12.0,0.0,1.0,1.0,129.94,1.0,1.0,5,2,1,8,Potential Loyalists
52256,0,,Mobile Phone,1,7.0,Debit Card,Male,2.0,3,Mobile Phone,3,Married,2,0,22.0,1.0,1.0,1.0,112.23,1.0,1.0,5,2,1,8,Potential Loyalists
52257,1,0.0,Computer,3,30.0,Debit Card,Male,3.0,5,Mobile Phone,1,Single,2,1,14.0,1.0,1.0,0.0,111.18,0.0,1.0,5,2,1,8,Potential Loyalists
52258,0,0.0,Mobile Phone,1,10.0,Debit Card,Male,,3,Mobile Phone,1,Single,2,1,20.0,2.0,2.0,2.0,128.75,2.0,2.0,5,2,1,8,Potential Loyalists
52259,1,8.0,Mobile Phone,3,8.0,E wallet,Female,3.0,5,Others,4,Single,3,1,16.0,,1.0,11.0,288.24,11.0,1.0,1,2,5,8,At Risk
52260,0,28.0,Computer,1,14.0,Credit Card,Male,2.0,4,Grocery,4,Married,2,1,15.0,2.0,,0.0,235.77,0.0,2.0,5,2,5,12,Potential Loyalists
52261,1,0.0,Computer,1,,Debit Card,Female,2.0,4,Mobile Phone,3,Single,2,0,20.0,1.0,2.0,2.0,126.25,2.0,2.0,5,2,1,8,Potential Loyalists
52262,0,19.0,Mobile Phone,3,10.0,E wallet,Female,2.0,4,Others,4,Married,3,0,14.0,,1.0,8.0,287.89,8.0,1.0,2,2,5,9,At Risk
52263,0,7.0,Mobile Phone,3,8.0,E wallet,Female,2.0,3,Laptop & Accessory,5,Single,1,1,12.0,1.0,1.0,2.0,145.38,2.0,1.0,5,2,2,9,Potential Loyalists
52264,0,24.0,Computer,3,15.0,Debit Card,Male,2.0,3,Others,4,Married,5,1,,6.0,11.0,10.0,298.47,10.0,11.0,1,5,5,11,Loyal Customers
52265,0,30.0,Mobile Phone,1,24.0,Credit Card,Male,3.0,3,Fashion,1,Single,7,0,12.0,3.0,5.0,4.0,205.12,4.0,5.0,3,5,4,12,Loyal Customers
52266,0,7.0,Computer,1,25.0,Credit Card,Female,2.0,3,Laptop & Accessory,4,Married,5,0,13.0,0.0,5.0,10.0,144.44,10.0,5.0,1,5,2,8,At Risk
52267,0,,Computer,1,7.0,Credit Card,Male,2.0,3,Mobile Phone,3,Single,1,1,11.0,1.0,1.0,2.0,121.54,2.0,1.0,5,2,1,8,Potential Loyalists
52268,0,17.0,Mobile Phone,1,10.0,Debit Card,Male,3.0,1,Others,5,Married,2,0,14.0,2.0,14.0,13.0,291.9,13.0,14.0,1,5,5,11,Loyal Customers
52269,0,7.0,Computer,2,17.0,Debit Card,Male,2.0,4,Laptop & Accessory,4,Married,5,0,11.0,0.0,1.0,8.0,144.9,8.0,1.0,2,2,2,6,Hibernating
52270,0,8.0,Mobile Phone,1,12.0,Debit Card,Male,3.0,3,Mobile Phone,3,Married,1,1,14.0,1.0,2.0,2.0,135.06,2.0,2.0,5,2,1,8,Potential Loyalists
52271,0,15.0,Mobile Phone,1,,Credit Card,Female,3.0,1,Laptop & Accessory,4,Married,7,1,16.0,0.0,1.0,0.0,123.72,0.0,1.0,5,2,1,8,Potential Loyalists
52272,0,16.0,Mobile Phone,3,10.0,E wallet,Female,2.0,4,Fashion,1,Single,4,0,14.0,10.0,15.0,17.0,202.31,17.0,15.0,1,5,4,10,Loyal Customers
52273,0,9.0,Mobile Phone,1,8.0,Debit Card,Female,2.0,3,Laptop & Accessory,4,Single,10,1,11.0,4.0,5.0,12.0,154.1,12.0,5.0,1,5,3,9,Loyal Customers
52274,1,7.0,Mobile Phone,1,21.0,Credit Card,Female,3.0,3,Fashion,1,Married,2,0,11.0,0.0,1.0,5.0,179.78,5.0,1.0,2,2,4,8,At Risk
52275,0,1.0,Computer,1,8.0,Debit Card,Male,2.0,4,Mobile Phone,1,Married,2,1,12.0,0.0,2.0,2.0,138.67,2.0,2.0,5,2,1,8,Potential Loyalists
52276,0,24.0,Computer,1,12.0,Credit Card,Female,,4,Mobile Phone,3,Single,1,0,14.0,3.0,7.0,7.0,128.38,7.0,7.0,2,5,1,8,At Risk
52277,0,3.0,Computer,1,15.0,Credit Card,Female,3.0,3,Laptop & Accessory,3,Single,8,1,18.0,0.0,1.0,7.0,146.95,7.0,1.0,2,2,2,6,Hibernating
52278,1,0.0,Mobile Phone,1,13.0,Cash on Delivery,Female,2.0,3,Mobile Phone,3,Married,4,1,13.0,4.0,7.0,7.0,133.39,7.0,7.0,2,5,1,8,At Risk
52279,0,,Mobile Phone,1,7.0,Cash on Delivery,Male,2.0,3,Mobile Phone,5,Single,3,0,11.0,1.0,1.0,2.0,120.8,2.0,1.0,5,2,1,8,Potential Loyalists
52280,0,,Mobile Phone,1,7.0,Credit Card,Female,2.0,3,Mobile Phone,4,Single,2,0,18.0,1.0,2.0,1.0,120.96,1.0,2.0,5,2,1,8,Potential Loyalists
52281,0,5.0,Mobile Phone,3,14.0,Credit Card,Male,2.0,1,Laptop & Accessory,1,Married,2,0,15.0,0.0,1.0,8.0,162.09,8.0,1.0,2,2,3,7,At Risk
52282,0,18.0,Computer,1,31.0,Credit Card,Female,2.0,3,Others,4,Single,4,0,22.0,,1.0,0.0,280.61,0.0,1.0,5,2,5,12,Potential Loyalists
52283,0,12.0,Mobile Phone,1,19.0,Credit Card,Female,3.0,4,Grocery,4,Married,7,1,13.0,,15.0,2.0,271.23,2.0,15.0,5,5,5,15,Champions
52284,0,30.0,Mobile Phone,1,,Debit Card,Male,2.0,3,Mobile Phone,3,Married,2,0,12.0,1.0,2.0,2.0,123.72,2.0,2.0,5,2,1,8,Potential Loyalists
52285,1,0.0,Mobile Phone,1,13.0,Debit Card,Male,3.0,3,Laptop & Accessory,3,Married,2,0,18.0,0.0,1.0,1.0,148.83,1.0,1.0,5,2,2,9,Potential Loyalists
52286,1,2.0,Mobile Phone,1,29.0,Credit Card,Male,3.0,3,Mobile Phone,5,Single,1,0,13.0,0.0,1.0,3.0,139.04,3.0,1.0,4,2,1,7,Potential Loyalists
52287,0,3.0,Mobile Phone,1,12.0,Cash on Delivery,Female,2.0,4,Laptop & Accessory,1,Married,1,0,12.0,5.0,6.0,7.0,146.27,7.0,6.0,2,5,2,9,At Risk
52288,0,9.0,Mobile Phone,1,16.0,Cash on Delivery,Female,3.0,3,Fashion,3,Married,4,0,12.0,1.0,1.0,7.0,170.94,7.0,1.0,2,2,3,7,At Risk
52289,0,19.0,Mobile Phone,2,7.0,Debit Card,Female,2.0,3,Mobile Phone,5,Single,7,0,12.0,2.0,5.0,7.0,134.23,7.0,5.0,2,5,1,8,At Risk
52290,0,1.0,Computer,1,7.0,Debit Card,Female,2.0,5,Laptop & Accessory,1,Married,1,0,11.0,7.0,7.0,5.0,166.74,5.0,7.0,2,5,3,10,Loyal Customers
52291,0,23.0,Mobile Phone,1,34.0,Debit Card,Female,2.0,3,Grocery,5,Married,5,1,11.0,,1.0,2.0,268.8,2.0,1.0,5,2,5,12,Potential Loyalists
52292,1,3.0,Mobile Phone,3,31.0,E wallet,Male,2.0,4,Fashion,4,Single,3,1,12.0,1.0,1.0,0.0,190.94,0.0,1.0,5,2,4,11,Potential Loyalists
52293,1,15.0,Mobile Phone,3,11.0,Debit Card,Male,3.0,3,Fashion,4,Single,10,1,19.0,7.0,7.0,7.0,184.46,7.0,7.0,2,5,4,11,Loyal Customers
52294,0,3.0,Mobile Phone,1,23.0,Credit Card,Female,3.0,3,Fashion,5,Married,2,1,23.0,1.0,1.0,,219.16000000000005,3.0,1.0,4,2,5,11,Potential Loyalists
52295,0,12.0,Mobile Phone,1,24.0,Debit Card,Male,2.0,3,Laptop & Accessory,3,Single,1,0,11.0,1.0,1.0,7.0,145.34,7.0,1.0,2,2,2,6,Hibernating
52296,0,4.0,Computer,3,8.0,Debit Card,Female,2.0,3,Fashion,3,Married,2,1,19.0,8.0,9.0,6.0,198.52,6.0,9.0,2,5,4,11,Loyal Customers
52297,0,14.0,Computer,3,16.0,Credit Card,Male,2.0,5,Laptop & Accessory,4,Single,2,0,13.0,3.0,11.0,9.0,161.51,9.0,11.0,1,5,3,9,Loyal Customers
52298,1,,Computer,3,7.0,Debit Card,Female,2.0,3,Mobile Phone,4,Single,2,1,11.0,2.0,2.0,2.0,123.02,2.0,2.0,5,2,1,8,Potential Loyalists
52299,1,7.0,Mobile Phone,1,,Debit Card,Male,2.0,3,Mobile Phone,5,Married,5,0,12.0,1.0,1.0,2.0,123.62,2.0,1.0,5,2,1,8,Potential Loyalists
52300,0,15.0,Computer,1,8.0,Debit Card,Male,2.0,3,Grocery,3,Married,1,1,13.0,,2.0,10.0,278.61,10.0,2.0,1,2,5,8,At Risk
52301,0,28.0,Mobile Phone,1,8.0,Credit Card,Female,2.0,5,Others,3,Married,5,0,14.0,,9.0,11.0,291.87,11.0,9.0,1,5,5,11,Loyal Customers
52302,0,29.0,Mobile Phone,2,14.0,Debit Card,Male,3.0,3,Others,4,Single,7,0,,2.0,7.0,7.0,297.17,7.0,7.0,2,5,5,12,Loyal Customers
52303,0,13.0,Computer,1,22.0,Debit Card,Male,3.0,3,Mobile Phone,3,Married,10,0,16.0,1.0,1.0,0.0,135.44,0.0,1.0,5,2,1,8,Potential Loyalists
52304,0,7.0,Mobile Phone,1,15.0,Debit Card,Male,2.0,3,Fashion,1,Married,1,0,11.0,0.0,1.0,6.0,185.0,6.0,1.0,2,2,4,8,At Risk
52305,0,13.0,Mobile Phone,1,8.0,Debit Card,Male,3.0,3,Laptop & Accessory,1,Single,2,0,13.0,3.0,8.0,8.0,146.61,8.0,8.0,2,5,2,9,At Risk
52306,0,14.0,Computer,3,7.0,E wallet,Female,3.0,3,Laptop & Accessory,5,Married,1,0,17.0,0.0,1.0,7.0,141.03,7.0,1.0,2,2,2,6,Hibernating
52307,0,8.0,Computer,1,10.0,Debit Card,Male,2.0,3,Laptop & Accessory,3,Single,2,1,11.0,1.0,1.0,1.0,142.49,1.0,1.0,5,2,2,9,Potential Loyalists
52308,0,24.0,Mobile Phone,2,11.0,Debit Card,Male,2.0,3,Grocery,4,Married,2,1,11.0,0.0,,10.0,240.26,10.0,2.0,1,2,5,8,At Risk
52309,0,11.0,Mobile Phone,3,8.0,Debit Card,Female,2.0,3,Laptop & Accessory,5,Married,4,0,15.0,0.0,1.0,7.0,168.93,7.0,1.0,2,2,3,7,At Risk
52310,0,7.0,Mobile Phone,3,21.0,Credit Card,Female,3.0,3,Laptop & Accessory,5,Single,2,0,12.0,4.0,9.0,6.0,161.25,6.0,9.0,2,5,3,10,Loyal Customers
52311,0,0.0,Mobile Phone,1,25.0,Credit Card,Male,3.0,3,Mobile Phone,1,Married,4,0,11.0,0.0,1.0,2.0,136.69,2.0,1.0,5,2,1,8,Potential Loyalists
52312,1,20.0,Mobile Phone,1,13.0,Credit Card,Female,2.0,4,Fashion,5,Married,8,1,14.0,1.0,5.0,9.0,200.08,9.0,5.0,1,5,4,10,Loyal Customers
52313,0,13.0,Mobile Phone,1,,Debit Card,Male,2.0,3,Mobile Phone,4,Married,4,0,22.0,1.0,1.0,3.0,123.87,3.0,1.0,4,2,1,7,Potential Loyalists
52314,0,9.0,Computer,3,13.0,E wallet,Female,2.0,1,Laptop & Accessory,5,Married,3,0,16.0,5.0,6.0,13.0,146.39,13.0,6.0,1,5,2,8,At Risk
52315,0,21.0,Mobile Phone,1,10.0,Debit Card,Male,2.0,3,Fashion,1,Single,2,0,11.0,1.0,1.0,8.0,178.98,8.0,1.0,2,2,4,8,At Risk
52316,0,0.0,Mobile Phone,3,,Credit Card,Female,3.0,1,Mobile Phone,1,Married,9,0,14.0,0.0,1.0,0.0,125.34,0.0,1.0,5,2,1,8,Potential Loyalists
52317,0,24.0,Mobile Phone,1,17.0,Cash on Delivery,Female,2.0,4,Grocery,4,Single,4,0,16.0,0.0,1.0,3.0,231.42,3.0,1.0,4,2,5,11,Potential Loyalists
52318,0,,Computer,1,7.0,Debit Card,Female,3.0,3,Mobile Phone,1,Single,2,0,15.0,1.0,1.0,0.0,116.11,0.0,1.0,5,2,1,8,Potential Loyalists
52319,0,8.0,Mobile Phone,1,7.0,Credit Card,Female,2.0,4,Laptop & Accessory,1,Married,1,0,12.0,0.0,1.0,0.0,153.63,0.0,1.0,5,2,2,9,Potential Loyalists
52320,0,0.0,Computer,3,8.0,Debit Card,Male,2.0,5,Laptop & Accessory,1,Single,4,0,20.0,0.0,1.0,0.0,150.71,0.0,1.0,5,2,2,9,Potential Loyalists
52321,1,18.0,Mobile Phone,3,19.0,E wallet,Male,2.0,1,Grocery,3,Single,7,1,17.0,1.0,,8.0,236.95,8.0,2.0,2,2,5,9,At Risk
52322,0,29.0,Mobile Phone,1,29.0,Debit Card,Male,3.0,3,Grocery,4,Married,5,1,12.0,13.0,,9.0,234.02,9.0,2.0,1,2,5,8,At Risk
52323,0,,Computer,1,32.0,Cash on Delivery,Female,3.0,4,Mobile Phone,3,Married,2,0,20.0,1.0,1.0,0.0,120.29,0.0,1.0,5,2,1,8,Potential Loyalists
52324,0,13.0,Mobile Phone,1,8.0,Credit Card,Female,2.0,1,Laptop & Accessory,3,Married,6,0,20.0,6.0,11.0,8.0,163.77,8.0,11.0,2,5,3,10,Loyal Customers
52325,0,7.0,Mobile Phone,1,35.0,Credit Card,Male,2.0,3,Laptop & Accessory,3,Married,5,0,13.0,5.0,7.0,7.0,154.29,7.0,7.0,2,5,3,10,Loyal Customers
52326,1,0.0,Computer,3,8.0,Debit Card,Female,,4,Mobile Phone,1,Single,8,0,14.0,0.0,1.0,0.0,127.85,0.0,1.0,5,2,1,8,Potential Loyalists
52327,1,0.0,Computer,3,24.0,E wallet,Female,3.0,3,Laptop & Accessory,3,Married,1,1,18.0,0.0,3.0,2.0,146.14,2.0,3.0,5,4,2,11,Potential Loyalists
52328,0,11.0,Computer,1,,Debit Card,Male,2.0,1,Mobile Phone,3,Married,2,0,11.0,0.0,1.0,3.0,126.1,3.0,1.0,4,2,1,7,Potential Loyalists
52329,0,7.0,Mobile Phone,1,8.0,Cash on Delivery,Female,3.0,3,Laptop & Accessory,1,Single,2,0,11.0,4.0,4.0,11.0,166.87,11.0,4.0,1,4,3,8,Loyal Customers
52330,0,1.0,Mobile Phone,3,32.0,Debit Card,Male,2.0,4,Laptop & Accessory,5,Married,2,0,11.0,1.0,1.0,4.0,147.24,4.0,1.0,3,2,2,7,Potential Loyalists
52331,1,0.0,Mobile Phone,1,28.0,Credit Card,Male,3.0,3,Laptop & Accessory,3,Married,2,1,15.0,5.0,6.0,7.0,161.79,7.0,6.0,2,5,3,10,Loyal Customers
52332,0,12.0,Mobile Phone,3,27.0,Debit Card,Male,2.0,4,Laptop & Accessory,1,Married,4,1,12.0,0.0,1.0,4.0,161.2,4.0,1.0,3,2,3,8,Potential Loyalists
52333,0,24.0,Computer,3,8.0,E wallet,Male,2.0,3,Fashion,4,Married,3,0,11.0,3.0,3.0,2.0,205.96,2.0,3.0,5,4,4,13,Champions
52334,0,14.0,Computer,1,28.0,Debit Card,Female,3.0,3,Laptop & Accessory,1,Married,4,1,14.0,2.0,3.0,3.0,154.67,3.0,3.0,4,4,3,11,Loyal Customers
52335,0,10.0,Mobile Phone,1,10.0,Debit Card,Male,,3,Mobile Phone,3,Married,8,1,15.0,1.0,1.0,3.0,129.96,3.0,1.0,4,2,1,7,Potential Loyalists
52336,0,6.0,Computer,3,11.0,Debit Card,Male,3.0,3,Laptop & Accessory,1,Married,7,0,13.0,1.0,1.0,2.0,199.98,2.0,1.0,5,2,4,11,Potential Loyalists
52337,0,5.0,Mobile Phone,3,8.0,E wallet,Male,2.0,3,Laptop & Accessory,4,Married,1,1,13.0,1.0,1.0,2.0,140.78,2.0,1.0,5,2,1,8,Potential Loyalists
52338,0,12.0,Computer,1,31.0,Debit Card,Male,3.0,3,Fashion,3,Married,4,0,21.0,0.0,1.0,,209.2,3.0,1.0,4,2,5,11,Potential Loyalists
52339,0,0.0,Mobile Phone,3,24.0,Debit Card,Male,3.0,1,Laptop & Accessory,3,Married,3,0,11.0,1.0,1.0,2.0,162.32,2.0,1.0,5,2,3,10,Potential Loyalists
52340,0,25.0,Computer,1,34.0,Credit Card,Female,2.0,1,Grocery,3,Married,3,1,11.0,1.0,,2.0,232.47000000000003,2.0,2.0,5,2,5,12,Potential Loyalists
52341,0,16.0,Mobile Phone,1,12.0,Credit Card,Female,3.0,4,Laptop & Accessory,3,Single,2,1,14.0,0.0,1.0,8.0,140.81,8.0,1.0,2,2,2,6,Hibernating
52342,0,0.0,Mobile Phone,3,16.0,E wallet,Female,3.0,4,Laptop & Accessory,1,Married,2,1,11.0,1.0,4.0,4.0,157.69,4.0,4.0,3,4,3,10,Loyal Customers
52343,1,0.0,Mobile Phone,1,,Debit Card,Female,2.0,3,Mobile Phone,3,Single,2,1,13.0,4.0,7.0,7.0,123.94,7.0,7.0,2,5,1,8,At Risk
52344,0,0.0,Mobile Phone,1,8.0,Credit Card,Male,2.0,4,Mobile Phone,1,Single,1,0,12.0,1.0,1.0,1.0,139.04,1.0,1.0,5,2,1,8,Potential Loyalists
52345,0,15.0,Mobile Phone,2,16.0,UPI,Female,2.0,3,Grocery,5,Married,1,0,14.0,,1.0,9.0,267.99,9.0,1.0,1,2,5,8,At Risk
52346,0,25.0,Mobile Phone,1,14.0,UPI,Female,,3,Mobile Phone,5,Married,10,0,13.0,1.0,1.0,4.0,129.5,4.0,1.0,3,2,1,6,Potential Loyalists
52347,0,10.0,Mobile Phone,1,17.0,Credit Card,Female,3.0,3,Mobile Phone,3,Single,5,0,18.0,1.0,1.0,2.0,136.29,2.0,1.0,5,2,1,8,Potential Loyalists
52348,0,8.0,Computer,1,24.0,Debit Card,Male,2.0,3,Fashion,1,Single,3,0,11.0,2.0,2.0,2.0,193.62,2.0,2.0,5,2,4,11,Potential Loyalists
52349,0,0.0,Mobile Phone,1,7.0,Cash on Delivery,Male,2.0,3,Mobile Phone,1,Married,5,0,11.0,0.0,1.0,2.0,132.29,2.0,1.0,5,2,1,8,Potential Loyalists
52350,0,0.0,Mobile Phone,1,13.0,UPI,Male,3.0,1,Mobile Phone,5,Single,1,0,12.0,0.0,1.0,7.0,135.78,7.0,1.0,2,2,1,5,Hibernating
52351,0,2.0,Mobile Phone,2,23.0,UPI,Male,2.0,4,Fashion,5,Single,2,0,13.0,0.0,1.0,9.0,179.88,9.0,1.0,1,2,4,7,At Risk
52352,1,12.0,Computer,1,34.0,Debit Card,Male,3.0,4,Laptop & Accessory,5,Single,4,0,20.0,0.0,1.0,3.0,142.84,3.0,1.0,4,2,2,8,Potential Loyalists
52353,1,0.0,Computer,1,20.0,UPI,Female,2.0,3,Fashion,1,Single,1,1,12.0,4.0,7.0,7.0,175.53,7.0,7.0,2,5,4,11,Loyal Customers
52354,0,27.0,Mobile Phone,1,7.0,Credit Card,Female,2.0,3,Grocery,1,Single,7,0,19.0,,12.0,7.0,273.28,7.0,12.0,2,5,5,12,Loyal Customers
52355,0,30.0,Mobile Phone,1,7.0,Credit Card,Female,3.0,3,Others,5,Married,4,1,,1.0,1.0,5.0,297.01,5.0,1.0,2,2,5,9,At Risk
52356,0,28.0,Mobile Phone,1,7.0,Credit Card,Male,2.0,1,Grocery,1,Married,3,0,13.0,0.0,,0.0,247.32,0.0,2.0,5,2,5,12,Potential Loyalists
52357,0,9.0,Mobile Phone,3,9.0,E wallet,Female,3.0,3,Laptop & Accessory,4,Single,4,1,16.0,0.0,1.0,1.0,192.78,1.0,1.0,5,2,4,11,Potential Loyalists
52358,1,,Computer,3,7.0,Debit Card,Female,2.0,5,Mobile Phone,3,Single,2,0,12.0,0.0,1.0,0.0,113.59,0.0,1.0,5,2,1,8,Potential Loyalists
52359,0,3.0,Mobile Phone,3,13.0,E wallet,Female,3.0,3,Laptop & Accessory,5,Married,8,0,14.0,1.0,1.0,2.0,147.79,2.0,1.0,5,2,2,9,Potential Loyalists
52360,0,4.0,Mobile Phone,1,14.0,Debit Card,Female,3.0,3,Grocery,4,Single,4,0,11.0,,1.0,0.0,264.22,0.0,1.0,5,2,5,12,Potential Loyalists
52361,0,7.0,Computer,1,7.0,UPI,Male,,3,Mobile Phone,5,Married,6,0,14.0,1.0,1.0,3.0,129.96,3.0,1.0,4,2,1,7,Potential Loyalists
52362,1,,Mobile Phone,1,14.0,Debit Card,Female,2.0,4,Mobile Phone,4,Single,2,0,12.0,0.0,1.0,0.0,112.61,0.0,1.0,5,2,1,8,Potential Loyalists
52363,0,,Mobile Phone,1,17.0,Debit Card,Male,3.0,3,Mobile Phone,5,Married,1,0,14.0,1.0,1.0,4.0,120.99,4.0,1.0,3,2,1,6,Potential Loyalists
52364,0,9.0,Mobile Phone,1,10.0,Debit Card,Male,2.0,4,Laptop & Accessory,1,Single,2,0,16.0,0.0,1.0,8.0,158.1,8.0,1.0,2,2,3,7,At Risk
52365,0,9.0,Mobile Phone,3,22.0,E wallet,Female,3.0,4,Laptop & Accessory,5,Married,5,0,13.0,1.0,1.0,2.0,156.47,2.0,1.0,5,2,3,10,Potential Loyalists
52366,0,20.0,Mobile Phone,1,7.0,Cash on Delivery,Male,3.0,3,Mobile Phone,1,Married,8,0,12.0,1.0,1.0,2.0,134.2,2.0,1.0,5,2,1,8,Potential Loyalists
52367,1,0.0,Mobile Phone,3,15.0,Debit Card,Male,3.0,4,Mobile Phone,5,Married,4,0,12.0,2.0,2.0,2.0,144.0,2.0,2.0,5,2,2,9,Potential Loyalists
52368,0,10.0,Computer,1,11.0,Cash on Delivery,Male,2.0,1,Mobile Phone,3,Single,1,0,14.0,0.0,1.0,3.0,135.0,3.0,1.0,4,2,1,7,Potential Loyalists
52369,0,,Mobile Phone,1,7.0,Debit Card,Female,2.0,3,Mobile Phone,5,Married,3,0,22.0,0.0,1.0,0.0,120.66,0.0,1.0,5,2,1,8,Potential Loyalists
52370,0,20.0,Mobile Phone,1,8.0,Credit Card,Female,2.0,3,Grocery,3,Married,4,0,19.0,,5.0,6.0,271.69,6.0,5.0,2,5,5,12,Loyal Customers
52371,0,0.0,Mobile Phone,3,10.0,Credit Card,Female,2.0,3,Laptop & Accessory,3,Married,2,1,12.0,1.0,1.0,3.0,141.62,3.0,1.0,4,2,2,8,Potential Loyalists
52372,0,5.0,Mobile Phone,3,13.0,E wallet,Male,3.0,3,Laptop & Accessory,1,Married,5,0,12.0,0.0,1.0,3.0,192.04,3.0,1.0,4,2,4,10,Potential Loyalists
52373,0,7.0,Mobile Phone,1,7.0,Debit Card,Female,2.0,4,Mobile Phone,4,Married,6,0,17.0,1.0,1.0,2.0,132.94,2.0,1.0,5,2,1,8,Potential Loyalists
52374,0,,Mobile Phone,1,11.0,Credit Card,Male,2.0,1,Mobile Phone,3,Married,3,1,12.0,0.0,1.0,3.0,121.27,3.0,1.0,4,2,1,7,Potential Loyalists
52375,0,13.0,Computer,1,15.0,UPI,Male,2.0,3,Laptop & Accessory,3,Married,4,0,11.0,0.0,1.0,7.0,139.75,7.0,1.0,2,2,1,5,Hibernating
52376,0,4.0,Mobile Phone,3,14.0,Debit Card,Male,2.0,3,Fashion,1,Married,2,0,18.0,2.0,9.0,9.0,207.93,9.0,9.0,1,5,4,10,Loyal Customers
52377,1,9.0,Mobile Phone,3,15.0,E wallet,Male,2.0,3,Fashion,1,Married,5,0,11.0,4.0,4.0,3.0,200.96,3.0,4.0,4,4,4,12,Champions
52378,1,2.0,Computer,1,8.0,Debit Card,Female,2.0,4,Mobile Phone,5,Single,3,1,23.0,0.0,1.0,0.0,136.46,0.0,1.0,5,2,1,8,Potential Loyalists
52379,1,0.0,Computer,1,7.0,Debit Card,Female,3.0,1,Fashion,4,Single,2,0,11.0,1.0,4.0,7.0,174.46,7.0,4.0,2,4,4,10,Loyal Customers
52380,0,18.0,Mobile Phone,1,26.0,Credit Card,Male,3.0,5,Fashion,5,Married,3,1,18.0,1.0,1.0,7.0,208.51,7.0,1.0,2,2,4,8,At Risk
52381,0,,Mobile Phone,2,14.0,Credit Card,Female,3.0,1,Mobile Phone,4,Single,10,0,18.0,1.0,1.0,2.0,121.09,2.0,1.0,5,2,1,8,Potential Loyalists
52382,1,0.0,Computer,1,8.0,Debit Card,Male,3.0,3,Mobile Phone,1,Married,7,1,13.0,0.0,2.0,2.0,137.22,2.0,2.0,5,2,1,8,Potential Loyalists
52383,0,18.0,Mobile Phone,1,35.0,Cash on Delivery,Male,2.0,3,Fashion,1,Married,5,1,18.0,1.0,1.0,2.0,193.8,2.0,1.0,5,2,4,11,Potential Loyalists
52384,0,21.0,Mobile Phone,3,13.0,E wallet,Male,3.0,3,Laptop & Accessory,5,Married,5,0,11.0,0.0,2.0,2.0,154.86,2.0,2.0,5,2,3,10,Potential Loyalists
52385,1,0.0,Mobile Phone,2,15.0,Cash on Delivery,Female,,3,Mobile Phone,3,Married,2,0,15.0,2.0,2.0,2.0,127.42,2.0,2.0,5,2,1,8,Potential Loyalists
52386,0,13.0,Computer,1,14.0,Credit Card,Male,2.0,4,Fashion,4,Married,3,0,11.0,4.0,,8.0,237.57,8.0,2.0,2,2,5,9,At Risk
52387,0,1.0,Mobile Phone,3,11.0,Credit Card,Male,2.0,3,Laptop & Accessory,5,Single,1,0,18.0,0.0,1.0,3.0,184.63,3.0,1.0,4,2,4,10,Potential Loyalists
52388,0,17.0,Computer,1,11.0,Debit Card,Male,2.0,4,Mobile Phone,3,Single,4,0,14.0,0.0,1.0,3.0,131.62,3.0,1.0,4,2,1,7,Potential Loyalists
52389,0,26.0,Mobile Phone,1,8.0,Credit Card,Male,2.0,1,Grocery,4,Single,5,0,12.0,,8.0,8.0,265.98,8.0,8.0,2,5,5,12,Loyal Customers
52390,0,22.0,Mobile Phone,1,11.0,Cash on Delivery,Male,3.0,3,Laptop & Accessory,3,Married,3,0,14.0,0.0,1.0,2.0,166.51,2.0,1.0,5,2,3,10,Potential Loyalists
52391,0,13.0,Mobile Phone,1,,Credit Card,Male,3.0,3,Mobile Phone,3,Married,3,0,14.0,1.0,1.0,2.0,123.45,2.0,1.0,5,2,1,8,Potential Loyalists
52392,0,17.0,Mobile Phone,1,26.0,Debit Card,Male,2.0,3,Mobile Phone,4,Single,2,0,13.0,1.0,1.0,3.0,134.2,3.0,1.0,4,2,1,7,Potential Loyalists
52393,0,6.0,Computer,3,13.0,Credit Card,Male,2.0,3,Laptop & Accessory,5,Married,1,0,14.0,1.0,1.0,3.0,143.73,3.0,1.0,4,2,2,8,Potential Loyalists
52394,0,7.0,Mobile Phone,3,9.0,UPI,Male,2.0,5,Laptop & Accessory,5,Single,4,0,18.0,2.0,3.0,12.0,147.59,12.0,3.0,1,4,2,7,At Risk
52395,0,3.0,Mobile Phone,3,22.0,Debit Card,Male,3.0,3,Laptop & Accessory,3,Married,9,0,15.0,1.0,2.0,2.0,153.01,2.0,2.0,5,2,2,9,Potential Loyalists
52396,0,15.0,Computer,1,15.0,Credit Card,Female,3.0,3,Mobile Phone,1,Single,2,0,13.0,0.0,5.0,8.0,136.73,8.0,5.0,2,5,1,8,At Risk
52397,0,17.0,Computer,3,7.0,E wallet,Female,3.0,3,Laptop & Accessory,3,Married,8,0,12.0,0.0,1.0,0.0,147.68,0.0,1.0,5,2,2,9,Potential Loyalists
52398,0,,Computer,1,13.0,Cash on Delivery,Male,3.0,3,Mobile Phone,3,Married,2,0,13.0,0.0,1.0,0.0,112.74,0.0,1.0,5,2,1,8,Potential Loyalists
52399,0,30.0,Mobile Phone,1,7.0,Debit Card,Male,3.0,1,Laptop & Accessory,3,Married,1,0,24.0,1.0,2.0,8.0,149.0,8.0,2.0,2,2,2,6,Hibernating
52400,0,22.0,Mobile Phone,1,13.0,Debit Card,Male,2.0,3,Fashion,4,Married,4,0,14.0,0.0,1.0,7.0,204.66,7.0,1.0,2,2,4,8,At Risk
52401,0,7.0,Computer,1,21.0,Credit Card,Male,3.0,3,Grocery,5,Married,8,0,14.0,,6.0,9.0,270.07,9.0,6.0,1,5,5,11,Loyal Customers
52402,1,0.0,Computer,3,7.0,Cash on Delivery,Male,,3,Mobile Phone,3,Married,4,0,15.0,1.0,1.0,2.0,129.09,2.0,1.0,5,2,1,8,Potential Loyalists
52403,1,0.0,Computer,3,19.0,Cash on Delivery,Female,2.0,3,Laptop & Accessory,4,Single,6,0,11.0,1.0,1.0,0.0,157.65,0.0,1.0,5,2,3,10,Potential Loyalists
52404,1,0.0,Mobile Phone,3,30.0,Credit Card,Female,2.0,4,Laptop & Accessory,4,Single,1,1,23.0,4.0,10.0,10.0,145.99,10.0,10.0,1,5,2,8,At Risk
52405,0,8.0,Mobile Phone,3,,Debit Card,Male,3.0,3,Mobile Phone,3,Married,2,0,13.0,0.0,1.0,0.0,124.04,0.0,1.0,5,2,1,8,Potential Loyalists
52406,1,0.0,Computer,1,15.0,Credit Card,Male,2.0,3,Mobile Phone,5,Single,3,1,11.0,0.0,1.0,0.0,131.72,0.0,1.0,5,2,1,8,Potential Loyalists
52407,0,,Computer,3,19.0,Debit Card,Female,3.0,3,Mobile Phone,4,Married,2,0,13.0,0.0,1.0,0.0,120.33,0.0,1.0,5,2,1,8,Potential Loyalists
52408,0,17.0,Computer,1,8.0,Credit Card,Male,2.0,3,Fashion,3,Single,6,1,18.0,2.0,2.0,2.0,202.09,2.0,2.0,5,2,4,11,Potential Loyalists
52409,0,2.0,Mobile Phone,3,25.0,Debit Card,Male,3.0,4,Laptop & Accessory,3,Married,2,0,14.0,1.0,1.0,4.0,186.2,4.0,1.0,3,2,4,9,Potential Loyalists
52410,0,,Mobile Phone,2,7.0,Debit Card,Male,2.0,3,Mobile Phone,3,Married,1,0,21.0,0.0,1.0,3.0,120.64,3.0,1.0,4,2,1,7,Potential Loyalists
52411,0,28.0,Mobile Phone,1,10.0,Debit Card,Male,1.0,3,Laptop & Accessory,3,Married,1,1,16.0,1.0,1.0,2.0,140.35,2.0,1.0,5,2,1,8,Potential Loyalists
52412,0,6.0,Mobile Phone,1,10.0,Credit Card,Female,2.0,4,Mobile Phone,4,Married,9,0,11.0,1.0,1.0,2.0,138.38,2.0,1.0,5,2,1,8,Potential Loyalists
52413,0,20.0,Mobile Phone,3,20.0,Credit Card,Female,3.0,3,Laptop & Accessory,3,Married,4,1,17.0,1.0,1.0,2.0,145.91,2.0,1.0,5,2,2,9,Potential Loyalists
52414,1,0.0,Computer,1,,Credit Card,Male,2.0,4,Mobile Phone,5,Single,8,0,11.0,1.0,1.0,0.0,125.61,0.0,1.0,5,2,1,8,Potential Loyalists
52415,0,,Mobile Phone,1,7.0,Debit Card,Male,3.0,4,Mobile Phone,3,Married,2,0,14.0,0.0,1.0,0.0,115.63,0.0,1.0,5,2,1,8,Potential Loyalists
52416,0,1.0,Computer,3,13.0,Debit Card,Male,2.0,3,Laptop & Accessory,5,Single,1,0,14.0,1.0,1.0,3.0,148.98,3.0,1.0,4,2,2,8,Potential Loyalists
52417,0,22.0,Mobile Phone,1,9.0,Credit Card,Female,2.0,4,Laptop & Accessory,5,Married,5,0,25.0,0.0,1.0,2.0,147.89,2.0,1.0,5,2,2,9,Potential Loyalists
52418,0,2.0,Computer,1,8.0,Debit Card,Female,3.0,3,Mobile Phone,4,Married,1,0,13.0,1.0,1.0,2.0,131.8,2.0,1.0,5,2,1,8,Potential Loyalists
52419,0,1.0,Mobile Phone,1,35.0,Debit Card,Male,3.0,5,Laptop & Accessory,4,Married,2,0,14.0,0.0,1.0,7.0,165.49,7.0,1.0,2,2,3,7,At Risk
52420,0,6.0,Mobile Phone,1,14.0,Debit Card,Male,3.0,3,Laptop & Accessory,3,Single,3,1,17.0,1.0,1.0,0.0,163.88,0.0,1.0,5,2,3,10,Potential Loyalists
52421,0,5.0,Mobile Phone,1,16.0,Credit Card,Male,3.0,3,Fashion,1,Single,3,0,25.0,0.0,1.0,,212.44,3.0,1.0,4,2,5,11,Potential Loyalists
52422,0,27.0,Computer,1,17.0,Credit Card,Female,2.0,3,Grocery,1,Married,4,0,20.0,0.0,,12.0,260.32,12.0,2.0,1,2,5,8,At Risk
52423,1,0.0,Mobile Phone,1,,Cash on Delivery,Male,3.0,4,Mobile Phone,5,Single,7,0,13.0,1.0,1.0,7.0,123.62,7.0,1.0,2,2,1,5,Hibernating
52424,0,17.0,Mobile Phone,1,34.0,Debit Card,Male,2.0,3,Grocery,5,Married,4,0,13.0,,14.0,17.0,263.28,17.0,14.0,1,5,5,11,Loyal Customers
52425,0,12.0,Mobile Phone,1,12.0,Debit Card,Female,2.0,3,Fashion,4,Single,5,0,18.0,2.0,2.0,2.0,183.76,2.0,2.0,5,2,4,11,Potential Loyalists
52426,0,19.0,Mobile Phone,3,9.0,Debit Card,Female,2.0,3,Grocery,4,Married,9,0,12.0,,5.0,1.0,266.06,1.0,5.0,5,5,5,15,Champions
52427,0,8.0,Mobile Phone,1,22.0,Debit Card,Female,3.0,4,Fashion,4,Single,2,0,19.0,3.0,3.0,3.0,186.06,3.0,3.0,4,4,4,12,Champions
52428,0,,Mobile Phone,1,26.0,Debit Card,Male,3.0,3,Laptop & Accessory,3,Single,1,0,14.0,1.0,1.0,2.0,122.72,2.0,1.0,5,2,1,8,Potential Loyalists
52429,1,,Mobile Phone,1,15.0,Debit Card,Male,2.0,3,Mobile Phone,5,Single,4,0,14.0,1.0,1.0,0.0,120.18,0.0,1.0,5,2,1,8,Potential Loyalists
52430,0,7.0,Mobile Phone,3,7.0,Cash on Delivery,Male,3.0,4,Fashion,3,Married,2,1,14.0,7.0,8.0,6.0,170.83,6.0,8.0,2,5,3,10,Loyal Customers
52431,1,0.0,Computer,1,9.0,Debit Card,Female,2.0,3,Mobile Phone,3,Single,2,0,12.0,2.0,7.0,7.0,140.84,7.0,7.0,2,5,2,9,At Risk
52432,0,23.0,Computer,1,28.0,Credit Card,Male,2.0,5,Grocery,1,Single,2,1,13.0,1.0,,9.0,244.11,9.0,2.0,1,2,5,8,At Risk
52433,0,,Mobile Phone,3,13.0,Cash on Delivery,Male,2.0,3,Mobile Phone,3,Married,1,1,25.0,3.0,5.0,7.0,123.08,7.0,5.0,2,5,1,8,At Risk
52434,0,15.0,Mobile Phone,1,8.0,Credit Card,Male,3.0,4,Mobile Phone,4,Married,5,0,14.0,0.0,1.0,0.0,148.41,0.0,1.0,5,2,2,9,Potential Loyalists
52435,0,10.0,Mobile Phone,1,19.0,Credit Card,Male,2.0,3,Laptop & Accessory,1,Married,2,0,17.0,2.0,3.0,7.0,142.85,7.0,3.0,2,4,2,8,At Risk
52436,0,2.0,Mobile Phone,1,14.0,UPI,Female,2.0,5,Laptop & Accessory,5,Married,4,0,13.0,1.0,1.0,7.0,197.15,7.0,1.0,2,2,4,8,At Risk
52437,0,6.0,Mobile Phone,1,31.0,Debit Card,Male,2.0,4,Laptop & Accessory,4,Single,2,0,13.0,1.0,1.0,2.0,143.2,2.0,1.0,5,2,2,9,Potential Loyalists
52438,0,,Mobile Phone,1,34.0,Cash on Delivery,Male,3.0,3,Mobile Phone,1,Married,5,0,20.0,1.0,1.0,3.0,121.32,3.0,1.0,4,2,1,7,Potential Loyalists
52439,0,15.0,Computer,1,8.0,Debit Card,Male,2.0,3,Fashion,1,Married,3,1,14.0,4.0,13.0,9.0,201.24,9.0,13.0,1,5,4,10,Loyal Customers
52440,0,13.0,Mobile Phone,3,15.0,Credit Card,Male,2.0,3,Laptop & Accessory,5,Married,1,0,12.0,7.0,7.0,1.0,154.73,1.0,7.0,5,5,3,13,Loyal Customers
52441,0,6.0,Mobile Phone,1,34.0,Debit Card,Male,3.0,3,Laptop & Accessory,3,Married,2,1,12.0,4.0,5.0,7.0,152.07,7.0,5.0,2,5,2,9,At Risk
52442,0,13.0,Mobile Phone,2,12.0,Credit Card,Male,2.0,3,Grocery,1,Single,2,1,21.0,,7.0,7.0,264.37,7.0,7.0,2,5,5,12,Loyal Customers
52443,0,,Mobile Phone,1,27.0,Cash on Delivery,Male,2.0,4,Mobile Phone,5,Married,1,0,14.0,0.0,1.0,0.0,122.96,0.0,1.0,5,2,1,8,Potential Loyalists
52444,0,13.0,Computer,1,14.0,Debit Card,Male,3.0,3,Laptop & Accessory,1,Married,4,1,18.0,1.0,2.0,2.0,140.69,2.0,2.0,5,2,1,8,Potential Loyalists
52445,0,18.0,Mobile Phone,1,7.0,Cash on Delivery,Male,3.0,3,Fashion,4,Married,2,0,12.0,3.0,7.0,7.0,174.41,7.0,7.0,2,5,4,11,Loyal Customers
52446,0,8.0,Mobile Phone,3,,Debit Card,Female,3.0,4,Mobile Phone,3,Married,1,0,23.0,2.0,4.0,2.0,124.3,2.0,4.0,5,4,1,10,Potential Loyalists
52447,0,5.0,Mobile Phone,1,11.0,Debit Card,Female,3.0,4,Laptop & Accessory,4,Married,4,0,12.0,1.0,2.0,5.0,158.78,5.0,2.0,2,2,3,7,At Risk
52448,0,9.0,Mobile Phone,3,,Debit Card,Male,3.0,3,Mobile Phone,1,Single,4,1,21.0,1.0,1.0,2.0,126.44,2.0,1.0,5,2,1,8,Potential Loyalists
52449,0,21.0,Mobile Phone,3,22.0,Debit Card,Female,3.0,3,Laptop & Accessory,3,Married,9,0,14.0,7.0,7.0,7.0,164.39,7.0,7.0,2,5,3,10,Loyal Customers
52450,0,2.0,Mobile Phone,1,,Debit Card,Male,3.0,1,Mobile Phone,3,Married,7,0,18.0,0.0,1.0,0.0,124.51,0.0,1.0,5,2,1,8,Potential Loyalists
52451,0,6.0,Mobile Phone,3,14.0,Debit Card,Male,2.0,3,Laptop & Accessory,5,Married,3,0,13.0,2.0,2.0,2.0,163.92,2.0,2.0,5,2,3,10,Potential Loyalists
52452,1,0.0,Mobile Phone,3,7.0,Debit Card,Male,3.0,4,Laptop & Accessory,5,Married,2,0,11.0,1.0,6.0,7.0,197.14,7.0,6.0,2,5,4,11,Loyal Customers
52453,0,11.0,Computer,2,16.0,UPI,Male,3.0,3,Laptop & Accessory,3,Married,4,0,11.0,0.0,1.0,2.0,160.77,2.0,1.0,5,2,3,10,Potential Loyalists
52454,0,8.0,Mobile Phone,1,,Credit Card,Male,3.0,4,Mobile Phone,5,Single,2,0,19.0,1.0,1.0,2.0,124.5,2.0,1.0,5,2,1,8,Potential Loyalists
52455,0,7.0,Mobile Phone,3,35.0,Cash on Delivery,Male,2.0,3,Fashion,4,Married,4,0,12.0,1.0,1.0,3.0,192.5,3.0,1.0,4,2,4,10,Potential Loyalists
52456,1,,Mobile Phone,1,8.0,Debit Card,Female,3.0,3,Mobile Phone,5,Married,2,1,12.0,1.0,1.0,0.0,120.74,0.0,1.0,5,2,1,8,Potential Loyalists
52457,1,16.0,Mobile Phone,1,8.0,Cash on Delivery,Female,3.0,4,Fashion,1,Married,1,0,16.0,0.0,1.0,9.0,201.69,9.0,1.0,1,2,4,7,At Risk
52458,1,1.0,Mobile Phone,1,8.0,Credit Card,Male,2.0,3,Laptop & Accessory,4,Married,5,0,11.0,1.0,1.0,4.0,148.55,4.0,1.0,3,2,2,7,Potential Loyalists
52459,0,5.0,Computer,1,7.0,Cash on Delivery,Male,3.0,3,Laptop & Accessory,5,Married,5,0,14.0,0.0,1.0,2.0,140.87,2.0,1.0,5,2,2,9,Potential Loyalists
52460,0,21.0,Mobile Phone,1,,UPI,Female,3.0,3,Mobile Phone,5,Married,9,0,12.0,6.0,7.0,6.0,123.67,6.0,7.0,2,5,1,8,At Risk
52461,0,7.0,Mobile Phone,1,13.0,Credit Card,Male,,3,Mobile Phone,1,Single,2,0,13.0,0.0,1.0,0.0,129.72,0.0,1.0,5,2,1,8,Potential Loyalists
52462,0,28.0,Mobile Phone,3,32.0,E wallet,Male,2.0,4,Others,1,Married,2,0,,0.0,2.0,13.0,295.86,13.0,2.0,1,2,5,8,At Risk
52463,0,7.0,Mobile Phone,1,7.0,Debit Card,Male,2.0,3,Laptop & Accessory,1,Married,10,0,17.0,0.0,2.0,1.0,154.84,1.0,2.0,5,2,3,10,Potential Loyalists
52464,0,,Mobile Phone,1,9.0,Debit Card,Female,2.0,3,Mobile Phone,1,Married,2,0,21.0,1.0,1.0,0.0,120.61,0.0,1.0,5,2,1,8,Potential Loyalists
52465,0,11.0,Mobile Phone,3,20.0,Debit Card,Male,3.0,3,Laptop & Accessory,4,Married,1,0,11.0,3.0,7.0,7.0,199.24,7.0,7.0,2,5,4,11,Loyal Customers
52466,0,11.0,Mobile Phone,3,22.0,Debit Card,Female,2.0,3,Laptop & Accessory,4,Single,3,0,12.0,1.0,1.0,2.0,141.98,2.0,1.0,5,2,2,9,Potential Loyalists
52467,0,9.0,Mobile Phone,3,7.0,Debit Card,Female,3.0,3,Laptop & Accessory,3,Single,7,0,13.0,1.0,1.0,0.0,168.15,0.0,1.0,5,2,3,10,Potential Loyalists
52468,0,2.0,Mobile Phone,1,9.0,Credit Card,Male,2.0,3,Mobile Phone,5,Single,2,1,18.0,0.0,1.0,5.0,147.23,5.0,1.0,2,2,2,6,Hibernating
52469,0,8.0,Mobile Phone,1,16.0,Credit Card,Female,2.0,3,Laptop & Accessory,3,Single,4,1,16.0,0.0,1.0,4.0,161.42,4.0,1.0,3,2,3,8,Potential Loyalists
52470,0,12.0,Mobile Phone,3,12.0,Credit Card,Male,2.0,1,Fashion,3,Married,3,0,11.0,3.0,7.0,6.0,182.37,6.0,7.0,2,5,4,11,Loyal Customers
52471,0,2.0,Computer,1,8.0,Debit Card,Male,2.0,3,Laptop & Accessory,1,Married,2,0,19.0,1.0,1.0,3.0,188.53,3.0,1.0,4,2,4,10,Potential Loyalists
52472,0,23.0,Mobile Phone,3,15.0,E wallet,Male,2.0,3,Others,3,Married,5,1,,0.0,1.0,0.0,293.31,0.0,1.0,5,2,5,12,Potential Loyalists
52473,0,,Mobile Phone,1,16.0,Cash on Delivery,Male,2.0,1,Mobile Phone,3,Married,3,0,16.0,0.0,2.0,2.0,120.73,2.0,2.0,5,2,1,8,Potential Loyalists
52474,0,9.0,Computer,1,12.0,Debit Card,Male,3.0,1,Laptop & Accessory,5,Married,4,1,13.0,0.0,1.0,2.0,155.62,2.0,1.0,5,2,3,10,Potential Loyalists
52475,0,15.0,Mobile Phone,1,15.0,UPI,Male,3.0,4,Others,1,Single,9,0,,1.0,1.0,1.0,296.13,1.0,1.0,5,2,5,12,Potential Loyalists
52476,0,8.0,Mobile Phone,1,34.0,Debit Card,Male,2.0,1,Laptop & Accessory,3,Married,2,0,17.0,6.0,6.0,8.0,134.07,8.0,6.0,2,5,1,8,At Risk
52477,0,7.0,Computer,1,16.0,Cash on Delivery,Male,3.0,4,Laptop & Accessory,3,Married,2,0,14.0,1.0,7.0,7.0,150.63,7.0,7.0,2,5,2,9,At Risk
52478,0,13.0,Mobile Phone,3,20.0,Debit Card,Female,2.0,3,Laptop & Accessory,5,Married,2,0,15.0,0.0,1.0,2.0,146.39,2.0,1.0,5,2,2,9,Potential Loyalists
52479,0,16.0,Mobile Phone,1,33.0,Cash on Delivery,Male,2.0,1,Mobile Phone,4,Married,6,0,12.0,1.0,1.0,2.0,148.76,2.0,1.0,5,2,2,9,Potential Loyalists
52480,0,8.0,Mobile Phone,1,13.0,Debit Card,Male,,4,Mobile Phone,1,Married,2,0,18.0,1.0,1.0,1.0,126.9,1.0,1.0,5,2,1,8,Potential Loyalists
52481,0,19.0,Mobile Phone,3,7.0,Debit Card,Male,2.0,1,Grocery,5,Single,2,0,15.0,,1.0,12.0,275.67,12.0,1.0,1,2,5,8,At Risk
52482,1,0.0,Mobile Phone,1,,Credit Card,Male,2.0,3,Mobile Phone,4,Married,2,1,17.0,0.0,1.0,0.0,124.08,0.0,1.0,5,2,1,8,Potential Loyalists
52483,0,0.0,Computer,1,32.0,UPI,Female,,4,Mobile Phone,3,Married,2,1,14.0,1.0,1.0,3.0,128.14,3.0,1.0,4,2,1,7,Potential Loyalists
52484,0,23.0,Computer,1,26.0,Credit Card,Male,2.0,3,Grocery,3,Married,3,1,15.0,0.0,12.0,,212.45,3.0,12.0,4,5,5,14,Champions
52485,0,5.0,Mobile Phone,1,11.0,UPI,Female,2.0,1,Mobile Phone,1,Married,4,0,17.0,1.0,1.0,2.0,133.12,2.0,1.0,5,2,1,8,Potential Loyalists
52486,0,17.0,Mobile Phone,1,13.0,Credit Card,Female,2.0,3,Others,1,Married,1,1,14.0,,1.0,10.0,290.49,10.0,1.0,1,2,5,8,At Risk
52487,0,,Mobile Phone,1,13.0,Credit Card,Male,2.0,4,Mobile Phone,4,Married,2,0,12.0,1.0,1.0,1.0,121.41,1.0,1.0,5,2,1,8,Potential Loyalists
52488,0,18.0,Mobile Phone,1,11.0,Credit Card,Female,2.0,5,Laptop & Accessory,5,Single,2,1,14.0,0.0,1.0,4.0,157.69,4.0,1.0,3,2,3,8,Potential Loyalists
52489,0,18.0,Computer,3,32.0,E wallet,Male,2.0,4,Laptop & Accessory,5,Married,2,0,15.0,3.0,4.0,5.0,143.85,5.0,4.0,2,4,2,8,At Risk
52490,0,4.0,Computer,3,8.0,UPI,Male,2.0,3,Laptop & Accessory,5,Single,8,0,13.0,1.0,1.0,3.0,153.32,3.0,1.0,4,2,2,8,Potential Loyalists
52491,0,9.0,Mobile Phone,1,18.0,Debit Card,Female,3.0,3,Laptop & Accessory,3,Married,10,1,12.0,0.0,1.0,1.0,146.63,1.0,1.0,5,2,2,9,Potential Loyalists
52492,0,7.0,Computer,1,16.0,Debit Card,Male,2.0,1,Laptop & Accessory,1,Married,2,0,13.0,3.0,7.0,2.0,147.24,2.0,7.0,5,5,2,12,Potential Loyalists
52493,0,22.0,Mobile Phone,1,31.0,Debit Card,Female,2.0,3,Mobile Phone,5,Married,2,0,14.0,1.0,1.0,4.0,132.11,4.0,1.0,3,2,1,6,Potential Loyalists
52494,0,12.0,Mobile Phone,1,16.0,Credit Card,Male,3.0,3,Laptop & Accessory,5,Married,3,0,13.0,3.0,7.0,7.0,153.77,7.0,7.0,2,5,3,10,Loyal Customers
52495,0,0.0,Mobile Phone,1,25.0,UPI,Male,3.0,4,Mobile Phone,5,Married,2,0,11.0,0.0,1.0,7.0,140.66,7.0,1.0,2,2,1,5,Hibernating
52496,0,8.0,Mobile Phone,1,24.0,Debit Card,Male,2.0,1,Laptop & Accessory,5,Married,2,0,11.0,1.0,1.0,10.0,152.08,10.0,1.0,1,2,2,5,Hibernating
52497,0,1.0,Mobile Phone,1,33.0,Credit Card,Female,2.0,5,Laptop & Accessory,5,Married,1,0,21.0,1.0,1.0,0.0,148.77,0.0,1.0,5,2,2,9,Potential Loyalists
52498,0,0.0,Mobile Phone,1,11.0,Credit Card,Male,,3,Mobile Phone,1,Single,2,0,18.0,0.0,2.0,2.0,131.17,2.0,2.0,5,2,1,8,Potential Loyalists
52499,1,,Computer,3,9.0,Credit Card,Female,3.0,3,Mobile Phone,1,Single,2,1,12.0,1.0,1.0,0.0,115.69,0.0,1.0,5,2,1,8,Potential Loyalists
52500,0,20.0,Mobile Phone,2,32.0,Debit Card,Female,3.0,3,Others,3,Married,4,0,,1.0,1.0,0.0,296.58,0.0,1.0,5,2,5,12,Potential Loyalists
52501,0,12.0,Mobile Phone,1,9.0,Credit Card,Male,,4,Laptop & Accessory,3,Married,1,0,15.0,0.0,1.0,7.0,130.69,7.0,1.0,2,2,1,5,Hibernating
52502,0,13.0,Mobile Phone,1,21.0,Debit Card,Female,3.0,4,Fashion,3,Married,2,0,13.0,6.0,14.0,12.0,204.35,12.0,14.0,1,5,4,10,Loyal Customers
52503,0,8.0,Computer,1,14.0,Debit Card,Female,2.0,3,Laptop & Accessory,3,Married,2,0,12.0,0.0,2.0,9.0,141.48,9.0,2.0,1,2,2,5,Hibernating
52504,0,10.0,Mobile Phone,1,25.0,Debit Card,Male,2.0,3,Laptop & Accessory,3,Married,4,0,17.0,0.0,1.0,2.0,157.68,2.0,1.0,5,2,3,10,Potential Loyalists
52505,0,12.0,Computer,1,10.0,Credit Card,Female,2.0,3,Laptop & Accessory,3,Single,1,0,13.0,3.0,3.0,8.0,150.42,8.0,3.0,2,4,2,8,At Risk
52506,0,18.0,Mobile Phone,1,8.0,UPI,Female,2.0,4,Laptop & Accessory,1,Married,2,0,19.0,3.0,3.0,9.0,157.7,9.0,3.0,1,4,3,8,Loyal Customers
52507,0,11.0,Mobile Phone,1,8.0,Credit Card,Female,2.0,4,Fashion,3,Married,4,1,19.0,0.0,1.0,2.0,177.56,2.0,1.0,5,2,4,11,Potential Loyalists
52508,1,0.0,Mobile Phone,3,16.0,Credit Card,Male,2.0,4,Fashion,5,Married,10,0,17.0,0.0,6.0,0.0,203.06,0.0,6.0,5,5,4,14,Champions
52509,0,10.0,Mobile Phone,1,16.0,Credit Card,Female,3.0,3,Mobile Phone,4,Married,2,0,11.0,4.0,7.0,7.0,139.36,7.0,7.0,2,5,1,8,At Risk
52510,0,13.0,Mobile Phone,1,22.0,Debit Card,Female,2.0,3,Fashion,1,Single,7,1,15.0,3.0,3.0,3.0,179.45,3.0,3.0,4,4,4,12,Champions
52511,0,17.0,Computer,2,7.0,UPI,Male,2.0,3,Laptop & Accessory,1,Married,5,1,11.0,1.0,1.0,2.0,157.43,2.0,1.0,5,2,3,10,Potential Loyalists
52512,0,21.0,Computer,1,10.0,Credit Card,Male,2.0,4,Grocery,1,Married,3,0,25.0,0.0,,2.0,252.02,2.0,2.0,5,2,5,12,Potential Loyalists
52513,1,0.0,Mobile Phone,3,21.0,Credit Card,Male,2.0,5,Laptop & Accessory,1,Married,7,1,14.0,0.0,2.0,2.0,154.4,2.0,2.0,5,2,3,10,Potential Loyalists
52514,0,0.0,Computer,1,8.0,Cash on Delivery,Female,2.0,3,Mobile Phone,1,Single,2,1,13.0,0.0,1.0,3.0,137.6,3.0,1.0,4,2,1,7,Potential Loyalists
52515,0,0.0,Mobile Phone,1,14.0,Credit Card,Female,2.0,1,Mobile Phone,3,Married,8,0,17.0,0.0,1.0,2.0,135.17,2.0,1.0,5,2,1,8,Potential Loyalists
52516,0,0.0,Computer,1,,Credit Card,Male,2.0,3,Mobile Phone,1,Single,3,0,13.0,0.0,1.0,2.0,125.8,2.0,1.0,5,2,1,8,Potential Loyalists
52517,1,,Mobile Phone,1,13.0,Debit Card,Male,3.0,3,Mobile Phone,5,Single,4,1,14.0,0.0,1.0,3.0,121.66,3.0,1.0,4,2,1,7,Potential Loyalists
52518,0,2.0,Mobile Phone,3,16.0,Credit Card,Male,2.0,4,Laptop & Accessory,3,Single,10,0,11.0,1.0,1.0,4.0,158.69,4.0,1.0,3,2,3,8,Potential Loyalists
52519,0,9.0,Mobile Phone,1,11.0,Debit Card,Female,2.0,3,Fashion,5,Married,5,0,12.0,1.0,1.0,2.0,180.08,2.0,1.0,5,2,4,11,Potential Loyalists
52520,0,0.0,Computer,1,8.0,Debit Card,Male,3.0,1,Laptop & Accessory,3,Married,2,0,17.0,1.0,1.0,7.0,152.06,7.0,1.0,2,2,2,6,Hibernating
52521,0,12.0,Mobile Phone,1,18.0,Credit Card,Male,3.0,3,Laptop & Accessory,4,Married,5,0,21.0,1.0,1.0,0.0,152.95,0.0,1.0,5,2,2,9,Potential Loyalists
52522,0,22.0,Mobile Phone,1,28.0,UPI,Female,3.0,3,Grocery,4,Married,4,0,16.0,,1.0,2.0,264.13,2.0,1.0,5,2,5,12,Potential Loyalists
52523,0,23.0,Mobile Phone,1,23.0,Debit Card,Female,2.0,4,Fashion,5,Married,6,0,15.0,0.0,,11.0,232.69,11.0,2.0,1,2,5,8,At Risk
52524,0,0.0,Mobile Phone,3,8.0,Credit Card,Female,,3,Mobile Phone,3,Single,2,0,19.0,0.0,2.0,2.0,127.83,2.0,2.0,5,2,1,8,Potential Loyalists
52525,0,7.0,Mobile Phone,1,9.0,Debit Card,Female,3.0,3,Laptop & Accessory,4,Married,2,0,12.0,1.0,7.0,9.0,154.33,9.0,7.0,1,5,3,9,Loyal Customers
52526,0,,Mobile Phone,1,13.0,Debit Card,Male,3.0,3,Mobile Phone,4,Single,3,0,11.0,0.0,1.0,3.0,120.13,3.0,1.0,4,2,1,7,Potential Loyalists
52527,0,22.0,Mobile Phone,1,12.0,Debit Card,Female,2.0,4,Grocery,3,Married,3,1,19.0,2.0,,12.0,239.66000000000005,12.0,2.0,1,2,5,8,At Risk
52528,0,9.0,Computer,1,7.0,Credit Card,Female,2.0,4,Laptop & Accessory,3,Married,1,0,15.0,0.0,1.0,2.0,143.74,2.0,1.0,5,2,2,9,Potential Loyalists
52529,0,9.0,Mobile Phone,1,9.0,Debit Card,Male,3.0,1,Laptop & Accessory,5,Married,7,0,20.0,0.0,1.0,4.0,168.42,4.0,1.0,3,2,3,8,Potential Loyalists
52530,0,27.0,Mobile Phone,1,28.0,Credit Card,Female,3.0,3,Grocery,3,Married,4,0,25.0,,4.0,7.0,274.26,7.0,4.0,2,4,5,11,Loyal Customers
52531,0,16.0,Mobile Phone,1,21.0,Debit Card,Male,3.0,4,Grocery,3,Married,2,0,24.0,,6.0,11.0,276.03,11.0,6.0,1,5,5,11,Loyal Customers
52532,1,0.0,Computer,3,18.0,UPI,Male,2.0,3,Laptop & Accessory,1,Single,4,1,24.0,5.0,6.0,7.0,145.81,7.0,6.0,2,5,2,9,At Risk
52533,0,11.0,Computer,1,7.0,Debit Card,Male,2.0,3,Laptop & Accessory,1,Married,8,0,15.0,1.0,2.0,9.0,147.35,9.0,2.0,1,2,2,5,Hibernating
52534,0,2.0,Mobile Phone,3,11.0,Credit Card,Male,2.0,4,Laptop & Accessory,4,Married,2,1,13.0,0.0,1.0,9.0,141.87,9.0,1.0,1,2,2,5,Hibernating
52535,0,6.0,Mobile Phone,3,8.0,Credit Card,Male,3.0,3,Laptop & Accessory,1,Married,2,0,14.0,1.0,1.0,4.0,155.05,4.0,1.0,3,2,3,8,Potential Loyalists
52536,0,5.0,Mobile Phone,1,8.0,Credit Card,Male,2.0,3,Laptop & Accessory,4,Married,1,0,13.0,1.0,1.0,6.0,154.7,6.0,1.0,2,2,3,7,At Risk
52537,0,4.0,Mobile Phone,3,11.0,Debit Card,Female,3.0,3,Laptop & Accessory,1,Married,2,0,11.0,0.0,1.0,2.0,154.76,2.0,1.0,5,2,3,10,Potential Loyalists
52538,0,22.0,Mobile Phone,1,,Credit Card,Female,3.0,3,Mobile Phone,5,Married,5,1,16.0,0.0,2.0,2.0,125.87,2.0,2.0,5,2,1,8,Potential Loyalists
52539,0,11.0,Computer,1,,Credit Card,Female,2.0,4,Mobile Phone,4,Single,2,0,22.0,0.0,3.0,3.0,124.4,3.0,3.0,4,4,1,9,Potential Loyalists
52540,0,20.0,Mobile Phone,3,8.0,Debit Card,Female,2.0,1,Grocery,4,Married,7,0,14.0,1.0,,2.0,259.72,2.0,2.0,5,2,5,12,Potential Loyalists
52541,0,22.0,Mobile Phone,1,7.0,Debit Card,Male,2.0,3,Grocery,3,Single,5,0,14.0,1.0,,0.0,253.79,0.0,2.0,5,2,5,12,Potential Loyalists
52542,0,14.0,Mobile Phone,3,29.0,Debit Card,Male,3.0,3,Fashion,3,Single,4,1,16.0,0.0,1.0,2.0,170.82,2.0,1.0,5,2,3,10,Potential Loyalists
52543,0,0.0,Mobile Phone,3,15.0,Debit Card,Male,,3,Mobile Phone,5,Single,2,0,11.0,0.0,1.0,2.0,127.28,2.0,1.0,5,2,1,8,Potential Loyalists
52544,0,6.0,Computer,3,22.0,Debit Card,Female,2.0,3,Laptop & Accessory,1,Married,2,1,25.0,0.0,1.0,2.0,153.68,2.0,1.0,5,2,3,10,Potential Loyalists
52545,0,9.0,Mobile Phone,1,32.0,Debit Card,Male,3.0,3,Laptop & Accessory,3,Married,7,0,14.0,1.0,1.0,2.0,153.47,2.0,1.0,5,2,2,9,Potential Loyalists
52546,0,17.0,Mobile Phone,2,7.0,Debit Card,Female,2.0,3,Mobile Phone,1,Married,5,1,18.0,2.0,2.0,2.0,131.95,2.0,2.0,5,2,1,8,Potential Loyalists
52547,1,0.0,Mobile Phone,1,14.0,Credit Card,Male,3.0,4,Mobile Phone,3,Single,2,1,11.0,1.0,1.0,2.0,139.89,2.0,1.0,5,2,1,8,Potential Loyalists
52548,0,11.0,Mobile Phone,1,10.0,Credit Card,Female,2.0,3,Mobile Phone,3,Married,8,0,19.0,0.0,1.0,0.0,133.06,0.0,1.0,5,2,1,8,Potential Loyalists
52549,0,26.0,Mobile Phone,1,30.0,Credit Card,Male,2.0,1,Fashion,1,Married,4,0,15.0,0.0,1.0,2.0,170.05,2.0,1.0,5,2,3,10,Potential Loyalists
52550,1,11.0,Computer,3,,Credit Card,Female,3.0,3,Mobile Phone,3,Married,3,1,11.0,1.0,7.0,7.0,126.55,7.0,7.0,2,5,1,8,At Risk
52551,1,,Mobile Phone,1,8.0,Debit Card,Male,3.0,3,Mobile Phone,4,Single,2,0,12.0,0.0,1.0,0.0,113.93,0.0,1.0,5,2,1,8,Potential Loyalists
52552,0,0.0,Computer,1,,Credit Card,Male,3.0,3,Mobile Phone,1,Single,2,0,20.0,0.0,5.0,7.0,125.7,7.0,5.0,2,5,1,8,At Risk
52553,0,28.0,Mobile Phone,1,28.0,Cash on Delivery,Male,3.0,4,Mobile Phone,4,Married,6,0,12.0,1.0,1.0,2.0,135.37,2.0,1.0,5,2,1,8,Potential Loyalists
52554,0,7.0,Mobile Phone,1,11.0,Credit Card,Male,2.0,4,Laptop & Accessory,1,Married,2,0,14.0,0.0,4.0,13.0,139.86,13.0,4.0,1,4,1,6,At Risk
52555,0,30.0,Mobile Phone,1,7.0,Credit Card,Male,3.0,5,Fashion,1,Married,4,0,20.0,1.0,1.0,0.0,208.83,0.0,1.0,5,2,5,12,Potential Loyalists
52556,0,,Mobile Phone,1,27.0,Credit Card,Male,3.0,1,Mobile Phone,4,Married,2,0,18.0,0.0,2.0,13.0,120.28,13.0,2.0,1,2,1,4,Hibernating
52557,0,10.0,Computer,3,7.0,Credit Card,Male,2.0,5,Laptop & Accessory,1,Married,2,0,14.0,1.0,1.0,3.0,195.25,3.0,1.0,4,2,4,10,Potential Loyalists
52558,0,7.0,Mobile Phone,1,25.0,Debit Card,Female,,4,Mobile Phone,1,Married,2,0,12.0,1.0,8.0,7.0,129.29,7.0,8.0,2,5,1,8,At Risk
52559,1,,Mobile Phone,3,13.0,Debit Card,Male,3.0,3,Mobile Phone,1,Married,2,1,21.0,1.0,1.0,2.0,122.75,2.0,1.0,5,2,1,8,Potential Loyalists
52560,0,17.0,Mobile Phone,1,8.0,Debit Card,Female,3.0,1,Fashion,1,Married,2,1,19.0,1.0,6.0,7.0,178.79,7.0,6.0,2,5,4,11,Loyal Customers
52561,0,8.0,Computer,1,8.0,Credit Card,Male,3.0,4,Mobile Phone,1,Single,1,1,14.0,1.0,1.0,4.0,149.3,4.0,1.0,3,2,2,7,Potential Loyalists
52562,0,16.0,Mobile Phone,3,8.0,Credit Card,Male,3.0,3,Laptop & Accessory,1,Married,2,1,17.0,3.0,8.0,8.0,178.47,8.0,8.0,2,5,4,11,Loyal Customers
52563,0,0.0,Mobile Phone,1,15.0,Credit Card,Male,3.0,1,Mobile Phone,3,Married,2,0,16.0,0.0,1.0,4.0,144.01,4.0,1.0,3,2,2,7,Potential Loyalists
52564,0,14.0,Mobile Phone,3,12.0,E wallet,Male,2.0,3,Fashion,3,Single,2,0,12.0,3.0,8.0,7.0,192.41,7.0,8.0,2,5,4,11,Loyal Customers
52565,0,2.0,Mobile Phone,1,15.0,Credit Card,Female,,3,Mobile Phone,3,Married,10,0,17.0,0.0,1.0,2.0,129.74,2.0,1.0,5,2,1,8,Potential Loyalists
52566,0,9.0,Mobile Phone,3,8.0,Debit Card,Female,2.0,3,Laptop & Accessory,1,Single,4,0,15.0,6.0,6.0,7.0,145.02,7.0,6.0,2,5,2,9,At Risk
52567,0,18.0,Computer,1,7.0,Debit Card,Male,3.0,4,Fashion,3,Married,4,0,23.0,4.0,14.0,4.0,207.48,4.0,14.0,3,5,4,12,Loyal Customers
52568,1,,Mobile Phone,2,28.0,UPI,Male,2.0,5,Mobile Phone,3,Married,2,0,11.0,0.0,1.0,0.0,115.55,0.0,1.0,5,2,1,8,Potential Loyalists
52569,1,10.0,Computer,3,15.0,Debit Card,Male,2.0,5,Grocery,3,Married,8,0,11.0,6.0,14.0,,229.36,3.0,14.0,4,5,5,14,Champions
52570,0,,Mobile Phone,1,23.0,Credit Card,Male,3.0,5,Mobile Phone,3,Married,2,0,15.0,1.0,1.0,2.0,123.05,2.0,1.0,5,2,1,8,Potential Loyalists
52571,0,18.0,Mobile Phone,1,34.0,Cash on Delivery,Female,2.0,4,Grocery,4,Single,2,0,11.0,,8.0,6.0,267.04,6.0,8.0,2,5,5,12,Loyal Customers
52572,0,5.0,Computer,1,16.0,Debit Card,Male,2.0,3,Mobile Phone,3,Married,7,0,13.0,0.0,1.0,3.0,134.33,3.0,1.0,4,2,1,7,Potential Loyalists
52573,0,4.0,Mobile Phone,1,8.0,Debit Card,Male,3.0,3,Mobile Phone,3,Married,2,0,14.0,1.0,1.0,3.0,134.77,3.0,1.0,4,2,1,7,Potential Loyalists
52574,0,14.0,Computer,2,10.0,UPI,Male,2.0,5,Laptop & Accessory,4,Married,7,0,19.0,0.0,1.0,2.0,164.3,2.0,1.0,5,2,3,10,Potential Loyalists
52575,0,13.0,Mobile Phone,1,14.0,Debit Card,Female,3.0,3,Laptop & Accessory,5,Married,3,1,16.0,1.0,1.0,0.0,165.16,0.0,1.0,5,2,3,10,Potential Loyalists
52576,0,0.0,Mobile Phone,1,35.0,Credit Card,Male,3.0,3,Mobile Phone,5,Married,2,0,13.0,1.0,1.0,2.0,139.07,2.0,1.0,5,2,1,8,Potential Loyalists
52577,0,19.0,Mobile Phone,1,19.0,Debit Card,Male,2.0,3,Laptop & Accessory,4,Single,7,0,14.0,1.0,1.0,9.0,155.62,9.0,1.0,1,2,3,6,At Risk
52578,0,8.0,Mobile Phone,1,33.0,Debit Card,Male,2.0,3,Laptop & Accessory,3,Married,3,0,16.0,1.0,1.0,7.0,168.83,7.0,1.0,2,2,3,7,At Risk
52579,0,3.0,Mobile Phone,1,22.0,Debit Card,Male,,3,Mobile Phone,1,Married,2,0,12.0,0.0,1.0,8.0,128.62,8.0,1.0,2,2,1,5,Hibernating
52580,0,20.0,Computer,3,8.0,E wallet,Male,2.0,3,Laptop & Accessory,4,Married,8,0,11.0,0.0,1.0,0.0,149.78,0.0,1.0,5,2,2,9,Potential Loyalists
52581,0,19.0,Mobile Phone,3,8.0,Debit Card,Male,3.0,3,Fashion,1,Married,5,1,12.0,0.0,1.0,3.0,203.68,3.0,1.0,4,2,4,10,Potential Loyalists
52582,1,0.0,Mobile Phone,3,19.0,E wallet,Male,3.0,4,Laptop & Accessory,5,Married,6,1,13.0,1.0,2.0,2.0,161.34,2.0,2.0,5,2,3,10,Potential Loyalists
52583,1,0.0,Mobile Phone,3,7.0,Debit Card,Male,2.0,5,Laptop & Accessory,4,Single,7,0,15.0,0.0,1.0,0.0,167.35,0.0,1.0,5,2,3,10,Potential Loyalists
52584,0,0.0,Mobile Phone,1,10.0,Credit Card,Female,2.0,3,Mobile Phone,4,Single,2,0,13.0,0.0,1.0,2.0,132.95,2.0,1.0,5,2,1,8,Potential Loyalists
52585,0,4.0,Computer,1,30.0,Cash on Delivery,Female,1.0,3,Laptop & Accessory,1,Single,3,0,20.0,0.0,1.0,4.0,152.38,4.0,1.0,3,2,2,7,Potential Loyalists
52586,0,12.0,Computer,1,7.0,Debit Card,Male,3.0,3,Laptop & Accessory,1,Married,2,1,15.0,0.0,5.0,8.0,164.72,8.0,5.0,2,5,3,10,Loyal Customers
52587,0,5.0,Mobile Phone,3,25.0,Debit Card,Male,3.0,5,Fashion,3,Married,4,0,13.0,0.0,1.0,2.0,196.1,2.0,1.0,5,2,4,11,Potential Loyalists
52588,0,13.0,Mobile Phone,3,13.0,Credit Card,Male,2.0,3,Others,4,Single,2,0,,12.0,12.0,8.0,298.33,8.0,12.0,2,5,5,12,Loyal Customers
52589,0,18.0,Mobile Phone,2,10.0,Debit Card,Female,2.0,5,Fashion,3,Married,5,0,21.0,1.0,1.0,3.0,197.56,3.0,1.0,4,2,4,10,Potential Loyalists
52590,0,3.0,Computer,1,8.0,Cash on Delivery,Female,3.0,4,Mobile Phone,5,Single,1,0,16.0,0.0,1.0,7.0,149.68,7.0,1.0,2,2,2,6,Hibernating
52591,0,,Computer,2,16.0,Credit Card,Male,2.0,3,Mobile Phone,1,Married,1,0,14.0,0.0,2.0,1.0,121.45,1.0,2.0,5,2,1,8,Potential Loyalists
52592,1,,Computer,2,14.0,UPI,Female,3.0,4,Mobile Phone,1,Married,7,0,11.0,1.0,1.0,2.0,121.8,2.0,1.0,5,2,1,8,Potential Loyalists
52593,0,4.0,Mobile Phone,3,11.0,Cash on Delivery,Male,2.0,3,Laptop & Accessory,3,Married,2,0,19.0,1.0,1.0,2.0,183.46,2.0,1.0,5,2,4,11,Potential Loyalists
52594,0,0.0,Mobile Phone,1,14.0,Credit Card,Female,3.0,3,Mobile Phone,1,Single,2,0,11.0,0.0,1.0,4.0,134.45,4.0,1.0,3,2,1,6,Potential Loyalists
52595,1,0.0,Mobile Phone,3,15.0,E wallet,Female,,5,Mobile Phone,4,Single,2,0,13.0,2.0,2.0,2.0,127.6,2.0,2.0,5,2,1,8,Potential Loyalists
52596,0,2.0,Computer,1,7.0,Debit Card,Male,3.0,1,Laptop & Accessory,3,Single,9,1,12.0,1.0,1.0,2.0,162.94,2.0,1.0,5,2,3,10,Potential Loyalists
52597,0,3.0,Mobile Phone,3,21.0,E wallet,Male,3.0,4,Fashion,5,Married,3,0,11.0,1.0,1.0,7.0,171.4,7.0,1.0,2,2,3,7,At Risk
52598,0,7.0,Mobile Phone,1,8.0,Credit Card,Male,,1,Mobile Phone,1,Married,1,1,14.0,1.0,1.0,2.0,129.32,2.0,1.0,5,2,1,8,Potential Loyalists
52599,0,6.0,Computer,3,8.0,E wallet,Female,3.0,3,Laptop & Accessory,4,Single,9,0,15.0,1.0,1.0,7.0,151.47,7.0,1.0,2,2,2,6,Hibernating
52600,0,22.0,Mobile Phone,3,17.0,E wallet,Female,3.0,3,Laptop & Accessory,1,Single,4,0,12.0,0.0,1.0,4.0,145.07,4.0,1.0,3,2,2,7,Potential Loyalists
52601,1,0.0,Mobile Phone,3,22.0,Debit Card,Female,3.0,3,Fashion,5,Single,3,1,20.0,1.0,1.0,0.0,185.64,0.0,1.0,5,2,4,11,Potential Loyalists
52602,0,11.0,Computer,1,,Credit Card,Female,3.0,4,Mobile Phone,4,Married,5,0,14.0,0.0,1.0,5.0,124.68,5.0,1.0,2,2,1,5,Hibernating
52603,1,0.0,Mobile Phone,3,22.0,E wallet,Male,3.0,3,Fashion,3,Married,3,0,13.0,0.0,1.0,0.0,181.61,0.0,1.0,5,2,4,11,Potential Loyalists
52604,0,,Mobile Phone,1,10.0,Cash on Delivery,Female,3.0,4,Mobile Phone,5,Married,2,0,13.0,0.0,1.0,0.0,121.09,0.0,1.0,5,2,1,8,Potential Loyalists
52605,0,3.0,Mobile Phone,1,22.0,Debit Card,Male,2.0,1,Laptop & Accessory,3,Married,4,0,16.0,1.0,1.0,7.0,152.94,7.0,1.0,2,2,2,6,Hibernating
52606,0,5.0,Computer,1,11.0,Cash on Delivery,Male,,3,Mobile Phone,4,Single,3,0,14.0,1.0,1.0,7.0,127.18,7.0,1.0,2,2,1,5,Hibernating
52607,0,11.0,Mobile Phone,1,24.0,Credit Card,Male,2.0,5,Laptop & Accessory,1,Married,4,1,16.0,0.0,1.0,0.0,158.11,0.0,1.0,5,2,3,10,Potential Loyalists
52608,1,6.0,Computer,1,,Cash on Delivery,Male,2.0,4,Mobile Phone,3,Married,10,1,16.0,1.0,1.0,0.0,124.37,0.0,1.0,5,2,1,8,Potential Loyalists
52609,0,15.0,Mobile Phone,1,18.0,Credit Card,Male,,3,Mobile Phone,4,Married,9,0,22.0,1.0,1.0,4.0,127.66,4.0,1.0,3,2,1,6,Potential Loyalists
52610,0,28.0,Mobile Phone,1,8.0,Credit Card,Male,2.0,4,Others,5,Married,9,0,12.0,,1.0,0.0,290.38,0.0,1.0,5,2,5,12,Potential Loyalists
52611,0,6.0,Computer,1,10.0,Cash on Delivery,Male,,3,Laptop & Accessory,4,Married,6,0,15.0,0.0,1.0,7.0,130.55,7.0,1.0,2,2,1,5,Hibernating
52612,0,,Mobile Phone,1,15.0,Debit Card,Male,3.0,3,Mobile Phone,5,Married,2,0,20.0,0.0,1.0,4.0,122.89,4.0,1.0,3,2,1,6,Potential Loyalists
52613,0,7.0,Computer,3,16.0,Debit Card,Male,2.0,3,Laptop & Accessory,3,Married,2,1,14.0,1.0,1.0,7.0,140.01,7.0,1.0,2,2,1,5,Hibernating
52614,0,26.0,Computer,1,7.0,Credit Card,Female,2.0,4,Grocery,3,Married,5,1,20.0,1.0,1.0,,229.65,3.0,1.0,4,2,5,11,Potential Loyalists
52615,0,16.0,Mobile Phone,2,8.0,Debit Card,Male,3.0,3,Mobile Phone,1,Single,1,0,13.0,1.0,1.0,8.0,135.39,8.0,1.0,2,2,1,5,Hibernating
52616,0,7.0,Mobile Phone,3,9.0,Debit Card,Female,2.0,5,Laptop & Accessory,1,Single,6,0,12.0,2.0,2.0,2.0,160.29,2.0,2.0,5,2,3,10,Potential Loyalists
52617,1,0.0,Mobile Phone,3,13.0,E wallet,Male,,3,Mobile Phone,4,Single,2,0,13.0,0.0,1.0,0.0,126.79,0.0,1.0,5,2,1,8,Potential Loyalists
52618,0,11.0,Mobile Phone,1,12.0,UPI,Female,2.0,4,Mobile Phone,3,Married,2,0,11.0,1.0,1.0,4.0,137.02,4.0,1.0,3,2,1,6,Potential Loyalists
52619,1,0.0,Mobile Phone,1,,Credit Card,Female,3.0,3,Mobile Phone,5,Married,2,1,17.0,0.0,1.0,0.0,123.98,0.0,1.0,5,2,1,8,Potential Loyalists
52620,0,4.0,Mobile Phone,3,35.0,E wallet,Female,3.0,4,Laptop & Accessory,1,Married,2,0,14.0,0.0,5.0,7.0,154.68,7.0,5.0,2,5,3,10,Loyal Customers
52621,0,24.0,Mobile Phone,1,9.0,Cash on Delivery,Female,2.0,3,Fashion,3,Married,3,0,11.0,2.0,2.0,,231.16000000000005,3.0,2.0,4,2,5,11,Potential Loyalists
52622,0,10.0,Mobile Phone,3,15.0,E wallet,Male,2.0,4,Laptop & Accessory,4,Married,2,0,14.0,1.0,1.0,3.0,141.89,3.0,1.0,4,2,2,8,Potential Loyalists
52623,0,19.0,Mobile Phone,1,8.0,Credit Card,Male,2.0,3,Others,1,Married,8,1,,2.0,2.0,2.0,293.28,2.0,2.0,5,2,5,12,Potential Loyalists
52624,0,9.0,Mobile Phone,1,16.0,Debit Card,Male,2.0,3,Fashion,5,Married,8,1,13.0,2.0,5.0,7.0,183.21,7.0,5.0,2,5,4,11,Loyal Customers
52625,1,7.0,Computer,1,,Credit Card,Male,3.0,3,Mobile Phone,4,Married,2,1,12.0,2.0,2.0,3.0,123.42,3.0,2.0,4,2,1,7,Potential Loyalists
52626,0,10.0,Mobile Phone,2,14.0,UPI,Male,2.0,3,Laptop & Accessory,4,Married,3,0,13.0,3.0,4.0,7.0,140.71,7.0,4.0,2,5,1,8,At Risk
52627,1,0.0,Mobile Phone,3,33.0,Debit Card,Male,2.0,3,Laptop & Accessory,1,Single,2,1,18.0,3.0,7.0,7.0,158.13,7.0,7.0,2,5,3,10,Loyal Customers
52628,0,6.0,Mobile Phone,1,14.0,Debit Card,Male,,1,Mobile Phone,5,Married,7,0,19.0,3.0,7.0,6.0,131.43,6.0,7.0,2,5,1,8,At Risk
52629,0,,Mobile Phone,1,7.0,Debit Card,Male,2.0,3,Mobile Phone,1,Married,2,0,11.0,0.0,1.0,3.0,120.44,3.0,1.0,4,2,1,7,Potential Loyalists
52630,0,12.0,Mobile Phone,1,16.0,Credit Card,Male,3.0,3,Fashion,3,Single,8,0,21.0,2.0,,2.0,234.64,2.0,2.0,5,2,5,12,Potential Loyalists
52631,0,19.0,Computer,3,32.0,Debit Card,Male,3.0,4,Laptop & Accessory,4,Single,9,0,15.0,1.0,2.0,2.0,179.91,2.0,2.0,5,2,4,11,Potential Loyalists
52632,0,13.0,Mobile Phone,1,8.0,Debit Card,Female,3.0,3,Mobile Phone,5,Married,5,0,17.0,1.0,1.0,2.0,133.77,2.0,1.0,5,2,1,8,Potential Loyalists
52633,0,15.0,Mobile Phone,1,19.0,Credit Card,Male,3.0,1,Laptop & Accessory,5,Married,6,0,18.0,1.0,1.0,0.0,155.38,0.0,1.0,5,2,3,10,Potential Loyalists
52634,0,8.0,Computer,1,8.0,Credit Card,Male,2.0,3,Laptop & Accessory,1,Married,3,0,14.0,1.0,1.0,7.0,157.62,7.0,1.0,2,2,3,7,At Risk
52635,0,11.0,Computer,2,,UPI,Male,3.0,3,Mobile Phone,4,Married,6,0,13.0,2.0,3.0,8.0,125.92,8.0,3.0,2,4,1,7,At Risk
52636,1,0.0,Computer,1,15.0,Debit Card,Male,3.0,3,Laptop & Accessory,5,Married,5,0,17.0,0.0,1.0,7.0,153.46,7.0,1.0,2,2,2,6,Hibernating
52637,1,0.0,Mobile Phone,1,16.0,Credit Card,Male,2.0,3,Laptop & Accessory,5,Single,2,0,15.0,0.0,1.0,8.0,142.13,8.0,1.0,2,2,2,6,Hibernating
52638,0,12.0,Computer,3,26.0,Debit Card,Male,2.0,3,Laptop & Accessory,1,Married,3,0,18.0,1.0,2.0,2.0,141.27,2.0,2.0,5,2,2,9,Potential Loyalists
52639,0,16.0,Computer,1,,Debit Card,Male,2.0,3,Mobile Phone,3,Single,5,0,13.0,1.0,1.0,2.0,124.38,2.0,1.0,5,2,1,8,Potential Loyalists
52640,0,14.0,Mobile Phone,1,11.0,Debit Card,Male,2.0,1,Laptop & Accessory,4,Single,4,0,12.0,0.0,1.0,2.0,168.7,2.0,1.0,5,2,3,10,Potential Loyalists
52641,0,14.0,Mobile Phone,3,10.0,E wallet,Female,2.0,3,Fashion,3,Married,1,1,13.0,5.0,13.0,5.0,204.47,5.0,13.0,2,5,4,11,Loyal Customers
52642,0,3.0,Mobile Phone,1,16.0,Credit Card,Female,3.0,3,Fashion,3,Single,10,0,14.0,0.0,1.0,2.0,196.67,2.0,1.0,5,2,4,11,Potential Loyalists
52643,1,,Mobile Phone,2,26.0,Credit Card,Female,3.0,3,Mobile Phone,4,Married,1,1,11.0,0.0,1.0,4.0,121.48,4.0,1.0,3,2,1,6,Potential Loyalists
52644,1,9.0,Mobile Phone,1,27.0,Credit Card,Female,3.0,3,Laptop & Accessory,4,Married,5,0,22.0,3.0,3.0,7.0,189.26,7.0,3.0,2,4,4,10,Loyal Customers
52645,0,13.0,Mobile Phone,1,7.0,Debit Card,Female,2.0,3,Laptop & Accessory,1,Married,5,0,17.0,0.0,1.0,3.0,165.13,3.0,1.0,4,2,3,9,Potential Loyalists
52646,0,7.0,Mobile Phone,3,14.0,Cash on Delivery,Male,3.0,1,Laptop & Accessory,3,Married,2,0,21.0,2.0,4.0,8.0,167.99,8.0,4.0,2,5,3,10,Loyal Customers
52647,0,30.0,Computer,3,8.0,Credit Card,Male,2.0,3,Grocery,4,Married,5,0,22.0,,14.0,14.0,262.91,14.0,14.0,1,5,5,11,Loyal Customers
52648,0,8.0,Mobile Phone,1,29.0,Credit Card,Male,,5,Mobile Phone,3,Married,1,0,16.0,0.0,1.0,3.0,127.05,3.0,1.0,4,2,1,7,Potential Loyalists
52649,0,20.0,Mobile Phone,1,10.0,Debit Card,Female,3.0,4,Fashion,4,Married,9,1,12.0,5.0,14.0,10.0,203.33,10.0,14.0,1,5,4,10,Loyal Customers
52650,0,13.0,Mobile Phone,1,18.0,Debit Card,Female,2.0,3,Laptop & Accessory,5,Married,3,0,12.0,1.0,7.0,7.0,144.48,7.0,7.0,2,5,2,9,At Risk
52651,0,27.0,Mobile Phone,1,13.0,Credit Card,Female,3.0,3,Laptop & Accessory,1,Married,5,0,15.0,1.0,1.0,7.0,168.54,7.0,1.0,2,2,3,7,At Risk
52652,0,4.0,Computer,3,13.0,E wallet,Female,3.0,3,Fashion,5,Married,3,0,14.0,2.0,2.0,2.0,196.37,2.0,2.0,5,2,4,11,Potential Loyalists
52653,0,1.0,Mobile Phone,1,7.0,Credit Card,Female,3.0,3,Mobile Phone,5,Married,2,0,25.0,1.0,1.0,2.0,135.91,2.0,1.0,5,2,1,8,Potential Loyalists
52654,0,11.0,Mobile Phone,3,8.0,E wallet,Female,3.0,5,Laptop & Accessory,1,Married,3,1,20.0,0.0,1.0,3.0,154.05,3.0,1.0,4,2,3,9,Potential Loyalists
52655,0,0.0,Mobile Phone,3,16.0,Credit Card,Male,2.0,3,Laptop & Accessory,1,Single,2,0,13.0,1.0,1.0,2.0,146.84,2.0,1.0,5,2,2,9,Potential Loyalists
52656,0,30.0,Computer,1,21.0,Debit Card,Male,2.0,3,Grocery,3,Married,3,1,14.0,2.0,,2.0,257.87,2.0,2.0,5,2,5,12,Potential Loyalists
52657,0,,Computer,1,20.0,Credit Card,Female,2.0,3,Mobile Phone,3,Single,2,0,16.0,1.0,1.0,0.0,115.14,0.0,1.0,5,2,1,8,Potential Loyalists
52658,1,0.0,Mobile Phone,2,24.0,UPI,Male,,1,Mobile Phone,5,Married,1,0,17.0,1.0,1.0,0.0,129.56,0.0,1.0,5,2,1,8,Potential Loyalists
52659,1,0.0,Mobile Phone,2,,UPI,Male,2.0,4,Mobile Phone,5,Married,5,1,15.0,2.0,2.0,0.0,123.35,0.0,2.0,5,2,1,8,Potential Loyalists
52660,0,18.0,Computer,3,8.0,Debit Card,Female,3.0,3,Laptop & Accessory,3,Married,5,0,22.0,3.0,5.0,7.0,151.54,7.0,5.0,2,5,2,9,At Risk
52661,0,9.0,Mobile Phone,1,8.0,UPI,Female,3.0,3,Laptop & Accessory,4,Married,5,1,22.0,1.0,1.0,0.0,169.62,0.0,1.0,5,2,3,10,Potential Loyalists
52662,0,16.0,Computer,3,8.0,Debit Card,Male,3.0,3,Laptop & Accessory,1,Married,2,0,20.0,7.0,7.0,7.0,156.75,7.0,7.0,2,5,3,10,Loyal Customers
52663,0,0.0,Computer,1,,Debit Card,Female,2.0,3,Mobile Phone,1,Single,1,1,14.0,1.0,1.0,2.0,123.79,2.0,1.0,5,2,1,8,Potential Loyalists
52664,0,2.0,Computer,1,26.0,Credit Card,Male,2.0,3,Mobile Phone,1,Married,2,0,13.0,1.0,3.0,10.0,138.12,10.0,3.0,1,4,1,6,At Risk
52665,0,5.0,Computer,3,16.0,E wallet,Male,3.0,3,Laptop & Accessory,1,Single,9,0,13.0,0.0,1.0,0.0,146.48,0.0,1.0,5,2,2,9,Potential Loyalists
52666,0,15.0,Computer,1,16.0,Cash on Delivery,Male,,3,Mobile Phone,3,Married,4,0,22.0,3.0,3.0,3.0,129.36,3.0,3.0,4,4,1,9,Potential Loyalists
52667,0,,Mobile Phone,1,15.0,Debit Card,Female,3.0,3,Mobile Phone,3,Single,5,0,12.0,0.0,2.0,0.0,121.05,0.0,2.0,5,2,1,8,Potential Loyalists
52668,0,19.0,Mobile Phone,1,8.0,Debit Card,Male,2.0,3,Fashion,1,Married,4,0,14.0,0.0,4.0,7.0,185.78,7.0,4.0,2,5,4,11,Loyal Customers
52669,0,1.0,Computer,2,7.0,Debit Card,Male,,3,Mobile Phone,1,Married,2,0,15.0,1.0,2.0,2.0,127.06,2.0,2.0,5,2,1,8,Potential Loyalists
52670,0,2.0,Mobile Phone,1,35.0,Debit Card,Male,3.0,5,Laptop & Accessory,3,Married,9,0,17.0,0.0,1.0,6.0,163.84,6.0,1.0,2,2,3,7,At Risk
52671,0,15.0,Mobile Phone,1,14.0,Debit Card,Male,2.0,3,Mobile Phone,3,Single,5,0,13.0,1.0,1.0,0.0,139.68,0.0,1.0,5,2,1,8,Potential Loyalists
52672,1,0.0,Mobile Phone,3,8.0,E wallet,Male,2.0,4,Laptop & Accessory,4,Single,8,1,12.0,1.0,2.0,2.0,199.07,2.0,2.0,5,2,4,11,Potential Loyalists
52673,0,19.0,Mobile Phone,3,9.0,Cash on Delivery,Female,2.0,1,Grocery,5,Married,3,0,12.0,2.0,,8.0,232.25,8.0,2.0,2,2,5,9,At Risk
52674,0,0.0,Mobile Phone,3,29.0,Credit Card,Female,2.0,4,Laptop & Accessory,3,Married,2,0,21.0,3.0,5.0,8.0,135.4,8.0,5.0,2,5,1,8,At Risk
52675,0,2.0,Mobile Phone,2,12.0,Credit Card,Male,,4,Mobile Phone,4,Married,2,0,11.0,1.0,1.0,0.0,128.04,0.0,1.0,5,2,1,8,Potential Loyalists
52676,0,16.0,Mobile Phone,1,12.0,Credit Card,Female,2.0,4,Others,3,Married,8,0,,6.0,6.0,14.0,293.92,14.0,6.0,1,5,5,11,Loyal Customers
52677,0,21.0,Mobile Phone,1,16.0,Debit Card,Male,3.0,4,Others,4,Married,5,0,,3.0,12.0,9.0,296.65,9.0,12.0,1,5,5,11,Loyal Customers
52678,1,0.0,Computer,1,,Debit Card,Male,3.0,4,Mobile Phone,1,Single,2,1,24.0,1.0,1.0,0.0,124.39,0.0,1.0,5,2,1,8,Potential Loyalists
52679,1,9.0,Mobile Phone,3,16.0,Debit Card,Female,3.0,3,Fashion,4,Married,6,0,21.0,1.0,1.0,7.0,173.14,7.0,1.0,2,2,4,8,At Risk
52680,0,0.0,Computer,1,21.0,Debit Card,Female,3.0,4,Mobile Phone,5,Married,1,0,19.0,0.0,7.0,3.0,147.74,3.0,7.0,4,5,2,11,Potential Loyalists
52681,0,12.0,Mobile Phone,1,25.0,UPI,Male,2.0,3,Laptop & Accessory,1,Married,9,0,14.0,0.0,2.0,2.0,139.02,2.0,2.0,5,2,1,8,Potential Loyalists
52682,0,28.0,Mobile Phone,1,8.0,Cash on Delivery,Male,,4,Mobile Phone,1,Married,9,0,20.0,1.0,1.0,4.0,126.62,4.0,1.0,3,2,1,6,Potential Loyalists
52683,0,1.0,Mobile Phone,3,9.0,Credit Card,Female,,3,Mobile Phone,4,Married,2,0,19.0,1.0,1.0,0.0,128.56,0.0,1.0,5,2,1,8,Potential Loyalists
52684,1,0.0,Mobile Phone,3,15.0,Credit Card,Male,2.0,3,Mobile Phone,1,Single,2,0,13.0,0.0,1.0,0.0,110.81,0.0,1.0,5,2,1,8,Potential Loyalists
52685,1,0.0,Mobile Phone,1,,Debit Card,Male,3.0,3,Mobile Phone,4,Single,2,1,23.0,1.0,1.0,0.0,124.72,0.0,1.0,5,2,1,8,Potential Loyalists
52686,0,9.0,Mobile Phone,3,16.0,Cash on Delivery,Female,3.0,4,Laptop & Accessory,3,Married,2,1,13.0,0.0,1.0,7.0,156.73,7.0,1.0,2,2,3,7,At Risk
52687,0,4.0,Mobile Phone,1,26.0,Debit Card,Male,2.0,3,Laptop & Accessory,3,Married,2,0,11.0,0.0,1.0,2.0,141.97,2.0,1.0,5,2,2,9,Potential Loyalists
52688,0,7.0,Mobile Phone,3,10.0,Debit Card,Male,3.0,3,Fashion,1,Married,3,1,13.0,0.0,1.0,0.0,197.13,0.0,1.0,5,2,4,11,Potential Loyalists
52689,0,,Mobile Phone,1,13.0,Debit Card,Male,2.0,3,Mobile Phone,5,Single,4,0,14.0,0.0,1.0,2.0,120.62,2.0,1.0,5,2,1,8,Potential Loyalists
52690,0,10.0,Mobile Phone,1,13.0,Credit Card,Male,3.0,3,Laptop & Accessory,5,Married,6,1,22.0,0.0,1.0,4.0,142.84,4.0,1.0,3,2,2,7,Potential Loyalists
52691,0,8.0,Mobile Phone,1,22.0,UPI,Female,2.0,4,Laptop & Accessory,4,Married,1,1,11.0,0.0,1.0,2.0,147.88,2.0,1.0,5,2,2,9,Potential Loyalists
52692,0,18.0,Mobile Phone,1,31.0,Debit Card,Female,3.0,4,Laptop & Accessory,1,Married,1,0,13.0,0.0,3.0,8.0,159.06,8.0,3.0,2,4,3,9,Loyal Customers
52693,0,9.0,Computer,2,8.0,UPI,Male,3.0,4,Laptop & Accessory,1,Single,2,0,21.0,1.0,1.0,8.0,138.86,8.0,1.0,2,2,1,5,Hibernating
52694,0,13.0,Mobile Phone,1,7.0,Debit Card,Male,3.0,3,Grocery,5,Married,3,0,11.0,,11.0,16.0,268.23,16.0,11.0,1,5,5,11,Loyal Customers
52695,0,0.0,Mobile Phone,1,7.0,Debit Card,Female,,4,Mobile Phone,3,Married,2,1,13.0,0.0,1.0,0.0,129.33,0.0,1.0,5,2,1,8,Potential Loyalists
52696,0,0.0,Mobile Phone,3,8.0,Credit Card,Female,2.0,1,Laptop & Accessory,3,Single,1,0,14.0,0.0,1.0,7.0,165.0,7.0,1.0,2,2,3,7,At Risk
52697,0,21.0,Computer,1,28.0,Credit Card,Female,2.0,3,Grocery,1,Married,4,0,11.0,,4.0,7.0,271.74,7.0,4.0,2,5,5,12,Loyal Customers
52698,0,17.0,Mobile Phone,1,7.0,Debit Card,Male,3.0,1,Laptop & Accessory,5,Married,3,0,15.0,1.0,2.0,2.0,150.33,2.0,2.0,5,2,2,9,Potential Loyalists
52699,1,,Computer,1,22.0,Cash on Delivery,Male,2.0,5,Mobile Phone,5,Married,2,1,23.0,0.0,3.0,0.0,123.07,0.0,3.0,5,4,1,10,Potential Loyalists
52700,1,19.0,Mobile Phone,1,,Debit Card,Male,3.0,3,Mobile Phone,1,Single,2,0,16.0,0.0,1.0,0.0,125.87,0.0,1.0,5,2,1,8,Potential Loyalists
52701,0,9.0,Mobile Phone,3,23.0,E wallet,Male,2.0,4,Laptop & Accessory,4,Married,3,0,16.0,1.0,1.0,3.0,155.07,3.0,1.0,4,2,3,9,Potential Loyalists
52702,0,14.0,Mobile Phone,3,14.0,E wallet,Female,2.0,3,Laptop & Accessory,4,Married,6,0,21.0,0.0,1.0,4.0,143.93,4.0,1.0,3,2,2,7,Potential Loyalists
52703,0,15.0,Mobile Phone,1,12.0,Credit Card,Male,2.0,3,Fashion,5,Married,10,0,13.0,5.0,,7.0,233.48,7.0,2.0,2,2,5,9,At Risk
52704,0,4.0,Mobile Phone,3,16.0,Credit Card,Female,2.0,3,Laptop & Accessory,1,Married,3,1,11.0,1.0,1.0,4.0,165.83,4.0,1.0,3,2,3,8,Potential Loyalists
52705,0,7.0,Mobile Phone,3,9.0,Credit Card,Female,3.0,4,Laptop & Accessory,1,Married,4,1,12.0,0.0,1.0,1.0,181.03,1.0,1.0,5,2,4,11,Potential Loyalists
52706,0,4.0,Mobile Phone,1,10.0,Credit Card,Female,3.0,1,Mobile Phone,3,Married,9,0,12.0,1.0,2.0,2.0,139.78,2.0,2.0,5,2,1,8,Potential Loyalists
52707,0,0.0,Computer,1,,UPI,Male,3.0,1,Mobile Phone,1,Married,1,0,18.0,2.0,7.0,7.0,125.44,7.0,7.0,2,5,1,8,At Risk
52708,0,18.0,Computer,1,7.0,Credit Card,Male,2.0,3,Laptop & Accessory,3,Single,5,0,12.0,0.0,1.0,3.0,153.99,3.0,1.0,4,2,3,9,Potential Loyalists
52709,0,6.0,Mobile Phone,3,16.0,E wallet,Male,2.0,3,Laptop & Accessory,3,Single,2,0,14.0,0.0,1.0,9.0,154.87,9.0,1.0,1,2,3,6,At Risk
52710,0,1.0,Computer,3,7.0,Debit Card,Male,2.0,4,Laptop & Accessory,1,Married,2,1,12.0,1.0,1.0,7.0,168.34,7.0,1.0,2,2,3,7,At Risk
52711,1,0.0,Computer,3,30.0,Cash on Delivery,Male,2.0,1,Mobile Phone,5,Single,2,0,17.0,0.0,1.0,0.0,110.91,0.0,1.0,5,2,1,8,Potential Loyalists
52712,0,12.0,Computer,3,27.0,Debit Card,Female,2.0,5,Laptop & Accessory,3,Married,7,0,19.0,0.0,1.0,2.0,157.36,2.0,1.0,5,2,3,10,Potential Loyalists
52713,0,,Mobile Phone,1,8.0,Cash on Delivery,Male,2.0,3,Mobile Phone,4,Married,2,0,11.0,0.0,1.0,2.0,122.26,2.0,1.0,5,2,1,8,Potential Loyalists
52714,0,7.0,Computer,1,28.0,UPI,Male,2.0,4,Laptop & Accessory,1,Married,2,1,15.0,3.0,6.0,11.0,157.47,11.0,6.0,1,5,3,9,Loyal Customers
52715,1,0.0,Mobile Phone,3,19.0,E wallet,Female,2.0,3,Laptop & Accessory,3,Single,4,1,11.0,0.0,2.0,2.0,198.54,2.0,2.0,5,2,4,11,Potential Loyalists
52716,0,20.0,Computer,1,20.0,Cash on Delivery,Male,3.0,3,Laptop & Accessory,4,Married,9,0,18.0,0.0,1.0,7.0,154.67,7.0,1.0,2,2,3,7,At Risk
52717,0,29.0,Mobile Phone,3,17.0,E wallet,Female,2.0,4,Laptop & Accessory,5,Married,5,0,16.0,0.0,1.0,0.0,153.8,0.0,1.0,5,2,3,10,Potential Loyalists
52718,0,12.0,Mobile Phone,1,15.0,Credit Card,Male,2.0,3,Laptop & Accessory,5,Married,2,0,25.0,0.0,7.0,9.0,151.51,9.0,7.0,1,5,2,8,At Risk
52719,0,,Computer,1,14.0,Credit Card,Female,2.0,4,Laptop & Accessory,4,Married,2,1,16.0,1.0,1.0,7.0,121.33,7.0,1.0,2,2,1,5,Hibernating
52720,0,60.0,Mobile Phone,3,27.0,Debit Card,Female,3.0,3,Grocery,1,Married,5,1,13.0,,1.0,0.0,278.75,0.0,1.0,5,2,5,12,Potential Loyalists
52721,1,0.0,Computer,1,,Debit Card,Female,2.0,1,Mobile Phone,3,Single,4,1,14.0,0.0,1.0,3.0,124.32,3.0,1.0,4,2,1,7,Potential Loyalists
52722,0,11.0,Mobile Phone,1,15.0,Debit Card,Male,3.0,3,Mobile Phone,1,Married,3,0,19.0,0.0,1.0,3.0,147.71,3.0,1.0,4,2,2,8,Potential Loyalists
52723,0,22.0,Computer,1,8.0,Debit Card,Male,2.0,3,Others,1,Married,4,0,15.0,,4.0,3.0,291.61,3.0,4.0,4,5,5,14,Champions
52724,0,15.0,Mobile Phone,3,18.0,E wallet,Male,3.0,3,Laptop & Accessory,1,Married,4,1,12.0,1.0,1.0,0.0,150.87,0.0,1.0,5,2,2,9,Potential Loyalists
52725,1,0.0,Computer,2,28.0,UPI,Female,,4,Mobile Phone,4,Married,2,0,12.0,1.0,1.0,0.0,128.63,0.0,1.0,5,2,1,8,Potential Loyalists
52726,0,8.0,Mobile Phone,3,24.0,Credit Card,Male,3.0,3,Laptop & Accessory,5,Married,1,0,16.0,1.0,1.0,4.0,155.61,4.0,1.0,3,2,3,8,Potential Loyalists
52727,0,,Computer,1,22.0,Credit Card,Male,2.0,3,Mobile Phone,3,Single,2,0,14.0,0.0,1.0,4.0,121.44,4.0,1.0,3,2,1,6,Potential Loyalists
52728,0,4.0,Computer,1,9.0,Credit Card,Male,,3,Mobile Phone,5,Married,2,1,13.0,2.0,2.0,3.0,130.65,3.0,2.0,4,2,1,7,Potential Loyalists
52729,0,9.0,Computer,1,15.0,Debit Card,Male,,1,Mobile Phone,4,Married,2,0,22.0,1.0,1.0,2.0,128.1,2.0,1.0,5,2,1,8,Potential Loyalists
52730,0,7.0,Mobile Phone,3,7.0,E wallet,Male,2.0,3,Fashion,1,Single,2,0,21.0,2.0,2.0,1.0,198.88,1.0,2.0,5,2,4,11,Potential Loyalists
52731,0,7.0,Mobile Phone,3,19.0,Credit Card,Male,2.0,3,Fashion,3,Married,2,0,18.0,0.0,1.0,1.0,186.28,1.0,1.0,5,2,4,11,Potential Loyalists
52732,0,0.0,Mobile Phone,1,7.0,Credit Card,Male,,3,Mobile Phone,5,Single,1,0,13.0,7.0,7.0,6.0,128.67,6.0,7.0,2,5,1,8,At Risk
52733,0,2.0,Mobile Phone,1,7.0,Debit Card,Male,2.0,3,Laptop & Accessory,5,Married,1,0,12.0,0.0,1.0,2.0,153.73,2.0,1.0,5,2,3,10,Potential Loyalists
52734,0,5.0,Computer,1,21.0,Credit Card,Female,2.0,3,Laptop & Accessory,1,Married,6,0,18.0,0.0,1.0,2.0,166.67,2.0,1.0,5,2,3,10,Potential Loyalists
52735,0,4.0,Computer,1,7.0,Debit Card,Male,2.0,5,Laptop & Accessory,5,Married,2,0,21.0,6.0,8.0,7.0,150.03,7.0,8.0,2,5,2,9,At Risk
52736,1,0.0,Mobile Phone,1,,Cash on Delivery,Male,2.0,4,Mobile Phone,1,Married,6,0,12.0,1.0,1.0,3.0,123.67,3.0,1.0,4,2,1,7,Potential Loyalists
52737,0,11.0,Mobile Phone,3,7.0,Debit Card,Male,,4,Mobile Phone,5,Single,5,0,14.0,1.0,1.0,0.0,128.58,0.0,1.0,5,2,1,8,Potential Loyalists
52738,0,8.0,Mobile Phone,3,13.0,Debit Card,Female,2.0,3,Laptop & Accessory,1,Married,2,1,11.0,1.0,1.0,9.0,152.04,9.0,1.0,1,2,2,5,Hibernating
52739,0,0.0,Mobile Phone,3,15.0,E wallet,Male,2.0,3,Laptop & Accessory,1,Single,2,0,14.0,1.0,1.0,7.0,141.05,7.0,1.0,2,2,2,6,Hibernating
52740,0,5.0,Mobile Phone,1,11.0,Debit Card,Male,2.0,4,Laptop & Accessory,1,Single,9,0,24.0,1.0,1.0,0.0,196.79,0.0,1.0,5,2,4,11,Potential Loyalists
52741,1,0.0,Computer,3,32.0,E wallet,Male,3.0,3,Laptop & Accessory,1,Married,2,1,11.0,0.0,1.0,8.0,156.17,8.0,1.0,2,2,3,7,At Risk
52742,1,16.0,Mobile Phone,3,30.0,Debit Card,Male,3.0,3,Fashion,5,Single,7,1,13.0,0.0,2.0,2.0,204.48,2.0,2.0,5,2,4,11,Potential Loyalists
52743,0,27.0,Mobile Phone,1,15.0,Debit Card,Female,,3,Laptop & Accessory,3,Married,4,0,11.0,1.0,2.0,3.0,128.97,3.0,2.0,4,2,1,7,Potential Loyalists
52744,0,6.0,Computer,1,13.0,Debit Card,Male,2.0,3,Laptop & Accessory,3,Married,2,0,20.0,0.0,2.0,8.0,159.68,8.0,2.0,2,2,3,7,At Risk
52745,0,16.0,Mobile Phone,1,17.0,Debit Card,Male,1.0,3,Fashion,3,Married,2,0,17.0,1.0,1.0,9.0,175.1,9.0,1.0,1,2,4,7,At Risk
52746,0,11.0,Computer,2,7.0,UPI,Male,,3,Mobile Phone,4,Married,1,1,11.0,0.0,1.0,2.0,129.91,2.0,1.0,5,2,1,8,Potential Loyalists
52747,0,28.0,Mobile Phone,2,32.0,UPI,Male,3.0,1,Others,4,Married,5,1,,1.0,1.0,4.0,296.36,4.0,1.0,3,2,5,10,Potential Loyalists
52748,0,4.0,Mobile Phone,1,8.0,Credit Card,Female,2.0,5,Mobile Phone,1,Married,2,1,11.0,0.0,1.0,0.0,111.29,0.0,1.0,5,2,1,8,Potential Loyalists
52749,0,12.0,Mobile Phone,3,21.0,E wallet,Male,3.0,3,Grocery,5,Single,1,0,12.0,4.0,,10.0,233.41000000000005,10.0,2.0,1,2,5,8,At Risk
52750,0,15.0,Computer,1,29.0,Debit Card,Male,2.0,4,Laptop & Accessory,3,Single,2,0,12.0,3.0,3.0,7.0,143.32,7.0,3.0,2,4,2,8,At Risk
52751,0,4.0,Computer,1,16.0,Credit Card,Female,2.0,3,Fashion,3,Married,5,0,20.0,3.0,4.0,,210.31,3.0,4.0,4,5,5,14,Champions
52752,0,27.0,Mobile Phone,1,16.0,Credit Card,Female,3.0,3,Laptop & Accessory,5,Single,7,1,19.0,0.0,1.0,4.0,144.4,4.0,1.0,3,2,2,7,Potential Loyalists
52753,0,0.0,Mobile Phone,1,7.0,Debit Card,Male,2.0,4,Laptop & Accessory,3,Single,2,0,12.0,1.0,1.0,2.0,146.17,2.0,1.0,5,2,2,9,Potential Loyalists
52754,0,0.0,Mobile Phone,1,,UPI,Male,3.0,3,Mobile Phone,1,Single,2,0,13.0,1.0,1.0,4.0,126.47,4.0,1.0,3,2,1,6,Potential Loyalists
52755,0,13.0,Computer,1,17.0,Cash on Delivery,Female,3.0,3,Laptop & Accessory,3,Married,2,0,11.0,7.0,9.0,4.0,163.23,4.0,9.0,3,5,3,11,Loyal Customers
52756,0,13.0,Mobile Phone,3,8.0,E wallet,Female,3.0,3,Laptop & Accessory,4,Married,4,0,14.0,1.0,5.0,10.0,156.77,10.0,5.0,1,5,3,9,Loyal Customers
52757,0,,Mobile Phone,2,8.0,UPI,Female,2.0,3,Mobile Phone,4,Married,5,0,14.0,0.0,1.0,2.0,121.87,2.0,1.0,5,2,1,8,Potential Loyalists
52758,0,3.0,Mobile Phone,1,7.0,Credit Card,Male,3.0,3,Mobile Phone,4,Married,2,0,13.0,1.0,1.0,7.0,137.48,7.0,1.0,2,2,1,5,Hibernating
52759,0,0.0,Mobile Phone,1,8.0,UPI,Male,2.0,3,Mobile Phone,3,Married,7,1,19.0,0.0,1.0,2.0,139.77,2.0,1.0,5,2,1,8,Potential Loyalists
52760,0,20.0,Mobile Phone,1,31.0,Credit Card,Male,2.0,3,Fashion,3,Single,3,0,23.0,9.0,12.0,11.0,186.33,11.0,12.0,1,5,4,10,Loyal Customers
52761,0,,Computer,1,7.0,Credit Card,Male,2.0,4,Mobile Phone,3,Married,2,0,12.0,0.0,1.0,0.0,120.08,0.0,1.0,5,2,1,8,Potential Loyalists
52762,0,11.0,Mobile Phone,3,7.0,Debit Card,Male,2.0,3,Laptop & Accessory,4,Married,1,0,15.0,1.0,5.0,8.0,144.4,8.0,5.0,2,5,2,9,At Risk
52763,0,4.0,Mobile Phone,3,8.0,Debit Card,Male,,3,Mobile Phone,3,Married,1,0,19.0,0.0,1.0,2.0,130.67,2.0,1.0,5,2,1,8,Potential Loyalists
52764,0,11.0,Computer,1,12.0,Debit Card,Male,3.0,4,Laptop & Accessory,3,Married,3,0,11.0,2.0,7.0,7.0,153.21,7.0,7.0,2,5,2,9,At Risk
52765,0,15.0,Mobile Phone,1,24.0,Debit Card,Male,2.0,3,Laptop & Accessory,5,Married,7,1,17.0,1.0,1.0,2.0,154.1,2.0,1.0,5,2,3,10,Potential Loyalists
52766,0,14.0,Mobile Phone,1,7.0,Debit Card,Male,,3,Mobile Phone,1,Married,4,0,22.0,0.0,1.0,0.0,127.82,0.0,1.0,5,2,1,8,Potential Loyalists
52767,0,20.0,Computer,1,7.0,Credit Card,Female,3.0,3,Fashion,4,Married,1,0,18.0,0.0,5.0,,219.57,3.0,5.0,4,5,5,14,Champions
52768,0,8.0,Mobile Phone,1,17.0,Credit Card,Male,2.0,3,Mobile Phone,3,Married,8,1,11.0,2.0,2.0,2.0,126.6,2.0,2.0,5,2,1,8,Potential Loyalists
52769,0,0.0,Mobile Phone,1,7.0,Debit Card,Male,3.0,3,Mobile Phone,3,Single,1,0,12.0,1.0,1.0,2.0,133.75,2.0,1.0,5,2,1,8,Potential Loyalists
52770,0,8.0,Mobile Phone,1,15.0,Credit Card,Male,2.0,3,Laptop & Accessory,3,Single,2,0,19.0,0.0,1.0,8.0,150.98,8.0,1.0,2,2,2,6,Hibernating
52771,0,6.0,Mobile Phone,1,21.0,Credit Card,Female,3.0,3,Laptop & Accessory,1,Married,1,1,13.0,6.0,8.0,1.0,148.78,1.0,8.0,5,5,2,12,Potential Loyalists
52772,0,5.0,Mobile Phone,1,35.0,Debit Card,Female,,4,Mobile Phone,4,Single,2,0,13.0,0.0,4.0,1.0,128.37,1.0,4.0,5,5,1,11,Potential Loyalists
52773,0,13.0,Mobile Phone,1,,Debit Card,Male,2.0,3,Mobile Phone,1,Married,9,0,19.0,1.0,1.0,0.0,124.06,0.0,1.0,5,2,1,8,Potential Loyalists
52774,0,,Mobile Phone,3,7.0,Credit Card,Male,3.0,4,Mobile Phone,4,Married,1,0,14.0,2.0,2.0,2.0,122.69,2.0,2.0,5,2,1,8,Potential Loyalists
52775,0,12.0,Mobile Phone,1,30.0,Debit Card,Male,2.0,3,Laptop & Accessory,1,Single,8,0,13.0,0.0,1.0,7.0,141.08,7.0,1.0,2,2,2,6,Hibernating
52776,0,11.0,Mobile Phone,1,16.0,Credit Card,Female,3.0,5,Fashion,3,Married,4,0,12.0,0.0,,11.0,232.06,11.0,2.0,1,2,5,8,At Risk
52777,0,5.0,Mobile Phone,3,7.0,E wallet,Female,2.0,3,Fashion,1,Married,2,0,19.0,0.0,5.0,7.0,204.22,7.0,5.0,2,5,4,11,Loyal Customers
52778,0,10.0,Mobile Phone,1,16.0,Debit Card,Female,2.0,1,Fashion,1,Married,2,1,25.0,5.0,,8.0,237.44,8.0,2.0,2,2,5,9,At Risk
52779,0,0.0,Mobile Phone,3,14.0,UPI,Female,2.0,3,Laptop & Accessory,3,Married,1,1,22.0,0.0,1.0,4.0,149.07,4.0,1.0,3,2,2,7,Potential Loyalists
52780,0,25.0,Computer,3,35.0,Debit Card,Male,2.0,3,Mobile Phone,1,Married,3,0,15.0,1.0,1.0,0.0,134.82,0.0,1.0,5,2,1,8,Potential Loyalists
52781,0,17.0,Mobile Phone,1,,Credit Card,Male,2.0,3,Mobile Phone,1,Single,7,1,12.0,1.0,1.0,2.0,124.36,2.0,1.0,5,2,1,8,Potential Loyalists
52782,0,0.0,Mobile Phone,3,,Credit Card,Male,2.0,3,Mobile Phone,5,Single,2,1,11.0,1.0,1.0,2.0,123.8,2.0,1.0,5,2,1,8,Potential Loyalists
52783,0,12.0,Computer,1,15.0,Debit Card,Male,2.0,3,Others,1,Single,3,0,,1.0,1.0,3.0,294.31,3.0,1.0,4,2,5,11,Potential Loyalists
52784,1,,Computer,3,15.0,E wallet,Male,2.0,3,Mobile Phone,5,Married,2,0,19.0,1.0,1.0,0.0,117.9,0.0,1.0,5,2,1,8,Potential Loyalists
52785,0,9.0,Mobile Phone,3,9.0,Credit Card,Female,3.0,4,Fashion,1,Married,1,0,19.0,0.0,3.0,4.0,176.44,4.0,3.0,3,4,4,11,Loyal Customers
52786,0,9.0,Computer,1,10.0,Debit Card,Female,3.0,3,Laptop & Accessory,4,Married,8,0,13.0,0.0,1.0,2.0,151.31,2.0,1.0,5,2,2,9,Potential Loyalists
52787,0,29.0,Computer,1,7.0,Debit Card,Male,2.0,3,Laptop & Accessory,3,Married,2,0,21.0,0.0,1.0,9.0,163.06,9.0,1.0,1,2,3,6,At Risk
52788,1,0.0,Mobile Phone,1,7.0,Credit Card,Male,2.0,3,Mobile Phone,1,Married,10,1,14.0,2.0,2.0,2.0,147.87,2.0,2.0,5,2,2,9,Potential Loyalists
52789,0,15.0,Mobile Phone,1,8.0,Debit Card,Male,2.0,3,Others,3,Married,6,0,11.0,,4.0,14.0,288.8,14.0,4.0,1,5,5,11,Loyal Customers
52790,1,19.0,Mobile Phone,1,,Cash on Delivery,Male,3.0,3,Mobile Phone,3,Married,9,0,11.0,6.0,9.0,8.0,123.39,8.0,9.0,2,5,1,8,At Risk
52791,0,14.0,Mobile Phone,1,34.0,Debit Card,Female,2.0,4,Grocery,4,Married,1,0,23.0,1.0,,10.0,235.7,10.0,2.0,1,2,5,8,At Risk
52792,0,7.0,Mobile Phone,3,34.0,E wallet,Female,3.0,4,Laptop & Accessory,3,Married,2,0,21.0,1.0,1.0,7.0,167.12,7.0,1.0,2,2,3,7,At Risk
52793,0,9.0,Computer,3,21.0,E wallet,Male,2.0,5,Laptop & Accessory,1,Married,2,0,24.0,5.0,11.0,11.0,154.06,11.0,11.0,1,5,3,9,Loyal Customers
52794,0,14.0,Mobile Phone,3,9.0,Debit Card,Male,2.0,4,Laptop & Accessory,4,Married,3,0,11.0,1.0,1.0,4.0,189.38,4.0,1.0,3,2,4,9,Potential Loyalists
52795,0,5.0,Mobile Phone,1,,Cash on Delivery,Male,3.0,3,Mobile Phone,5,Single,2,0,14.0,0.0,1.0,2.0,124.39,2.0,1.0,5,2,1,8,Potential Loyalists
52796,0,8.0,Mobile Phone,2,32.0,Debit Card,Female,2.0,3,Fashion,1,Single,2,1,16.0,1.0,1.0,7.0,188.37,7.0,1.0,2,2,4,8,At Risk
52797,0,11.0,Mobile Phone,3,16.0,Debit Card,Female,3.0,3,Laptop & Accessory,1,Married,2,0,11.0,0.0,1.0,9.0,153.43,9.0,1.0,1,2,2,5,Hibernating
52798,1,13.0,Computer,3,7.0,Debit Card,Male,3.0,3,Laptop & Accessory,3,Married,8,0,12.0,1.0,1.0,1.0,167.28,1.0,1.0,5,2,3,10,Potential Loyalists
52799,0,9.0,Mobile Phone,3,17.0,E wallet,Female,3.0,4,Laptop & Accessory,1,Married,5,0,13.0,1.0,1.0,0.0,166.52,0.0,1.0,5,2,3,10,Potential Loyalists
52800,0,18.0,Mobile Phone,3,26.0,Debit Card,Female,2.0,3,Laptop & Accessory,3,Single,9,0,15.0,0.0,1.0,1.0,148.5,1.0,1.0,5,2,2,9,Potential Loyalists
52801,0,13.0,Mobile Phone,1,8.0,Debit Card,Male,,4,Mobile Phone,3,Single,3,0,14.0,0.0,2.0,2.0,128.09,2.0,2.0,5,2,1,8,Potential Loyalists
52802,0,8.0,Computer,1,24.0,Debit Card,Male,3.0,3,Laptop & Accessory,3,Married,2,1,14.0,0.0,1.0,2.0,156.89,2.0,1.0,5,2,3,10,Potential Loyalists
52803,0,,Mobile Phone,1,8.0,Credit Card,Female,3.0,3,Mobile Phone,3,Married,3,0,14.0,0.0,1.0,2.0,120.01,2.0,1.0,5,2,1,8,Potential Loyalists
52804,0,8.0,Mobile Phone,1,7.0,Debit Card,Female,,5,Mobile Phone,1,Married,2,0,12.0,1.0,1.0,1.0,129.77,1.0,1.0,5,2,1,8,Potential Loyalists
52805,0,2.0,Mobile Phone,1,19.0,UPI,Male,2.0,4,Laptop & Accessory,4,Married,5,1,13.0,0.0,1.0,3.0,140.25,3.0,1.0,4,2,1,7,Potential Loyalists
52806,0,2.0,Mobile Phone,1,34.0,Credit Card,Female,3.0,4,Mobile Phone,5,Single,2,0,14.0,0.0,1.0,4.0,137.85,4.0,1.0,3,2,1,6,Potential Loyalists
52807,1,13.0,Mobile Phone,3,34.0,E wallet,Male,2.0,4,Fashion,5,Married,5,1,13.0,2.0,2.0,0.0,208.54,0.0,2.0,5,2,4,11,Potential Loyalists
52808,0,12.0,Mobile Phone,3,30.0,E wallet,Female,2.0,4,Grocery,1,Married,1,0,11.0,3.0,9.0,,220.31,3.0,9.0,4,5,5,14,Champions
52809,0,4.0,Computer,1,11.0,Credit Card,Male,3.0,3,Laptop & Accessory,5,Single,1,0,19.0,1.0,1.0,7.0,199.36,7.0,1.0,2,2,4,8,At Risk
52810,0,0.0,Mobile Phone,3,11.0,UPI,Female,,4,Mobile Phone,3,Single,1,0,18.0,1.0,1.0,0.0,129.66,0.0,1.0,5,2,1,8,Potential Loyalists
52811,0,9.0,Computer,1,,Credit Card,Male,2.0,1,Laptop & Accessory,1,Married,5,0,17.0,0.0,1.0,3.0,125.71,3.0,1.0,4,2,1,7,Potential Loyalists
52812,0,12.0,Mobile Phone,1,12.0,Credit Card,Male,2.0,4,Fashion,5,Married,5,0,15.0,0.0,1.0,7.0,199.91,7.0,1.0,2,2,4,8,At Risk
52813,0,0.0,Mobile Phone,1,10.0,Debit Card,Male,2.0,1,Laptop & Accessory,4,Married,2,1,20.0,0.0,1.0,3.0,161.42,3.0,1.0,4,2,3,9,Potential Loyalists
52814,0,22.0,Computer,3,8.0,Credit Card,Male,3.0,4,Laptop & Accessory,4,Married,3,0,14.0,1.0,1.0,8.0,153.9,8.0,1.0,2,2,3,7,At Risk
52815,0,7.0,Mobile Phone,1,14.0,Credit Card,Male,2.0,1,Laptop & Accessory,3,Married,3,0,12.0,1.0,1.0,2.0,144.04,2.0,1.0,5,2,2,9,Potential Loyalists
52816,1,5.0,Mobile Phone,3,7.0,Debit Card,Female,4.0,4,Laptop & Accessory,2,Single,10,1,12.0,2.0,2.0,6.0,184.93,6.0,2.0,2,2,4,8,At Risk
52817,1,1.0,Mobile Phone,1,9.0,UPI,Male,4.0,5,Mobile Phone,3,Single,8,1,16.0,1.0,2.0,1.0,145.9,1.0,2.0,5,2,2,9,Potential Loyalists
52818,1,1.0,Mobile Phone,1,31.0,Debit Card,Male,3.0,5,Mobile Phone,3,Single,7,1,15.0,1.0,2.0,4.0,145.28,4.0,2.0,3,2,2,7,Potential Loyalists
52819,1,1.0,Mobile Phone,3,16.0,Debit Card,Male,3.0,5,Laptop & Accessory,5,Single,9,0,24.0,1.0,2.0,4.0,159.07,4.0,2.0,3,2,3,8,Potential Loyalists
52820,1,1.0,Mobile Phone,1,13.0,Credit Card,Male,3.0,4,Mobile Phone,5,Single,4,0,12.0,2.0,2.0,4.0,154.6,4.0,2.0,3,2,3,8,Potential Loyalists
52821,1,1.0,Computer,1,23.0,Debit Card,Female,4.0,6,Mobile Phone,5,Single,3,1,23.0,5.0,7.0,8.0,164.19,8.0,7.0,2,5,3,10,Loyal Customers
52822,1,3.0,Mobile Phone,3,12.0,Cash on Delivery,Male,3.0,4,Laptop & Accessory,2,Divorced,5,0,15.0,1.0,2.0,1.0,145.86,1.0,2.0,5,2,2,9,Potential Loyalists
52823,1,1.0,Mobile Phone,1,7.0,Credit Card,Male,4.0,4,Mobile Phone,2,Divorced,4,1,17.0,3.0,3.0,1.0,147.93,1.0,3.0,5,4,2,11,Potential Loyalists
52824,1,14.0,Mobile Phone,3,10.0,E wallet,Male,3.0,5,Mobile Phone,3,Divorced,3,1,15.0,1.0,2.0,3.0,151.83,3.0,2.0,4,2,2,8,Potential Loyalists
52825,1,1.0,Mobile Phone,1,32.0,Debit Card,Male,3.0,6,Mobile Phone,3,Single,3,0,13.0,2.0,2.0,2.0,147.93,2.0,2.0,5,2,2,9,Potential Loyalists
52826,1,5.0,Mobile Phone,1,19.0,Cash on Delivery,Female,3.0,4,Others,3,Divorced,3,0,,10.0,16.0,9.0,320.45,9.0,16.0,1,5,5,11,Loyal Customers
52827,1,12.0,Mobile Phone,1,7.0,Debit Card,Male,4.0,5,Fashion,3,Single,11,1,14.0,1.0,2.0,1.0,178.81,1.0,2.0,5,2,4,11,Potential Loyalists
52828,1,1.0,Mobile Phone,1,12.0,Cash on Delivery,Male,3.0,4,Mobile Phone,3,Single,3,1,14.0,3.0,3.0,3.0,159.41,3.0,3.0,4,4,3,11,Loyal Customers
52829,1,1.0,Mobile Phone,1,16.0,Credit Card,Male,4.0,5,Mobile Phone,3,Divorced,2,1,18.0,1.0,2.0,1.0,158.88,1.0,2.0,5,2,3,10,Potential Loyalists
52830,1,10.0,Mobile Phone,3,16.0,Credit Card,Male,4.0,5,Fashion,2,Single,3,0,17.0,1.0,5.0,,221.19,3.0,5.0,4,5,5,14,Champions
52831,1,1.0,Mobile Phone,2,13.0,UPI,Male,4.0,4,Mobile Phone,5,Married,6,1,23.0,2.0,2.0,3.0,145.73,3.0,2.0,4,2,2,8,Potential Loyalists
52832,1,1.0,Computer,1,13.0,Debit Card,Female,4.0,5,Mobile Phone,2,Single,3,1,19.0,2.0,2.0,1.0,154.26,1.0,2.0,5,2,3,10,Potential Loyalists
52833,1,1.0,Mobile Phone,3,12.0,E wallet,Male,3.0,5,Laptop & Accessory,3,Single,3,1,12.0,2.0,2.0,4.0,182.44,4.0,2.0,3,2,4,9,Potential Loyalists
52834,1,1.0,Computer,1,14.0,Debit Card,Male,4.0,6,Laptop & Accessory,3,Single,3,1,25.0,2.0,2.0,7.0,185.74,7.0,2.0,2,2,4,8,At Risk
52835,1,20.0,Mobile Phone,1,21.0,Debit Card,Female,4.0,4,Mobile Phone,4,Divorced,11,1,19.0,2.0,5.0,4.0,174.63,4.0,5.0,3,5,4,12,Loyal Customers
52836,1,1.0,Mobile Phone,3,13.0,Debit Card,Male,4.0,6,Laptop & Accessory,3,Divorced,6,1,19.0,7.0,8.0,8.0,186.72,8.0,8.0,2,5,4,11,Loyal Customers
52837,1,21.0,Mobile Phone,1,30.0,Credit Card,Female,4.0,4,Fashion,2,Divorced,3,0,13.0,12.0,16.0,,228.12,3.0,16.0,4,5,5,14,Champions
52838,1,1.0,Mobile Phone,3,29.0,E wallet,Male,3.0,4,Mobile Phone,3,Single,3,1,20.0,1.0,2.0,1.0,141.75,1.0,2.0,5,2,2,9,Potential Loyalists
52839,1,1.0,Mobile Phone,3,27.0,Debit Card,Female,4.0,6,Laptop & Accessory,3,Divorced,5,1,12.0,2.0,3.0,3.0,170.59,3.0,3.0,4,4,3,11,Loyal Customers
52840,1,15.0,Computer,1,15.0,Debit Card,Male,3.0,6,Fashion,2,Single,4,0,16.0,1.0,2.0,4.0,231.5,4.0,2.0,3,2,5,10,Potential Loyalists
52841,1,1.0,Mobile Phone,1,16.0,Credit Card,Female,3.0,4,Mobile Phone,5,Single,9,0,23.0,2.0,2.0,5.0,167.0,5.0,2.0,2,2,3,7,At Risk
52842,0,9.0,Mobile Phone,3,7.0,E wallet,Male,4.0,4,Fashion,4,Divorced,3,0,14.0,2.0,2.0,7.0,197.95,7.0,2.0,2,2,4,8,At Risk
52843,0,27.0,Mobile Phone,3,13.0,E wallet,Male,3.0,4,Laptop & Accessory,3,Divorced,4,1,21.0,1.0,5.0,6.0,148.06,6.0,5.0,2,5,2,9,At Risk
52844,0,19.0,Mobile Phone,1,16.0,Debit Card,Male,3.0,4,Laptop & Accessory,4,Married,10,0,19.0,2.0,2.0,16.0,148.48,16.0,2.0,1,2,2,5,Hibernating
52845,0,6.0,Computer,3,15.0,E wallet,Female,3.0,4,Fashion,2,Single,3,0,15.0,3.0,4.0,,214.98,3.0,4.0,4,5,5,14,Champions
52846,0,3.0,Computer,1,7.0,Cash on Delivery,Male,3.0,4,Laptop & Accessory,3,Divorced,3,0,14.0,1.0,2.0,10.0,168.19,10.0,2.0,1,2,3,6,At Risk
52847,0,1.0,Mobile Phone,1,14.0,Credit Card,Male,3.0,5,Laptop & Accessory,3,Divorced,4,0,18.0,2.0,2.0,1.0,186.32,1.0,2.0,5,2,4,11,Potential Loyalists
52848,0,31.0,Mobile Phone,1,16.0,Credit Card,Female,4.0,5,Mobile Phone,4,Divorced,6,1,21.0,2.0,2.0,1.0,158.46,1.0,2.0,5,2,3,10,Potential Loyalists
52849,0,14.0,Mobile Phone,3,11.0,E wallet,Male,4.0,5,Fashion,2,Divorced,9,0,12.0,3.0,,12.0,233.55,12.0,2.0,1,2,5,8,At Risk
52850,0,8.0,Computer,3,9.0,E wallet,Female,4.0,4,Mobile Phone,3,Divorced,8,0,19.0,2.0,2.0,3.0,147.31,3.0,2.0,4,2,2,8,Potential Loyalists
52851,0,1.0,Mobile Phone,1,26.0,Credit Card,Male,4.0,4,Mobile Phone,2,Divorced,3,0,25.0,1.0,3.0,3.0,148.23,3.0,3.0,4,4,2,10,Potential Loyalists
52852,0,1.0,Computer,1,16.0,Credit Card,Male,3.0,4,Mobile Phone,4,Married,8,0,19.0,1.0,3.0,3.0,145.24,3.0,3.0,4,4,2,10,Potential Loyalists
52853,0,2.0,Mobile Phone,1,28.0,Credit Card,Male,3.0,4,Mobile Phone,2,Divorced,3,0,12.0,1.0,2.0,3.0,152.13,3.0,2.0,4,2,2,8,Potential Loyalists
52854,0,31.0,Mobile Phone,1,31.0,Debit Card,Male,3.0,3,Fashion,2,Married,5,1,17.0,2.0,2.0,,219.39,3.0,2.0,4,2,5,11,Potential Loyalists
52855,0,1.0,Computer,1,10.0,Credit Card,Male,4.0,5,Mobile Phone,3,Married,3,1,16.0,1.0,2.0,2.0,150.66,2.0,2.0,5,2,2,9,Potential Loyalists
52856,0,24.0,Mobile Phone,1,18.0,Debit Card,Female,3.0,4,Others,4,Single,5,0,16.0,3.0,5.0,5.0,324.26,5.0,5.0,2,5,5,12,Loyal Customers
52857,0,15.0,Mobile Phone,1,21.0,Debit Card,Male,3.0,4,Mobile Phone,3,Married,6,0,13.0,2.0,2.0,9.0,149.51,9.0,2.0,1,2,2,5,Hibernating
52858,0,4.0,Mobile Phone,3,12.0,Debit Card,Female,3.0,4,Fashion,2,Divorced,4,0,13.0,3.0,8.0,,219.19,3.0,8.0,4,5,5,14,Champions
52859,0,12.0,Mobile Phone,3,7.0,Debit Card,Female,3.0,5,Laptop & Accessory,2,Single,6,0,23.0,2.0,2.0,,211.86,3.0,2.0,4,2,5,11,Potential Loyalists
52860,0,6.0,Mobile Phone,1,13.0,Debit Card,Male,3.0,4,Mobile Phone,3,Single,5,0,21.0,1.0,2.0,5.0,155.38,5.0,2.0,2,2,3,7,At Risk
52861,0,1.0,Mobile Phone,1,24.0,Cash on Delivery,Male,3.0,4,Mobile Phone,4,Divorced,2,1,17.0,2.0,2.0,2.0,155.58,2.0,2.0,5,2,3,10,Potential Loyalists
52862,1,1.0,Computer,3,7.0,Cash on Delivery,Female,4.0,6,Mobile Phone,5,Single,2,0,22.0,2.0,2.0,1.0,148.25,1.0,2.0,5,2,2,9,Potential Loyalists
52863,0,10.0,Computer,1,10.0,Credit Card,Male,2.0,4,Mobile Phone,4,Single,6,0,13.0,5.0,8.0,3.0,145.88,3.0,8.0,4,5,2,11,Potential Loyalists
52864,0,4.0,Computer,1,16.0,Credit Card,Male,4.0,4,Laptop & Accessory,5,Married,3,0,12.0,1.0,7.0,11.0,155.72,11.0,7.0,1,5,3,9,Loyal Customers
52865,0,19.0,Mobile Phone,3,11.0,Debit Card,Female,2.0,4,Laptop & Accessory,5,Married,6,1,12.0,1.0,2.0,4.0,175.06,4.0,2.0,3,2,4,9,Potential Loyalists
52866,0,30.0,Mobile Phone,1,15.0,Debit Card,Female,4.0,4,Mobile Phone,5,Married,6,1,19.0,2.0,3.0,3.0,167.57,3.0,3.0,4,4,3,11,Loyal Customers
52867,0,7.0,Mobile Phone,1,9.0,Debit Card,Male,3.0,4,Mobile Phone,2,Single,2,0,15.0,1.0,2.0,3.0,150.0,3.0,2.0,4,2,2,8,Potential Loyalists
52868,1,1.0,Mobile Phone,1,9.0,Debit Card,Male,3.0,5,Mobile Phone,2,Single,3,0,23.0,1.0,2.0,1.0,136.02,1.0,2.0,5,2,1,8,Potential Loyalists
52869,0,20.0,Mobile Phone,3,7.0,E wallet,Female,4.0,4,Fashion,5,Married,3,0,26.0,5.0,16.0,,229.53,3.0,16.0,4,5,5,14,Champions
52870,0,12.0,Mobile Phone,1,16.0,Debit Card,Female,4.0,4,Mobile Phone,2,Single,3,0,13.0,2.0,3.0,2.0,147.88,2.0,3.0,5,4,2,11,Potential Loyalists
52871,0,5.0,Mobile Phone,1,19.0,Credit Card,Female,4.0,4,Mobile Phone,2,Divorced,10,1,24.0,2.0,2.0,3.0,164.29,3.0,2.0,4,2,3,9,Potential Loyalists
52872,0,8.0,Mobile Phone,1,34.0,Credit Card,Female,4.0,4,Mobile Phone,4,Single,4,0,16.0,2.0,2.0,3.0,148.11,3.0,2.0,4,2,2,8,Potential Loyalists
52873,1,5.0,Mobile Phone,3,27.0,E wallet,Female,4.0,4,Mobile Phone,4,Single,3,1,23.0,1.0,2.0,3.0,156.4,3.0,2.0,4,2,3,9,Potential Loyalists
52874,0,24.0,Mobile Phone,1,7.0,Credit Card,Male,3.0,5,Mobile Phone,3,Divorced,4,0,16.0,1.0,2.0,3.0,161.9,3.0,2.0,4,2,3,9,Potential Loyalists
52875,0,27.0,Mobile Phone,1,20.0,Credit Card,Female,3.0,3,Laptop & Accessory,5,Married,3,0,12.0,2.0,2.0,4.0,169.5,4.0,2.0,3,2,3,8,Potential Loyalists
52876,0,7.0,Mobile Phone,1,21.0,Credit Card,Female,4.0,4,Mobile Phone,4,Divorced,3,0,14.0,1.0,2.0,7.0,152.56,7.0,2.0,2,2,2,6,Hibernating
52877,0,14.0,Mobile Phone,1,11.0,Credit Card,Female,3.0,4,Others,3,Divorced,3,0,,1.0,10.0,10.0,315.33,10.0,10.0,1,5,5,11,Loyal Customers
52878,0,29.0,Mobile Phone,1,21.0,Credit Card,Male,4.0,3,Others,4,Single,10,0,,1.0,3.0,16.0,312.22,16.0,3.0,1,4,5,10,Loyal Customers
52879,0,8.0,Computer,1,9.0,Debit Card,Male,3.0,5,Laptop & Accessory,3,Divorced,3,0,18.0,1.0,2.0,,220.47,3.0,2.0,4,2,5,11,Potential Loyalists
52880,0,25.0,Mobile Phone,1,10.0,Credit Card,Female,4.0,4,Grocery,4,Single,5,0,19.0,,2.0,1.0,262.34,1.0,2.0,5,2,5,12,Potential Loyalists
52881,0,26.0,Mobile Phone,1,7.0,Debit Card,Male,4.0,5,Others,3,Divorced,2,0,15.0,2.0,12.0,10.0,324.99,10.0,12.0,1,5,5,11,Loyal Customers
52882,0,1.0,Mobile Phone,1,16.0,Credit Card,Female,3.0,4,Mobile Phone,4,Single,3,0,17.0,2.0,2.0,4.0,147.79,4.0,2.0,3,2,2,7,Potential Loyalists
52883,1,1.0,Mobile Phone,1,30.0,Debit Card,Male,3.0,5,Laptop & Accessory,3,Divorced,5,1,14.0,2.0,2.0,2.0,184.16,2.0,2.0,5,2,4,11,Potential Loyalists
52884,0,17.0,Computer,1,14.0,Credit Card,Male,3.0,3,Mobile Phone,2,Married,6,0,15.0,1.0,3.0,3.0,145.89,3.0,3.0,4,4,2,10,Potential Loyalists
52885,0,19.0,Computer,1,9.0,Credit Card,Male,4.0,5,Grocery,2,Divorced,11,0,,10.0,12.0,9.0,292.92,9.0,12.0,1,5,5,11,Loyal Customers
52886,0,11.0,Mobile Phone,1,28.0,Debit Card,Male,4.0,3,Mobile Phone,5,Divorced,3,1,13.0,1.0,2.0,8.0,160.64,8.0,2.0,2,2,3,7,At Risk
52887,0,9.0,Computer,1,9.0,Credit Card,Female,3.0,4,Laptop & Accessory,4,Single,7,0,12.0,2.0,2.0,3.0,169.25,3.0,2.0,4,2,3,9,Potential Loyalists
52888,0,16.0,Computer,1,28.0,Credit Card,Female,3.0,4,Laptop & Accessory,3,Married,4,0,17.0,1.0,2.0,3.0,177.65,3.0,2.0,4,2,4,10,Potential Loyalists
52889,0,12.0,Mobile Phone,1,9.0,Debit Card,Male,3.0,4,Laptop & Accessory,3,Divorced,11,0,15.0,1.0,2.0,1.0,190.53,1.0,2.0,5,2,4,11,Potential Loyalists
52890,0,12.0,Mobile Phone,1,36.0,Cash on Delivery,Male,3.0,4,Laptop & Accessory,2,Divorced,5,0,19.0,1.0,2.0,8.0,187.61,8.0,2.0,2,2,4,8,At Risk
52891,0,1.0,Computer,1,7.0,Cash on Delivery,Male,3.0,5,Laptop & Accessory,5,Divorced,7,0,20.0,1.0,3.0,1.0,167.98,1.0,3.0,5,4,3,12,Loyal Customers
52892,0,23.0,Computer,1,25.0,Debit Card,Male,4.0,4,Laptop & Accessory,2,Married,3,1,16.0,1.0,2.0,8.0,193.04,8.0,2.0,2,2,4,8,At Risk
52893,0,8.0,Computer,1,17.0,Credit Card,Male,3.0,4,Mobile Phone,3,Married,3,1,18.0,3.0,3.0,1.0,163.15,1.0,3.0,5,4,3,12,Loyal Customers
52894,0,14.0,Mobile Phone,1,26.0,Credit Card,Male,3.0,4,Laptop & Accessory,2,Divorced,10,1,16.0,2.0,4.0,8.0,152.41,8.0,4.0,2,5,2,9,At Risk
52895,1,2.0,Mobile Phone,1,36.0,Credit Card,Male,4.0,4,Laptop & Accessory,5,Divorced,9,1,20.0,1.0,2.0,1.0,191.73,1.0,2.0,5,2,4,11,Potential Loyalists
52896,1,1.0,Mobile Phone,3,34.0,E wallet,Female,3.0,4,Fashion,2,Divorced,3,0,23.0,2.0,2.0,10.0,201.39,10.0,2.0,1,2,4,7,At Risk
52897,0,1.0,Mobile Phone,1,12.0,Debit Card,Male,3.0,3,Mobile Phone,4,Married,3,1,17.0,1.0,3.0,3.0,148.28,3.0,3.0,4,4,2,10,Potential Loyalists
52898,0,10.0,Computer,1,25.0,Credit Card,Female,4.0,4,Mobile Phone,2,Single,3,0,14.0,2.0,2.0,8.0,146.53,8.0,2.0,2,2,2,6,Hibernating
52899,0,14.0,Computer,1,16.0,Debit Card,Male,4.0,5,Laptop & Accessory,2,Divorced,11,0,15.0,2.0,2.0,3.0,173.76,3.0,2.0,4,2,4,10,Potential Loyalists
52900,0,20.0,Mobile Phone,1,7.0,Credit Card,Male,4.0,4,Fashion,5,Married,9,0,17.0,1.0,2.0,,218.96,3.0,2.0,4,2,5,11,Potential Loyalists
52901,1,1.0,Mobile Phone,3,11.0,Credit Card,Male,3.0,6,Fashion,2,Divorced,3,0,12.0,8.0,10.0,,229.0,3.0,10.0,4,5,5,14,Champions
52902,0,4.0,Computer,1,7.0,Debit Card,Male,3.0,5,Fashion,3,Single,3,0,23.0,3.0,6.0,,209.74,3.0,6.0,4,5,5,14,Champions
52903,0,1.0,Computer,3,27.0,Debit Card,Female,3.0,4,Laptop & Accessory,3,Single,3,0,15.0,2.0,2.0,,224.81,3.0,2.0,4,2,5,11,Potential Loyalists
52904,0,25.0,Mobile Phone,1,15.0,Debit Card,Male,3.0,5,Fashion,4,Divorced,7,0,17.0,2.0,,8.0,249.9,8.0,2.0,2,2,5,9,At Risk
52905,1,1.0,Mobile Phone,1,10.0,Cash on Delivery,Female,3.0,4,Mobile Phone,5,Single,7,1,12.0,2.0,2.0,5.0,151.57,5.0,2.0,2,2,2,6,Hibernating
52906,0,15.0,Mobile Phone,3,13.0,Debit Card,Female,4.0,4,Fashion,2,Single,5,1,19.0,1.0,2.0,1.0,260.91,1.0,2.0,5,2,5,12,Potential Loyalists
52907,1,1.0,Computer,3,33.0,E wallet,Female,3.0,5,Laptop & Accessory,5,Single,7,0,16.0,1.0,2.0,2.0,191.96,2.0,2.0,5,2,4,11,Potential Loyalists
52908,1,1.0,Mobile Phone,1,7.0,Cash on Delivery,Male,3.0,4,Mobile Phone,3,Single,2,0,15.0,1.0,2.0,6.0,145.58,6.0,2.0,2,2,2,6,Hibernating
52909,0,19.0,Computer,3,13.0,Credit Card,Female,3.0,5,Fashion,2,Single,8,0,13.0,13.0,13.0,,213.65,3.0,13.0,4,5,5,14,Champions
52910,0,28.0,Mobile Phone,3,10.0,E wallet,Female,3.0,4,Laptop & Accessory,5,Divorced,4,0,15.0,2.0,2.0,6.0,184.4,6.0,2.0,2,2,4,8,At Risk
52911,0,10.0,Mobile Phone,1,12.0,Debit Card,Male,4.0,4,Laptop & Accessory,4,Single,10,0,17.0,1.0,4.0,8.0,184.14,8.0,4.0,2,5,4,11,Loyal Customers
52912,0,7.0,Mobile Phone,1,11.0,Credit Card,Female,3.0,5,Mobile Phone,4,Divorced,8,0,22.0,1.0,2.0,2.0,151.22,2.0,2.0,5,2,2,9,Potential Loyalists
52913,0,11.0,Computer,1,18.0,UPI,Male,3.0,4,Fashion,2,Married,3,1,15.0,1.0,,8.0,246.85,8.0,2.0,2,2,5,9,At Risk
52914,0,12.0,Mobile Phone,3,10.0,Debit Card,Male,4.0,4,Fashion,3,Married,2,0,13.0,2.0,6.0,,231.09,3.0,6.0,4,5,5,14,Champions
52915,0,5.0,Computer,1,7.0,Credit Card,Male,3.0,6,Laptop & Accessory,3,Divorced,2,0,13.0,2.0,2.0,5.0,168.45,5.0,2.0,2,2,3,7,At Risk
52916,0,31.0,Mobile Phone,1,10.0,Debit Card,Male,4.0,5,Mobile Phone,2,Divorced,5,0,18.0,1.0,2.0,1.0,146.77,1.0,2.0,5,2,2,9,Potential Loyalists
52917,0,11.0,Computer,3,11.0,E wallet,Male,3.0,4,Mobile Phone,2,Married,6,0,18.0,2.0,6.0,9.0,25.0,9.0,6.0,1,5,1,7,At Risk
52918,0,3.0,Computer,3,7.0,Credit Card,Female,3.0,4,Fashion,2,Divorced,3,0,15.0,5.0,5.0,2.0,204.18,2.0,5.0,5,5,4,14,Champions
52919,0,9.0,Computer,3,7.0,E wallet,Female,4.0,4,Fashion,3,Single,3,0,15.0,2.0,2.0,,212.89,3.0,2.0,4,2,5,11,Potential Loyalists
52920,1,1.0,Mobile Phone,1,25.0,Credit Card,Male,3.0,5,Mobile Phone,2,Single,3,1,14.0,1.0,2.0,2.0,148.89,2.0,2.0,5,2,2,9,Potential Loyalists
52921,0,26.0,Mobile Phone,1,9.0,Debit Card,Female,3.0,5,Mobile Phone,2,Single,9,0,16.0,1.0,3.0,3.0,157.12,3.0,3.0,4,4,3,11,Loyal Customers
52922,0,16.0,Mobile Phone,1,11.0,Cash on Delivery,Male,3.0,4,Others,2,Divorced,3,0,,1.0,12.0,16.0,317.32,16.0,12.0,1,5,5,11,Loyal Customers
52923,0,31.0,Mobile Phone,2,13.0,Credit Card,Male,3.0,4,Mobile Phone,3,Divorced,10,0,18.0,3.0,3.0,3.0,147.67,3.0,3.0,4,4,2,10,Potential Loyalists
52924,0,24.0,Mobile Phone,3,7.0,Credit Card,Female,4.0,4,Others,2,Married,5,0,,2.0,2.0,7.0,320.17,7.0,2.0,2,2,5,9,At Risk
52925,1,1.0,Mobile Phone,1,21.0,Credit Card,Male,3.0,4,Mobile Phone,2,Divorced,7,1,14.0,1.0,2.0,5.0,149.36,5.0,2.0,2,2,2,6,Hibernating
52926,0,17.0,Mobile Phone,3,23.0,E wallet,Female,4.0,4,Grocery,2,Divorced,7,1,23.0,,2.0,10.0,285.64,10.0,2.0,1,2,5,8,At Risk
52927,1,1.0,Mobile Phone,1,9.0,Debit Card,Female,3.0,4,Mobile Phone,5,Divorced,9,0,21.0,2.0,2.0,8.0,152.07,8.0,2.0,2,2,2,6,Hibernating
52928,0,26.0,Computer,3,9.0,Debit Card,Male,4.0,5,Others,3,Single,3,1,,8.0,16.0,13.0,315.68,13.0,16.0,1,5,5,11,Loyal Customers
52929,0,6.0,Mobile Phone,3,11.0,Debit Card,Female,3.0,4,Mobile Phone,4,Divorced,4,0,12.0,2.0,2.0,3.0,164.31,3.0,2.0,4,2,3,9,Potential Loyalists
52930,1,1.0,Mobile Phone,1,7.0,Debit Card,Male,4.0,5,Mobile Phone,3,Single,2,1,15.0,2.0,2.0,3.0,162.3,3.0,2.0,4,2,3,9,Potential Loyalists
52931,0,13.0,Mobile Phone,1,7.0,Credit Card,Female,4.0,4,Mobile Phone,3,Married,9,0,15.0,1.0,2.0,3.0,147.32,3.0,2.0,4,2,2,8,Potential Loyalists
52932,0,6.0,Computer,3,33.0,E wallet,Male,4.0,4,Laptop & Accessory,2,Divorced,2,0,19.0,2.0,3.0,3.0,169.65,3.0,3.0,4,4,3,11,Loyal Customers
52933,0,15.0,Mobile Phone,1,26.0,Debit Card,Male,3.0,4,Laptop & Accessory,5,Married,4,0,17.0,2.0,2.0,1.0,155.72,1.0,2.0,5,2,3,10,Potential Loyalists
52934,0,14.0,Mobile Phone,1,31.0,Cash on Delivery,Male,4.0,4,Laptop & Accessory,2,Married,3,0,18.0,3.0,5.0,8.0,158.19,8.0,5.0,2,5,3,10,Loyal Customers
52935,0,19.0,Mobile Phone,1,7.0,UPI,Male,4.0,3,Others,2,Divorced,2,0,,2.0,2.0,8.0,317.02,8.0,2.0,2,2,5,9,At Risk
52936,0,5.0,Computer,1,10.0,Credit Card,Male,4.0,4,Fashion,3,Married,11,0,13.0,,3.0,3.0,261.75,3.0,3.0,4,4,5,13,Champions
52937,0,7.0,Mobile Phone,1,12.0,Debit Card,Female,4.0,5,Mobile Phone,2,Divorced,3,0,14.0,1.0,2.0,3.0,154.11,3.0,2.0,4,2,3,9,Potential Loyalists
52938,0,8.0,Mobile Phone,1,9.0,Debit Card,Male,3.0,5,Laptop & Accessory,5,Divorced,8,0,14.0,1.0,6.0,10.0,184.57,10.0,6.0,1,5,4,10,Loyal Customers
52939,0,11.0,Mobile Phone,1,7.0,Credit Card,Female,3.0,5,Mobile Phone,5,Divorced,4,0,15.0,2.0,2.0,3.0,164.2,3.0,2.0,4,2,3,9,Potential Loyalists
52940,0,19.0,Computer,1,14.0,Debit Card,Male,4.0,3,Laptop & Accessory,3,Divorced,6,0,18.0,1.0,2.0,3.0,189.34,3.0,2.0,4,2,4,10,Potential Loyalists
52941,1,1.0,Computer,1,17.0,Credit Card,Male,4.0,4,Fashion,3,Married,8,0,12.0,2.0,2.0,,225.48,3.0,2.0,4,2,5,11,Potential Loyalists
52942,0,13.0,Computer,1,9.0,Cash on Delivery,Female,4.0,4,Fashion,3,Single,2,0,26.0,11.0,,9.0,234.38,9.0,2.0,1,2,5,8,At Risk
52943,0,3.0,Mobile Phone,1,22.0,Debit Card,Male,3.0,4,Mobile Phone,2,Single,3,0,20.0,1.0,2.0,6.0,148.4,6.0,2.0,2,2,2,6,Hibernating
52944,0,16.0,Mobile Phone,1,24.0,Debit Card,Female,3.0,3,Laptop & Accessory,5,Single,5,1,14.0,1.0,2.0,3.0,190.45,3.0,2.0,4,2,4,10,Potential Loyalists
52945,0,3.0,Mobile Phone,3,27.0,E wallet,Male,3.0,4,Laptop & Accessory,2,Married,4,0,15.0,2.0,2.0,3.0,194.31,3.0,2.0,4,2,4,10,Potential Loyalists
52946,0,1.0,Mobile Phone,1,7.0,Debit Card,Female,4.0,4,Laptop & Accessory,3,Divorced,2,0,13.0,2.0,2.0,3.0,173.98,3.0,2.0,4,2,4,10,Potential Loyalists
52947,0,16.0,Mobile Phone,1,9.0,Credit Card,Female,3.0,5,Mobile Phone,5,Married,2,1,12.0,5.0,8.0,9.0,150.93,9.0,8.0,1,5,2,8,At Risk
52948,0,14.0,Mobile Phone,1,9.0,Credit Card,Male,3.0,4,Others,3,Married,2,0,,1.0,4.0,10.0,319.36,10.0,4.0,1,5,5,11,Loyal Customers
52949,0,25.0,Mobile Phone,1,7.0,Debit Card,Male,4.0,4,Mobile Phone,2,Divorced,3,0,12.0,2.0,2.0,1.0,152.23,1.0,2.0,5,2,2,9,Potential Loyalists
52950,1,1.0,Computer,1,36.0,Credit Card,Male,4.0,5,Mobile Phone,4,Single,2,0,12.0,2.0,2.0,5.0,159.79,5.0,2.0,2,2,3,7,At Risk
52951,0,6.0,Computer,1,14.0,Debit Card,Male,4.0,3,Mobile Phone,4,Divorced,3,0,21.0,1.0,2.0,4.0,152.94,4.0,2.0,3,2,2,7,Potential Loyalists
52952,0,12.0,Computer,3,9.0,Debit Card,Male,3.0,5,Laptop & Accessory,2,Divorced,5,0,19.0,7.0,8.0,6.0,177.49,6.0,8.0,2,5,4,11,Loyal Customers
52953,0,6.0,Mobile Phone,1,9.0,Cash on Delivery,Male,3.0,5,Laptop & Accessory,5,Single,6,0,14.0,1.0,2.0,5.0,146.76,5.0,2.0,2,2,2,6,Hibernating
52954,0,20.0,Mobile Phone,3,9.0,Cash on Delivery,Female,4.0,6,Grocery,4,Divorced,5,1,,7.0,8.0,8.0,293.72,8.0,8.0,2,5,5,12,Loyal Customers
52955,1,1.0,Mobile Phone,1,9.0,Debit Card,Male,4.0,4,Mobile Phone,3,Single,4,0,12.0,2.0,2.0,1.0,159.85,1.0,2.0,5,2,3,10,Potential Loyalists
52956,0,3.0,Mobile Phone,3,9.0,Credit Card,Male,4.0,5,Laptop & Accessory,4,Divorced,4,0,20.0,1.0,2.0,1.0,191.44,1.0,2.0,5,2,4,11,Potential Loyalists
52957,0,5.0,Mobile Phone,1,30.0,Credit Card,Male,4.0,5,Laptop & Accessory,2,Divorced,2,0,22.0,2.0,8.0,9.0,180.82,9.0,8.0,1,5,4,10,Loyal Customers
52958,0,1.0,Computer,1,12.0,Debit Card,Male,3.0,3,Laptop & Accessory,5,Married,3,0,13.0,2.0,2.0,6.0,165.0,6.0,2.0,2,2,3,7,At Risk
52959,0,19.0,Mobile Phone,1,27.0,Credit Card,Male,4.0,4,Grocery,2,Divorced,2,1,15.0,1.0,,11.0,259.96,11.0,2.0,1,2,5,8,At Risk
52960,0,10.0,Mobile Phone,1,13.0,Debit Card,Male,3.0,4,Mobile Phone,2,Divorced,2,0,12.0,5.0,11.0,12.0,157.1,12.0,11.0,1,5,3,9,Loyal Customers
52961,0,29.0,Mobile Phone,1,7.0,Credit Card,Male,3.0,4,Others,5,Single,2,1,,5.0,5.0,14.0,315.45,14.0,5.0,1,5,5,11,Loyal Customers
52962,1,11.0,Computer,1,36.0,Debit Card,Male,3.0,4,Fashion,4,Divorced,3,1,13.0,6.0,,10.0,243.49,10.0,2.0,1,2,5,8,At Risk
52963,0,2.0,Mobile Phone,1,16.0,Credit Card,Male,4.0,4,Mobile Phone,2,Divorced,3,0,24.0,2.0,2.0,5.0,145.7,5.0,2.0,2,2,2,6,Hibernating
52964,0,11.0,Mobile Phone,3,13.0,Credit Card,Male,4.0,4,Laptop & Accessory,2,Divorced,6,0,15.0,1.0,2.0,2.0,190.02,2.0,2.0,5,2,4,11,Potential Loyalists
52965,0,1.0,Mobile Phone,1,10.0,Credit Card,Male,4.0,5,Mobile Phone,3,Single,3,0,18.0,2.0,2.0,1.0,157.3,1.0,2.0,5,2,3,10,Potential Loyalists
52966,0,11.0,Computer,1,7.0,Credit Card,Female,1.0,4,Fashion,2,Married,4,1,19.0,,2.0,3.0,261.03,3.0,2.0,4,2,5,11,Potential Loyalists
52967,0,3.0,Mobile Phone,1,29.0,Debit Card,Female,4.0,3,Fashion,4,Married,9,0,19.0,6.0,,3.0,244.96,3.0,2.0,4,2,5,11,Potential Loyalists
52968,0,12.0,Mobile Phone,3,14.0,Credit Card,Female,3.0,3,Laptop & Accessory,5,Married,3,1,25.0,1.0,8.0,8.0,181.05,8.0,8.0,2,5,4,11,Loyal Customers
52969,0,1.0,Computer,1,7.0,Debit Card,Female,3.0,4,Laptop & Accessory,4,Married,3,0,21.0,1.0,2.0,5.0,188.97,5.0,2.0,2,2,4,8,At Risk
52970,0,24.0,Mobile Phone,1,11.0,Debit Card,Male,4.0,4,Others,4,Married,5,0,,2.0,2.0,7.0,316.44,7.0,2.0,2,2,5,9,At Risk
52971,0,27.0,Mobile Phone,1,10.0,Credit Card,Male,3.0,4,Grocery,3,Divorced,5,1,,1.0,2.0,4.0,300.84,4.0,2.0,3,2,5,10,Potential Loyalists
52972,0,16.0,Mobile Phone,3,7.0,Debit Card,Male,3.0,4,Laptop & Accessory,3,Divorced,3,0,26.0,5.0,12.0,7.0,174.07,7.0,12.0,2,5,4,11,Loyal Customers
52973,0,3.0,Computer,3,9.0,Debit Card,Male,3.0,4,Laptop & Accessory,2,Single,3,0,19.0,1.0,2.0,10.0,170.54,10.0,2.0,1,3,3,7,Loyal Customers
52974,0,29.0,Mobile Phone,1,27.0,Cash on Delivery,Male,3.0,4,Laptop & Accessory,2,Divorced,5,1,20.0,2.0,2.0,9.0,179.15,9.0,2.0,1,3,4,8,Loyal Customers
52975,0,1.0,Computer,1,18.0,Credit Card,Male,3.0,4,Laptop & Accessory,5,Divorced,3,1,14.0,3.0,4.0,4.0,172.41,4.0,4.0,3,5,3,11,Loyal Customers
52976,0,11.0,Mobile Phone,1,7.0,Debit Card,Female,3.0,4,Mobile Phone,2,Single,3,0,13.0,2.0,6.0,8.0,146.15,8.0,6.0,2,5,2,9,At Risk
52977,1,8.0,Computer,1,31.0,Debit Card,Male,3.0,4,Mobile Phone,3,Married,5,1,23.0,1.0,2.0,1.0,156.61,1.0,2.0,5,3,3,11,Loyal Customers
52978,0,12.0,Mobile Phone,1,30.0,Debit Card,Male,3.0,4,Laptop & Accessory,2,Married,11,0,15.0,1.0,2.0,3.0,182.45,3.0,2.0,4,3,4,11,Loyal Customers
52979,1,1.0,Mobile Phone,1,23.0,Credit Card,Male,3.0,4,Mobile Phone,4,Married,4,1,14.0,2.0,2.0,3.0,148.73,3.0,2.0,4,3,2,9,Potential Loyalists
52980,0,2.0,Mobile Phone,1,15.0,Debit Card,Female,4.0,4,Mobile Phone,2,Single,3,0,22.0,1.0,2.0,3.0,158.1,3.0,2.0,4,3,3,10,Loyal Customers
52981,0,23.0,Computer,1,17.0,Debit Card,Female,3.0,4,Others,5,Single,11,1,,1.0,2.0,3.0,311.65,3.0,2.0,4,3,5,12,Loyal Customers
52982,0,10.0,Mobile Phone,1,10.0,Cash on Delivery,Male,2.0,4,Laptop & Accessory,4,Single,6,0,13.0,7.0,8.0,8.0,169.85,8.0,8.0,2,5,3,10,Loyal Customers
52983,0,5.0,Computer,3,12.0,E wallet,Female,3.0,4,Mobile Phone,4,Married,3,0,12.0,1.0,3.0,3.0,152.89,3.0,3.0,4,4,2,10,Potential Loyalists
52984,1,1.0,Mobile Phone,3,11.0,E wallet,Male,3.0,5,Laptop & Accessory,2,Single,3,1,13.0,8.0,8.0,5.0,183.28,5.0,8.0,2,5,4,11,Loyal Customers
52985,0,11.0,Computer,1,16.0,Credit Card,Male,3.0,4,Mobile Phone,2,Divorced,3,1,13.0,1.0,2.0,3.0,148.26,3.0,2.0,4,3,2,9,Potential Loyalists
52986,0,16.0,Computer,3,33.0,E wallet,Female,4.0,4,Grocery,4,Divorced,7,0,15.0,3.0,,9.0,260.25,9.0,2.0,1,3,5,9,Loyal Customers
52987,1,1.0,Mobile Phone,1,10.0,Debit Card,Male,3.0,4,Mobile Phone,3,Single,3,0,14.0,1.0,2.0,1.0,139.2,1.0,2.0,5,3,1,9,Potential Loyalists
52988,0,9.0,Mobile Phone,3,23.0,E wallet,Male,4.0,4,Fashion,4,Divorced,2,0,16.0,4.0,7.0,10.0,205.2,10.0,7.0,1,5,4,10,Loyal Customers
52989,0,10.0,Computer,1,25.0,Debit Card,Male,3.0,3,Mobile Phone,2,Divorced,6,0,19.0,1.0,2.0,1.0,161.88,1.0,2.0,5,3,3,11,Loyal Customers
52990,0,25.0,Mobile Phone,1,9.0,Credit Card,Male,3.0,6,Laptop & Accessory,4,Married,7,0,19.0,1.0,2.0,3.0,179.82,3.0,2.0,4,3,4,11,Loyal Customers
52991,0,15.0,Mobile Phone,3,9.0,Debit Card,Male,3.0,4,Grocery,4,Single,3,0,20.0,,2.0,5.0,285.15,5.0,2.0,2,3,5,10,Loyal Customers
52992,0,1.0,Mobile Phone,3,17.0,Credit Card,Female,4.0,5,Mobile Phone,3,Single,3,0,13.0,2.0,2.0,1.0,137.0,1.0,2.0,5,3,1,9,Potential Loyalists
52993,0,2.0,Mobile Phone,1,23.0,Credit Card,Male,4.0,3,Laptop & Accessory,5,Single,2,0,20.0,1.0,2.0,8.0,181.61,8.0,2.0,2,3,4,9,Loyal Customers
52994,0,5.0,Mobile Phone,3,14.0,Cash on Delivery,Male,4.0,3,Laptop & Accessory,2,Divorced,6,0,12.0,4.0,8.0,8.0,194.29,8.0,8.0,2,5,4,11,Loyal Customers
52995,0,13.0,Mobile Phone,1,7.0,Credit Card,Male,3.0,3,Fashion,2,Married,2,0,18.0,4.0,4.0,,221.13,3.0,4.0,4,5,5,14,Champions
52996,0,10.0,Computer,1,31.0,Debit Card,Female,3.0,4,Laptop & Accessory,4,Divorced,9,0,16.0,1.0,2.0,9.0,181.74,9.0,2.0,1,3,4,8,Loyal Customers
52997,0,6.0,Mobile Phone,3,14.0,Debit Card,Male,4.0,5,Laptop & Accessory,3,Divorced,3,0,15.0,2.0,5.0,9.0,179.84,9.0,5.0,1,5,4,10,Loyal Customers
52998,0,12.0,Mobile Phone,1,32.0,Debit Card,Female,3.0,5,Fashion,4,Divorced,5,0,18.0,2.0,,2.0,245.61,2.0,2.0,5,3,5,13,Loyal Customers
52999,0,31.0,Computer,1,7.0,Debit Card,Male,3.0,6,Laptop & Accessory,3,Married,4,1,14.0,2.0,2.0,3.0,181.6,3.0,2.0,4,3,4,11,Loyal Customers
53000,0,5.0,Mobile Phone,1,12.0,Cash on Delivery,Male,3.0,4,Mobile Phone,2,Divorced,2,1,13.0,1.0,2.0,4.0,173.21,4.0,2.0,3,3,4,10,Loyal Customers
53001,0,5.0,Mobile Phone,2,9.0,UPI,Male,4.0,5,Laptop & Accessory,5,Divorced,5,0,13.0,1.0,2.0,1.0,189.1,1.0,2.0,5,3,4,12,Loyal Customers
53002,0,19.0,Computer,1,14.0,Debit Card,Male,4.0,4,Fashion,5,Married,3,0,19.0,6.0,10.0,12.0,177.1,12.0,10.0,1,5,4,10,Loyal Customers
53003,0,5.0,Mobile Phone,1,9.0,Debit Card,Male,3.0,4,Mobile Phone,2,Married,2,1,19.0,2.0,3.0,3.0,151.95,3.0,3.0,4,4,2,10,Potential Loyalists
53004,0,7.0,Computer,1,12.0,Debit Card,Female,4.0,4,Fashion,4,Divorced,8,0,12.0,3.0,,9.0,243.78,9.0,2.0,1,3,5,9,Loyal Customers
53005,0,13.0,Mobile Phone,1,17.0,Credit Card,Male,3.0,4,Grocery,5,Divorced,3,1,,12.0,12.0,11.0,295.68,11.0,12.0,1,5,5,11,Loyal Customers
53006,0,17.0,Computer,1,17.0,Debit Card,Female,3.0,4,Mobile Phone,2,Single,2,0,20.0,1.0,2.0,8.0,149.55,8.0,2.0,2,3,2,7,At Risk
53007,0,23.0,Mobile Phone,1,7.0,Cash on Delivery,Female,3.0,5,Grocery,3,Single,9,1,13.0,,2.0,8.0,264.64,8.0,2.0,2,3,5,10,Loyal Customers
53008,1,16.0,Mobile Phone,1,15.0,Credit Card,Male,3.0,5,Laptop & Accessory,4,Divorced,4,0,16.0,8.0,8.0,8.0,174.41,8.0,8.0,2,5,4,11,Loyal Customers
53009,0,1.0,Mobile Phone,1,12.0,Debit Card,Female,3.0,4,Mobile Phone,4,Single,3,1,13.0,1.0,2.0,3.0,149.78,3.0,2.0,4,3,2,9,Potential Loyalists
53010,0,6.0,Mobile Phone,3,15.0,Cash on Delivery,Female,4.0,5,Laptop & Accessory,4,Divorced,3,1,12.0,7.0,12.0,10.0,177.28,10.0,12.0,1,5,4,10,Loyal Customers
53011,0,1.0,Mobile Phone,3,9.0,Debit Card,Male,4.0,4,Laptop & Accessory,3,Single,3,1,12.0,2.0,2.0,5.0,169.78,5.0,2.0,2,3,3,8,Loyal Customers
53012,0,5.0,Mobile Phone,3,14.0,E wallet,Male,4.0,4,Laptop & Accessory,2,Married,6,0,13.0,1.0,2.0,8.0,200.47,8.0,2.0,2,3,4,9,Loyal Customers
53013,0,6.0,Mobile Phone,1,9.0,Credit Card,Female,4.0,3,Laptop & Accessory,2,Single,9,0,17.0,2.0,2.0,8.0,175.55,8.0,2.0,2,3,4,9,Loyal Customers
53014,1,1.0,Mobile Phone,1,9.0,Credit Card,Male,3.0,6,Mobile Phone,2,Divorced,7,1,14.0,3.0,3.0,3.0,159.64,3.0,3.0,4,4,3,11,Loyal Customers
53015,0,4.0,Mobile Phone,1,35.0,Credit Card,Female,4.0,4,Laptop & Accessory,2,Divorced,3,0,14.0,1.0,2.0,10.0,182.75,10.0,2.0,1,3,4,8,Loyal Customers
53016,0,5.0,Computer,1,14.0,Debit Card,Female,3.0,5,Fashion,3,Divorced,3,0,25.0,4.0,9.0,,214.43,3.0,9.0,4,5,5,14,Champions
53017,0,13.0,Computer,1,6.0,Credit Card,Male,3.0,5,Others,2,Divorced,3,0,,10.0,14.0,4.0,317.72,4.0,14.0,3,5,5,13,Loyal Customers
53018,1,3.0,Mobile Phone,3,10.0,Credit Card,Female,3.0,4,Laptop & Accessory,3,Divorced,6,1,19.0,2.0,2.0,1.0,177.38,1.0,2.0,5,3,4,12,Loyal Customers
53019,0,7.0,Computer,3,17.0,E wallet,Male,3.0,5,Laptop & Accessory,2,Single,5,0,15.0,2.0,2.0,2.0,171.82,2.0,2.0,5,3,3,11,Loyal Customers
53020,0,21.0,Mobile Phone,1,12.0,Debit Card,Male,3.0,4,Others,3,Divorced,6,0,,1.0,2.0,2.0,308.0,2.0,2.0,5,3,5,13,Loyal Customers
53021,0,17.0,Computer,1,17.0,Debit Card,Female,3.0,5,Laptop & Accessory,3,Married,3,0,12.0,1.0,2.0,1.0,177.57,1.0,2.0,5,3,4,12,Loyal Customers
53022,0,1.0,Computer,3,7.0,E wallet,Male,4.0,4,Laptop & Accessory,4,Divorced,2,1,14.0,1.0,2.0,5.0,188.49,5.0,2.0,2,3,4,9,Loyal Customers
53023,0,28.0,Computer,1,27.0,Debit Card,Female,3.0,4,Laptop & Accessory,3,Single,5,0,13.0,2.0,2.0,4.0,173.69,4.0,2.0,3,3,4,10,Loyal Customers
53024,0,17.0,Mobile Phone,1,14.0,Debit Card,Female,3.0,4,Fashion,5,Divorced,10,0,17.0,2.0,2.0,,224.85,3.0,2.0,4,3,5,12,Loyal Customers
53025,0,19.0,Mobile Phone,1,15.0,UPI,Male,4.0,4,Laptop & Accessory,2,Divorced,11,0,15.0,8.0,10.0,9.0,161.97,9.0,10.0,1,5,3,9,Loyal Customers
53026,0,14.0,Mobile Phone,3,7.0,Credit Card,Male,3.0,6,Laptop & Accessory,2,Divorced,4,1,23.0,2.0,2.0,3.0,199.57,3.0,2.0,4,3,4,11,Loyal Customers
53027,1,1.0,Mobile Phone,1,15.0,UPI,Male,4.0,6,Mobile Phone,5,Divorced,3,1,12.0,2.0,2.0,8.0,146.19,8.0,2.0,2,3,2,7,At Risk
53028,0,3.0,Mobile Phone,1,16.0,UPI,Male,2.0,5,Mobile Phone,2,Single,2,0,18.0,3.0,3.0,3.0,164.83,3.0,3.0,4,4,3,11,Loyal Customers
53029,0,4.0,Mobile Phone,3,12.0,E wallet,Female,2.0,5,Laptop & Accessory,3,Married,3,0,14.0,1.0,2.0,3.0,186.18,3.0,2.0,4,3,4,11,Loyal Customers
53030,0,1.0,Mobile Phone,3,15.0,E wallet,Female,3.0,4,Laptop & Accessory,4,Divorced,3,0,19.0,1.0,2.0,8.0,187.14,8.0,2.0,2,3,4,9,Loyal Customers
53031,0,11.0,Mobile Phone,1,12.0,Credit Card,Male,4.0,4,Laptop & Accessory,2,Married,9,0,17.0,1.0,2.0,5.0,188.47,5.0,2.0,2,3,4,9,Loyal Customers
53032,0,12.0,Mobile Phone,1,22.0,Debit Card,Male,4.0,5,Fashion,2,Married,2,1,15.0,2.0,,10.0,240.1,10.0,2.0,1,3,5,9,Loyal Customers
53033,0,5.0,Mobile Phone,1,14.0,Credit Card,Female,3.0,4,Fashion,2,Single,3,1,15.0,3.0,5.0,11.0,196.43,11.0,5.0,1,5,4,10,Loyal Customers
53034,0,3.0,Mobile Phone,3,17.0,E wallet,Female,3.0,5,Laptop & Accessory,4,Married,3,1,15.0,1.0,2.0,8.0,207.68,8.0,2.0,2,3,4,9,Loyal Customers
53035,0,9.0,Mobile Phone,1,12.0,Cash on Delivery,Male,4.0,4,Fashion,4,Single,2,0,14.0,1.0,2.0,14.0,205.95,14.0,2.0,1,3,4,8,Loyal Customers
53036,0,1.0,Mobile Phone,1,33.0,Debit Card,Male,3.0,4,Mobile Phone,2,Married,3,0,13.0,2.0,2.0,3.0,154.04,3.0,2.0,4,3,3,10,Loyal Customers
53037,0,15.0,Mobile Phone,1,13.0,Credit Card,Male,4.0,5,Laptop & Accessory,4,Single,8,1,16.0,2.0,2.0,3.0,185.32,3.0,2.0,4,3,4,11,Loyal Customers
53038,0,21.0,Computer,3,11.0,Credit Card,Male,3.0,4,Laptop & Accessory,3,Single,5,0,20.0,1.0,2.0,1.0,154.76,1.0,2.0,5,3,3,11,Loyal Customers
53039,0,16.0,Mobile Phone,1,30.0,Debit Card,Female,3.0,4,Grocery,2,Single,4,0,15.0,,2.0,1.0,284.92,1.0,2.0,5,3,5,13,Loyal Customers
53040,0,3.0,Computer,3,9.0,Debit Card,Male,4.0,4,Laptop & Accessory,3,Divorced,3,0,15.0,2.0,2.0,3.0,171.49,3.0,2.0,4,3,3,10,Loyal Customers
53041,0,16.0,Mobile Phone,2,9.0,Cash on Delivery,Male,3.0,4,Mobile Phone,3,Married,2,1,12.0,2.0,2.0,1.0,151.96,1.0,2.0,5,3,2,10,Potential Loyalists
53042,0,6.0,Mobile Phone,1,9.0,Credit Card,Female,4.0,4,Mobile Phone,4,Divorced,3,0,14.0,1.0,2.0,8.0,148.7,8.0,2.0,2,3,2,7,At Risk
53043,0,22.0,Mobile Phone,3,36.0,Credit Card,Female,4.0,4,Fashion,3,Divorced,5,0,22.0,1.0,,1.0,250.04,1.0,2.0,5,3,5,13,Loyal Customers
53044,0,11.0,Mobile Phone,1,13.0,Credit Card,Male,3.0,3,Laptop & Accessory,5,Married,6,1,14.0,3.0,7.0,8.0,184.74,8.0,7.0,2,5,4,11,Loyal Customers
53045,0,4.0,Computer,3,32.0,Cash on Delivery,Female,3.0,4,Laptop & Accessory,3,Divorced,9,1,13.0,2.0,3.0,3.0,172.36,3.0,3.0,4,4,3,11,Loyal Customers
53046,0,1.0,Mobile Phone,3,7.0,Debit Card,Male,3.0,4,Laptop & Accessory,3,Divorced,3,0,18.0,3.0,8.0,8.0,177.96,8.0,8.0,2,5,4,11,Loyal Customers
53047,0,16.0,Mobile Phone,1,9.0,UPI,Male,4.0,5,Laptop & Accessory,2,Single,5,0,24.0,1.0,2.0,1.0,192.81,1.0,2.0,5,3,4,12,Loyal Customers
53048,1,1.0,Computer,3,7.0,Cash on Delivery,Female,3.0,5,Mobile Phone,4,Single,3,1,12.0,2.0,2.0,3.0,146.74,3.0,2.0,4,3,2,9,Potential Loyalists
53049,0,10.0,Computer,3,7.0,Credit Card,Female,3.0,4,Laptop & Accessory,2,Single,6,0,16.0,2.0,2.0,1.0,191.53,1.0,2.0,5,3,4,12,Loyal Customers
53050,0,10.0,Computer,3,10.0,Credit Card,Male,3.0,5,Fashion,2,Divorced,6,0,12.0,1.0,2.0,,221.99,3.0,2.0,4,3,5,12,Loyal Customers
53051,0,31.0,Mobile Phone,1,7.0,Credit Card,Male,3.0,4,Laptop & Accessory,3,Divorced,4,0,12.0,2.0,2.0,3.0,192.55,3.0,2.0,4,3,4,11,Loyal Customers
53052,0,14.0,Mobile Phone,1,17.0,Debit Card,Female,3.0,3,Mobile Phone,3,Divorced,5,1,14.0,1.0,2.0,8.0,147.13,8.0,2.0,2,3,2,7,At Risk
53053,0,1.0,Computer,3,16.0,Credit Card,Male,3.0,4,Mobile Phone,2,Single,3,0,25.0,1.0,3.0,3.0,151.1,3.0,3.0,4,4,2,10,Potential Loyalists
53054,1,1.0,Mobile Phone,3,12.0,E wallet,Female,3.0,4,Mobile Phone,3,Single,3,1,14.0,2.0,2.0,1.0,153.51,1.0,2.0,5,3,2,10,Potential Loyalists
53055,0,11.0,Mobile Phone,1,17.0,Credit Card,Female,4.0,4,Mobile Phone,5,Divorced,8,0,21.0,2.0,2.0,4.0,159.52,4.0,2.0,3,3,3,9,Loyal Customers
53056,0,20.0,Computer,1,14.0,Credit Card,Female,2.0,4,Laptop & Accessory,3,Divorced,4,0,15.0,1.0,2.0,1.0,177.58,1.0,2.0,5,3,4,12,Loyal Customers
53057,1,5.0,Computer,3,11.0,E wallet,Male,3.0,4,Laptop & Accessory,4,Single,3,0,19.0,8.0,8.0,,218.55,3.0,8.0,4,5,5,14,Champions
53058,0,24.0,Mobile Phone,1,17.0,Cash on Delivery,Male,4.0,5,Fashion,2,Single,8,0,16.0,1.0,2.0,,229.96,3.0,2.0,4,3,5,12,Loyal Customers
53059,1,4.0,Mobile Phone,3,29.0,E wallet,Male,4.0,5,Laptop & Accessory,3,Divorced,4,1,13.0,2.0,2.0,1.0,188.8,1.0,2.0,5,3,4,12,Loyal Customers
53060,0,5.0,Mobile Phone,1,16.0,Debit Card,Male,3.0,5,Mobile Phone,4,Single,2,1,17.0,2.0,3.0,3.0,151.57,3.0,3.0,4,4,2,10,Potential Loyalists
53061,1,1.0,Mobile Phone,3,19.0,Debit Card,Female,3.0,3,Mobile Phone,4,Single,3,0,16.0,1.0,2.0,1.0,152.16,1.0,2.0,5,3,2,10,Potential Loyalists
53062,0,3.0,Mobile Phone,1,30.0,Debit Card,Male,3.0,4,Mobile Phone,2,Single,11,0,17.0,2.0,2.0,3.0,147.01,3.0,2.0,4,3,2,9,Potential Loyalists
53063,0,9.0,Mobile Phone,1,16.0,Debit Card,Male,4.0,5,Laptop & Accessory,4,Single,11,0,20.0,2.0,2.0,1.0,190.4,1.0,2.0,5,3,4,12,Loyal Customers
53064,0,1.0,Mobile Phone,1,7.0,Credit Card,Male,3.0,4,Mobile Phone,4,Married,3,0,12.0,1.0,2.0,5.0,163.16,5.0,2.0,2,3,3,8,Loyal Customers
53065,0,2.0,Mobile Phone,3,16.0,Debit Card,Male,4.0,4,Laptop & Accessory,2,Single,3,0,17.0,2.0,2.0,8.0,177.53,8.0,2.0,2,3,4,9,Loyal Customers
53066,0,23.0,Mobile Phone,1,14.0,UPI,Male,3.0,5,Fashion,3,Single,10,0,25.0,2.0,2.0,1.0,170.0,1.0,2.0,5,3,3,11,Loyal Customers
53067,0,25.0,Mobile Phone,3,21.0,Debit Card,Female,3.0,4,Laptop & Accessory,2,Divorced,6,0,12.0,1.0,2.0,8.0,174.36,8.0,2.0,2,3,4,9,Loyal Customers
53068,0,10.0,Mobile Phone,1,9.0,Debit Card,Female,4.0,4,Mobile Phone,3,Divorced,6,0,14.0,2.0,3.0,3.0,150.43,3.0,3.0,4,4,2,10,Potential Loyalists
53069,1,1.0,Computer,3,26.0,E wallet,Male,4.0,3,Laptop & Accessory,2,Single,10,1,14.0,2.0,2.0,5.0,178.04,5.0,2.0,2,3,4,9,Loyal Customers
53070,0,29.0,Mobile Phone,1,9.0,Debit Card,Female,4.0,4,Grocery,2,Single,4,1,14.0,,2.0,3.0,291.59,3.0,2.0,4,3,5,12,Loyal Customers
53071,0,1.0,Mobile Phone,3,17.0,E wallet,Female,4.0,4,Laptop & Accessory,3,Married,3,1,13.0,1.0,2.0,4.0,167.6,4.0,2.0,3,3,3,9,Loyal Customers
53072,0,4.0,Mobile Phone,3,9.0,Cash on Delivery,Male,4.0,4,Mobile Phone,4,Divorced,3,0,19.0,2.0,2.0,1.0,149.76,1.0,2.0,5,3,2,10,Potential Loyalists
53073,1,1.0,Computer,1,10.0,Cash on Delivery,Male,4.0,4,Mobile Phone,5,Single,2,0,23.0,1.0,2.0,5.0,156.02,5.0,2.0,2,3,3,8,Loyal Customers
53074,0,1.0,Mobile Phone,1,18.0,Credit Card,Female,3.0,4,Mobile Phone,4,Divorced,3,0,14.0,2.0,2.0,3.0,147.44,3.0,2.0,4,3,2,9,Potential Loyalists
53075,0,10.0,Mobile Phone,3,9.0,Credit Card,Male,4.0,5,Fashion,3,Divorced,3,0,14.0,10.0,10.0,1.0,200.96,1.0,10.0,5,5,4,14,Champions
53076,1,1.0,Computer,1,11.0,Cash on Delivery,Male,3.0,4,Mobile Phone,2,Single,20,1,24.0,2.0,2.0,1.0,147.85,1.0,2.0,5,3,2,10,Potential Loyalists
53077,0,11.0,Mobile Phone,1,21.0,Debit Card,Female,4.0,4,Mobile Phone,5,Married,3,0,13.0,4.0,13.0,18.0,155.34,18.0,13.0,1,5,3,9,Loyal Customers
53078,0,14.0,Mobile Phone,3,9.0,E wallet,Female,3.0,4,Laptop & Accessory,4,Married,9,0,13.0,1.0,2.0,4.0,182.15,4.0,2.0,3,3,4,10,Loyal Customers
53079,0,16.0,Mobile Phone,1,7.0,Debit Card,Female,4.0,4,Mobile Phone,5,Married,5,0,17.0,2.0,2.0,3.0,150.76,3.0,2.0,4,3,2,9,Potential Loyalists
53080,0,11.0,Mobile Phone,1,17.0,Debit Card,Male,3.0,4,Laptop & Accessory,4,Single,4,1,13.0,1.0,2.0,2.0,166.97,2.0,2.0,5,3,3,11,Loyal Customers
53081,0,17.0,Mobile Phone,1,19.0,Debit Card,Male,3.0,5,Grocery,4,Married,3,0,12.0,,4.0,10.0,268.36,10.0,4.0,1,5,5,11,Loyal Customers
53082,0,14.0,Mobile Phone,1,9.0,Credit Card,Female,4.0,5,Laptop & Accessory,3,Divorced,8,0,23.0,2.0,2.0,1.0,159.48,1.0,2.0,5,3,3,11,Loyal Customers
53083,0,28.0,Mobile Phone,1,12.0,Credit Card,Male,3.0,4,Others,5,Divorced,6,0,,2.0,2.0,3.0,319.06,3.0,2.0,4,3,5,12,Loyal Customers
53084,0,8.0,Computer,3,11.0,E wallet,Female,4.0,4,Laptop & Accessory,3,Divorced,11,0,16.0,2.0,2.0,3.0,190.38,3.0,2.0,4,3,4,11,Loyal Customers
53085,0,5.0,Mobile Phone,1,14.0,Credit Card,Female,3.0,4,Laptop & Accessory,5,Divorced,3,0,13.0,4.0,4.0,13.0,168.06,13.0,4.0,1,5,3,9,Loyal Customers
53086,0,17.0,Computer,1,28.0,Credit Card,Male,4.0,4,Mobile Phone,2,Divorced,9,0,21.0,1.0,2.0,3.0,147.58,3.0,2.0,4,3,2,9,Potential Loyalists
53087,0,17.0,Mobile Phone,1,15.0,UPI,Female,4.0,4,Laptop & Accessory,3,Married,6,1,15.0,1.0,2.0,3.0,170.22,3.0,2.0,4,3,3,10,Loyal Customers
53088,0,1.0,Mobile Phone,3,11.0,Debit Card,Female,3.0,5,Laptop & Accessory,2,Single,3,1,12.0,1.0,2.0,4.0,169.87,4.0,2.0,3,3,3,9,Loyal Customers
53089,0,11.0,Computer,1,32.0,Credit Card,Female,4.0,4,Laptop & Accessory,3,Divorced,5,1,16.0,4.0,11.0,8.0,169.49,8.0,11.0,2,5,3,10,Loyal Customers
53090,0,5.0,Mobile Phone,1,7.0,Debit Card,Male,4.0,5,Mobile Phone,5,Divorced,3,0,13.0,1.0,4.0,3.0,147.18,3.0,4.0,4,5,2,11,Potential Loyalists
53091,0,13.0,Computer,1,7.0,Debit Card,Male,3.0,4,Others,3,Married,3,1,,1.0,2.0,7.0,316.97,7.0,2.0,2,3,5,10,Loyal Customers
53092,0,30.0,Computer,3,13.0,Debit Card,Female,3.0,3,Grocery,5,Divorced,11,0,12.0,3.0,,8.0,257.12,8.0,2.0,2,3,5,10,Loyal Customers
53093,0,4.0,Mobile Phone,3,19.0,Cash on Delivery,Female,3.0,4,Laptop & Accessory,3,Single,2,0,12.0,4.0,5.0,5.0,190.77,5.0,5.0,2,5,4,11,Loyal Customers
53094,0,15.0,Mobile Phone,3,7.0,E wallet,Male,3.0,3,Fashion,5,Divorced,3,0,17.0,2.0,2.0,8.0,208.92,8.0,2.0,2,3,5,10,Loyal Customers
53095,0,2.0,Mobile Phone,1,24.0,Credit Card,Male,4.0,4,Laptop & Accessory,5,Married,3,0,13.0,1.0,2.0,9.0,170.58,9.0,2.0,1,3,3,7,Loyal Customers
53096,1,1.0,Mobile Phone,1,10.0,Credit Card,Male,4.0,4,Mobile Phone,5,Divorced,7,0,14.0,2.0,2.0,3.0,165.31,3.0,2.0,4,3,3,10,Loyal Customers
53097,0,26.0,Mobile Phone,1,10.0,Credit Card,Male,3.0,5,Fashion,3,Divorced,4,1,15.0,1.0,2.0,5.0,204.69,5.0,2.0,2,3,4,9,Loyal Customers
53098,0,19.0,Mobile Phone,1,17.0,Debit Card,Male,4.0,4,Mobile Phone,2,Divorced,5,0,22.0,2.0,2.0,3.0,151.54,3.0,2.0,4,3,2,9,Potential Loyalists
53099,0,26.0,Mobile Phone,1,11.0,Debit Card,Female,2.0,4,Grocery,2,Divorced,4,0,14.0,,2.0,5.0,290.55,5.0,2.0,2,3,5,10,Loyal Customers
53100,0,16.0,Computer,1,36.0,Debit Card,Female,4.0,4,Laptop & Accessory,3,Married,4,0,12.0,2.0,2.0,3.0,170.56,3.0,2.0,4,3,3,10,Loyal Customers
53101,0,4.0,Mobile Phone,1,9.0,Debit Card,Female,3.0,6,Laptop & Accessory,2,Single,4,0,21.0,1.0,2.0,3.0,185.91,3.0,2.0,4,3,4,11,Loyal Customers
53102,0,31.0,Mobile Phone,1,14.0,Debit Card,Female,3.0,4,Others,5,Divorced,7,0,,1.0,12.0,11.0,320.66,11.0,12.0,1,5,5,11,Loyal Customers
53103,0,20.0,Mobile Phone,1,25.0,Credit Card,Female,3.0,4,Laptop & Accessory,3,Married,4,0,15.0,1.0,2.0,9.0,173.1,9.0,2.0,1,3,4,8,Loyal Customers
53104,0,16.0,Computer,1,35.0,Cash on Delivery,Female,3.0,5,Laptop & Accessory,2,Divorced,2,0,12.0,1.0,2.0,5.0,170.23,5.0,2.0,2,3,3,8,Loyal Customers
53105,1,1.0,Mobile Phone,3,7.0,Cash on Delivery,Female,4.0,4,Mobile Phone,4,Single,3,1,17.0,2.0,2.0,5.0,157.02,5.0,2.0,2,3,3,8,Loyal Customers
53106,1,1.0,Computer,3,13.0,E wallet,Female,3.0,6,Mobile Phone,3,Married,2,0,17.0,2.0,2.0,1.0,148.51,1.0,2.0,5,3,2,10,Potential Loyalists
53107,0,12.0,Computer,1,9.0,Debit Card,Male,3.0,4,Mobile Phone,2,Divorced,3,1,24.0,2.0,2.0,1.0,142.02,1.0,2.0,5,3,2,10,Potential Loyalists
53108,0,14.0,Mobile Phone,3,9.0,Debit Card,Female,4.0,4,Others,3,Divorced,2,0,,1.0,2.0,13.0,305.41,13.0,2.0,1,3,5,9,Loyal Customers
53109,0,1.0,Mobile Phone,1,30.0,Debit Card,Female,3.0,4,Mobile Phone,2,Married,3,0,23.0,2.0,2.0,3.0,153.86,3.0,2.0,4,3,3,10,Loyal Customers
53110,0,4.0,Computer,1,10.0,Debit Card,Male,3.0,4,Mobile Phone,2,Divorced,6,0,16.0,1.0,2.0,5.0,145.97,5.0,2.0,2,3,2,7,At Risk
53111,0,3.0,Mobile Phone,1,10.0,Credit Card,Male,4.0,5,Fashion,3,Divorced,3,0,19.0,2.0,,8.0,244.35,8.0,2.0,2,3,5,10,Loyal Customers
53112,1,1.0,Mobile Phone,1,32.0,Cash on Delivery,Female,4.0,5,Mobile Phone,4,Divorced,7,0,17.0,1.0,2.0,2.0,150.46,2.0,2.0,5,3,2,10,Potential Loyalists
53113,1,1.0,Mobile Phone,2,9.0,Cash on Delivery,Male,3.0,5,Mobile Phone,2,Single,3,0,13.0,2.0,2.0,1.0,150.64,1.0,2.0,5,3,2,10,Potential Loyalists
53114,0,4.0,Computer,3,29.0,UPI,Female,4.0,4,Fashion,5,Divorced,2,0,12.0,3.0,8.0,9.0,209.12,9.0,8.0,1,5,5,11,Loyal Customers
53115,0,31.0,Mobile Phone,3,36.0,E wallet,Male,3.0,5,Grocery,2,Married,5,0,13.0,,2.0,1.0,266.18,1.0,2.0,5,3,5,13,Loyal Customers
53116,0,24.0,Mobile Phone,1,36.0,Debit Card,Male,3.0,5,Grocery,3,Divorced,2,0,,12.0,16.0,8.0,295.46,8.0,16.0,2,5,5,12,Loyal Customers
53117,0,4.0,Computer,1,9.0,Credit Card,Female,3.0,4,Mobile Phone,2,Single,2,0,15.0,6.0,7.0,8.0,150.64,8.0,7.0,2,5,2,9,At Risk
53118,0,31.0,Computer,3,35.0,E wallet,Female,4.0,5,Fashion,5,Divorced,6,0,20.0,14.0,14.0,,227.66,3.0,14.0,4,5,5,14,Champions
53119,0,21.0,Mobile Phone,1,9.0,Credit Card,Female,4.0,4,Laptop & Accessory,2,Married,7,0,14.0,1.0,2.0,5.0,175.7,5.0,2.0,2,3,4,9,Loyal Customers
53120,0,20.0,Mobile Phone,1,9.0,Debit Card,Male,3.0,4,Grocery,3,Divorced,8,0,,1.0,2.0,2.0,303.61,2.0,2.0,5,3,5,13,Loyal Customers
53121,0,9.0,Mobile Phone,1,29.0,Debit Card,Male,3.0,6,Mobile Phone,3,Single,2,0,16.0,3.0,5.0,4.0,167.3,4.0,5.0,3,5,3,11,Loyal Customers
53122,0,28.0,Mobile Phone,1,15.0,Debit Card,Female,3.0,4,Laptop & Accessory,3,Single,9,0,12.0,2.0,2.0,1.0,162.8,1.0,2.0,5,3,3,11,Loyal Customers
53123,0,8.0,Mobile Phone,1,9.0,Debit Card,Male,4.0,5,Mobile Phone,3,Married,5,0,13.0,6.0,6.0,8.0,152.68,8.0,6.0,2,5,2,9,At Risk
53124,0,20.0,Mobile Phone,3,17.0,E wallet,Female,4.0,5,Fashion,2,Divorced,4,1,20.0,2.0,2.0,,215.71,3.0,2.0,4,3,5,12,Loyal Customers
53125,0,5.0,Mobile Phone,1,16.0,Debit Card,Male,3.0,4,Fashion,4,Married,3,0,26.0,2.0,2.0,9.0,231.48,9.0,2.0,1,3,5,9,Loyal Customers
53126,1,1.0,Mobile Phone,1,22.0,Credit Card,Male,3.0,4,Fashion,3,Divorced,9,1,13.0,,8.0,8.0,261.1,8.0,8.0,2,5,5,12,Loyal Customers
53127,1,1.0,Mobile Phone,1,17.0,Credit Card,Male,3.0,6,Mobile Phone,2,Married,9,0,14.0,1.0,2.0,4.0,159.08,4.0,2.0,3,3,3,9,Loyal Customers
53128,0,4.0,Mobile Phone,3,14.0,E wallet,Male,3.0,4,Mobile Phone,4,Single,2,0,15.0,2.0,2.0,3.0,154.83,3.0,2.0,4,3,3,10,Loyal Customers
53129,0,9.0,Mobile Phone,1,23.0,Debit Card,Male,4.0,4,Fashion,3,Divorced,6,1,13.0,1.0,2.0,1.0,201.32,1.0,2.0,5,3,4,12,Loyal Customers
53130,1,1.0,Computer,1,27.0,Debit Card,Male,4.0,4,Fashion,3,Divorced,5,0,13.0,2.0,2.0,,223.24,3.0,2.0,4,3,5,12,Loyal Customers
53131,1,1.0,Computer,2,30.0,UPI,Female,3.0,4,Fashion,5,Married,11,1,16.0,2.0,2.0,,224.5,3.0,2.0,4,3,5,12,Loyal Customers
53132,0,16.0,Computer,1,12.0,UPI,Male,4.0,4,Mobile Phone,3,Divorced,6,0,18.0,3.0,3.0,1.0,145.93,1.0,3.0,5,4,2,11,Potential Loyalists
53133,0,10.0,Computer,3,17.0,Credit Card,Male,3.0,4,Fashion,2,Single,3,0,15.0,2.0,10.0,,224.8,3.0,10.0,4,5,5,14,Champions
53134,1,1.0,Computer,1,11.0,Cash on Delivery,Male,3.0,5,Mobile Phone,3,Single,7,0,17.0,2.0,2.0,3.0,163.94,3.0,2.0,4,3,3,10,Loyal Customers
53135,0,22.0,Mobile Phone,3,9.0,E wallet,Female,3.0,4,Laptop & Accessory,2,Divorced,4,0,15.0,5.0,7.0,8.0,165.51,8.0,7.0,2,5,3,10,Loyal Customers
53136,0,29.0,Mobile Phone,3,25.0,Debit Card,Female,3.0,4,Grocery,4,Single,5,0,,1.0,8.0,8.0,293.35,8.0,8.0,2,5,5,12,Loyal Customers
53137,0,15.0,Computer,3,17.0,Debit Card,Male,3.0,4,Laptop & Accessory,2,Single,9,0,15.0,1.0,2.0,11.0,187.3,11.0,2.0,1,3,4,8,Loyal Customers
53138,0,9.0,Mobile Phone,3,7.0,E wallet,Male,3.0,4,Laptop & Accessory,3,Divorced,11,0,12.0,4.0,7.0,10.0,172.17,10.0,7.0,1,5,3,9,Loyal Customers
53139,0,14.0,Mobile Phone,1,13.0,Debit Card,Female,4.0,4,Grocery,3,Single,9,0,16.0,5.0,,14.0,257.37,14.0,2.0,1,3,5,9,Loyal Customers
53140,0,13.0,Computer,1,15.0,Debit Card,Female,3.0,4,Mobile Phone,3,Divorced,3,0,12.0,1.0,2.0,8.0,162.55,8.0,2.0,2,3,3,8,Loyal Customers
53141,0,5.0,Mobile Phone,3,9.0,Debit Card,Male,4.0,4,Laptop & Accessory,2,Single,6,1,14.0,2.0,2.0,6.0,190.82,6.0,2.0,2,3,4,9,Loyal Customers
53142,0,16.0,Mobile Phone,1,31.0,Credit Card,Male,3.0,4,Fashion,5,Divorced,3,1,22.0,5.0,6.0,9.0,199.06,9.0,6.0,1,5,4,10,Loyal Customers
53143,0,19.0,Mobile Phone,3,9.0,UPI,Male,4.0,4,Laptop & Accessory,4,Divorced,2,0,20.0,4.0,4.0,8.0,173.05,8.0,4.0,2,5,3,10,Loyal Customers
53144,1,1.0,Computer,2,24.0,Debit Card,Female,3.0,4,Mobile Phone,3,Married,2,1,12.0,1.0,2.0,1.0,152.41,1.0,2.0,5,3,2,10,Potential Loyalists
53145,0,3.0,Mobile Phone,1,26.0,Cash on Delivery,Male,3.0,4,Laptop & Accessory,2,Married,6,0,13.0,1.0,2.0,3.0,167.62,3.0,2.0,4,3,3,10,Loyal Customers
53146,0,7.0,Mobile Phone,1,7.0,Credit Card,Female,4.0,3,Grocery,3,Married,6,0,20.0,,2.0,6.0,286.84,6.0,2.0,2,3,5,10,Loyal Customers
53147,0,1.0,Mobile Phone,3,14.0,Debit Card,Male,3.0,5,Fashion,2,Married,11,0,22.0,2.0,,2.0,240.57,2.0,2.0,5,3,5,13,Loyal Customers
53148,1,1.0,Computer,3,12.0,E wallet,Male,4.0,4,Mobile Phone,4,Single,3,1,15.0,2.0,2.0,1.0,143.78,1.0,2.0,5,3,2,10,Potential Loyalists
53149,0,14.0,Computer,3,35.0,UPI,Male,3.0,6,Fashion,5,Married,5,0,16.0,2.0,,2.0,234.32,2.0,2.0,5,3,5,13,Loyal Customers
53150,0,15.0,Computer,1,9.0,UPI,Female,4.0,5,Laptop & Accessory,3,Single,4,1,18.0,1.0,2.0,8.0,193.11,8.0,2.0,2,3,4,9,Loyal Customers
53151,0,1.0,Mobile Phone,3,36.0,Credit Card,Male,3.0,4,Laptop & Accessory,3,Married,7,0,13.0,2.0,2.0,1.0,168.06,1.0,2.0,5,3,3,11,Loyal Customers
53152,0,9.0,Mobile Phone,3,7.0,Credit Card,Female,4.0,4,Laptop & Accessory,3,Single,3,0,17.0,1.0,2.0,4.0,173.59,4.0,2.0,3,3,4,10,Loyal Customers
53153,0,8.0,Mobile Phone,3,28.0,Debit Card,Male,4.0,3,Laptop & Accessory,2,Single,3,0,13.0,6.0,6.0,8.0,178.37,8.0,6.0,2,5,4,11,Loyal Customers
53154,1,1.0,Mobile Phone,1,31.0,Cash on Delivery,Male,4.0,6,Mobile Phone,2,Single,3,1,19.0,2.0,2.0,1.0,148.4,1.0,2.0,5,3,2,10,Potential Loyalists
53155,0,11.0,Mobile Phone,1,7.0,Cash on Delivery,Female,3.0,4,Fashion,2,Single,6,0,18.0,2.0,2.0,3.0,199.91,3.0,2.0,4,3,4,11,Loyal Customers
53156,0,20.0,Computer,1,25.0,Credit Card,Female,3.0,4,Fashion,3,Divorced,7,0,12.0,2.0,2.0,,230.27,3.0,2.0,4,3,5,12,Loyal Customers
53157,0,15.0,Mobile Phone,3,9.0,Debit Card,Female,4.0,4,Grocery,5,Divorced,9,0,17.0,,12.0,9.0,290.95,9.0,12.0,1,5,5,11,Loyal Customers
53158,0,11.0,Computer,3,16.0,Credit Card,Male,4.0,4,Fashion,4,Married,3,0,14.0,7.0,8.0,,213.34,3.0,8.0,4,5,5,14,Champions
53159,0,26.0,Mobile Phone,1,13.0,Cash on Delivery,Male,4.0,4,Laptop & Accessory,5,Married,5,1,13.0,3.0,7.0,10.0,180.77,10.0,7.0,1,5,4,10,Loyal Customers
53160,1,1.0,Computer,3,18.0,UPI,Male,3.0,3,Laptop & Accessory,3,Divorced,10,0,13.0,2.0,2.0,3.0,172.07,3.0,2.0,4,3,3,10,Loyal Customers
53161,0,1.0,Computer,3,31.0,Credit Card,Male,3.0,4,Mobile Phone,2,Divorced,2,0,14.0,1.0,3.0,2.0,149.0,2.0,3.0,5,4,2,11,Potential Loyalists
53162,0,12.0,Mobile Phone,1,17.0,Credit Card,Female,4.0,4,Laptop & Accessory,3,Divorced,5,0,20.0,2.0,2.0,,223.24,3.0,2.0,4,3,5,12,Loyal Customers
53163,0,11.0,Mobile Phone,1,7.0,Debit Card,Female,4.0,4,Laptop & Accessory,4,Divorced,8,0,13.0,4.0,5.0,4.0,189.47,4.0,5.0,3,5,4,12,Loyal Customers
53164,0,23.0,Mobile Phone,1,25.0,Debit Card,Male,3.0,5,Others,3,Married,3,1,,1.0,2.0,10.0,320.02,10.0,2.0,1,3,5,9,Loyal Customers
53165,0,1.0,Mobile Phone,1,30.0,Credit Card,Male,3.0,3,Mobile Phone,2,Divorced,3,1,12.0,1.0,2.0,5.0,152.25,5.0,2.0,2,3,2,7,At Risk
53166,0,1.0,Mobile Phone,3,35.0,E wallet,Male,4.0,4,Laptop & Accessory,4,Divorced,3,0,21.0,2.0,2.0,5.0,187.72,5.0,2.0,2,3,4,9,Loyal Customers
53167,0,1.0,Mobile Phone,1,24.0,UPI,Male,4.0,5,Mobile Phone,4,Divorced,3,0,22.0,2.0,2.0,1.0,146.27,1.0,2.0,5,3,2,10,Potential Loyalists
53168,0,24.0,Computer,2,10.0,Credit Card,Male,3.0,4,Others,4,Divorced,3,0,,7.0,11.0,8.0,307.0,8.0,11.0,2,5,5,12,Loyal Customers
53169,0,1.0,Mobile Phone,3,20.0,Credit Card,Male,3.0,4,Mobile Phone,3,Divorced,3,0,12.0,2.0,2.0,7.0,145.96,7.0,2.0,2,3,2,7,At Risk
53170,1,1.0,Computer,1,14.0,Debit Card,Female,3.0,4,Mobile Phone,3,Divorced,3,1,17.0,1.0,2.0,3.0,153.86,3.0,2.0,4,3,3,10,Loyal Customers
53171,1,1.0,Computer,3,19.0,Debit Card,Male,4.0,5,Mobile Phone,5,Divorced,3,0,19.0,2.0,2.0,1.0,145.33,1.0,2.0,5,3,2,10,Potential Loyalists
53172,0,8.0,Mobile Phone,1,7.0,Debit Card,Male,3.0,5,Mobile Phone,2,Divorced,3,1,14.0,1.0,2.0,4.0,161.22,4.0,2.0,3,3,3,9,Loyal Customers
53173,1,1.0,Mobile Phone,3,20.0,Credit Card,Male,3.0,4,Laptop & Accessory,5,Married,4,0,18.0,1.0,2.0,3.0,167.33,3.0,2.0,4,3,3,10,Loyal Customers
53174,0,9.0,Mobile Phone,1,32.0,UPI,Male,3.0,5,Laptop & Accessory,2,Single,6,0,15.0,1.0,2.0,3.0,161.81,3.0,2.0,4,3,3,10,Loyal Customers
53175,0,5.0,Mobile Phone,3,13.0,Credit Card,Male,4.0,3,Laptop & Accessory,2,Married,6,0,23.0,4.0,6.0,8.0,179.6,8.0,6.0,2,5,4,11,Loyal Customers
53176,0,1.0,Mobile Phone,1,13.0,Credit Card,Female,4.0,5,Mobile Phone,3,Married,2,0,13.0,2.0,2.0,4.0,146.87,4.0,2.0,3,3,2,8,Potential Loyalists
53177,0,11.0,Mobile Phone,3,9.0,E wallet,Male,4.0,4,Laptop & Accessory,3,Divorced,6,1,12.0,1.0,2.0,,221.02,3.0,2.0,4,3,5,12,Loyal Customers
53178,0,1.0,Mobile Phone,1,7.0,Debit Card,Female,3.0,5,Mobile Phone,4,Single,3,0,14.0,2.0,2.0,1.0,153.36,1.0,2.0,5,3,2,10,Potential Loyalists
53179,0,16.0,Mobile Phone,1,9.0,Debit Card,Female,3.0,4,Laptop & Accessory,2,Divorced,3,0,14.0,3.0,3.0,3.0,165.89,3.0,3.0,4,4,3,11,Loyal Customers
53180,0,17.0,Mobile Phone,1,13.0,UPI,Male,3.0,5,Grocery,2,Married,6,1,15.0,,2.0,1.0,291.27,1.0,2.0,5,3,5,13,Loyal Customers
53181,0,12.0,Mobile Phone,1,7.0,Debit Card,Female,3.0,4,Mobile Phone,5,Single,5,0,18.0,2.0,2.0,1.0,151.19,1.0,2.0,5,3,2,10,Potential Loyalists
53182,0,17.0,Computer,1,16.0,Credit Card,Male,4.0,4,Laptop & Accessory,3,Married,5,1,14.0,3.0,5.0,8.0,181.79,8.0,5.0,2,5,4,11,Loyal Customers
53183,0,22.0,Mobile Phone,1,7.0,Debit Card,Female,3.0,5,Grocery,5,Divorced,9,0,12.0,,2.0,3.0,279.02,3.0,2.0,4,3,5,12,Loyal Customers
53184,0,18.0,Mobile Phone,2,7.0,Debit Card,Female,3.0,5,Laptop & Accessory,3,Single,6,0,12.0,2.0,2.0,3.0,184.85,3.0,2.0,4,3,4,11,Loyal Customers
53185,0,8.0,Mobile Phone,3,21.0,Cash on Delivery,Female,3.0,4,Mobile Phone,3,Married,3,1,19.0,2.0,2.0,7.0,150.79,7.0,2.0,2,3,2,7,At Risk
53186,1,1.0,Mobile Phone,3,9.0,E wallet,Male,3.0,4,Mobile Phone,5,Married,2,0,12.0,1.0,2.0,3.0,155.41,3.0,2.0,4,3,3,10,Loyal Customers
53187,0,1.0,Mobile Phone,3,29.0,Cash on Delivery,Male,3.0,4,Mobile Phone,3,Single,3,0,12.0,2.0,2.0,3.0,159.47,3.0,2.0,4,3,3,10,Loyal Customers
53188,0,18.0,Mobile Phone,1,10.0,UPI,Male,3.0,4,Others,2,Divorced,6,1,,2.0,2.0,2.0,320.13,2.0,2.0,5,3,5,13,Loyal Customers
53189,0,1.0,Mobile Phone,1,13.0,Credit Card,Male,4.0,4,Mobile Phone,3,Divorced,2,0,21.0,3.0,3.0,3.0,152.73,3.0,3.0,4,4,2,10,Potential Loyalists
53190,0,7.0,Mobile Phone,3,15.0,E wallet,Male,3.0,4,Laptop & Accessory,3,Married,2,0,13.0,2.0,2.0,3.0,196.04,3.0,2.0,4,3,4,11,Loyal Customers
53191,0,6.0,Mobile Phone,1,16.0,Debit Card,Female,4.0,4,Laptop & Accessory,2,Divorced,3,1,13.0,2.0,2.0,6.0,188.22,6.0,2.0,2,3,4,9,Loyal Customers
53192,0,4.0,Computer,1,10.0,Credit Card,Female,4.0,4,Mobile Phone,3,Married,3,0,21.0,2.0,2.0,1.0,145.83,1.0,2.0,5,3,2,10,Potential Loyalists
53193,0,27.0,Mobile Phone,3,7.0,Credit Card,Female,3.0,4,Laptop & Accessory,5,Single,9,0,21.0,7.0,9.0,11.0,208.81,11.0,9.0,1,5,4,10,Loyal Customers
53194,0,8.0,Mobile Phone,1,7.0,Debit Card,Male,3.0,4,Mobile Phone,2,Divorced,3,0,13.0,7.0,9.0,9.0,151.91,9.0,9.0,1,5,2,8,At Risk
53195,1,9.0,Computer,3,33.0,Debit Card,Female,4.0,4,Laptop & Accessory,5,Divorced,4,0,15.0,1.0,2.0,1.0,167.86,1.0,2.0,5,3,3,11,Loyal Customers
53196,0,1.0,Mobile Phone,1,13.0,Debit Card,Female,4.0,4,Mobile Phone,2,Divorced,3,1,14.0,1.0,2.0,3.0,151.59,3.0,2.0,4,3,2,9,Potential Loyalists
53197,0,11.0,Mobile Phone,1,10.0,UPI,Male,3.0,4,Fashion,3,Divorced,3,0,16.0,7.0,8.0,,219.34,3.0,8.0,4,5,5,14,Champions
53198,0,3.0,Mobile Phone,3,10.0,Credit Card,Female,4.0,4,Laptop & Accessory,3,Divorced,3,0,15.0,1.0,2.0,3.0,180.61,3.0,2.0,4,3,4,11,Loyal Customers
53199,0,9.0,Mobile Phone,1,13.0,Debit Card,Male,3.0,6,Laptop & Accessory,2,Single,3,0,14.0,12.0,12.0,9.0,191.46,9.0,12.0,1,5,4,10,Loyal Customers
53200,0,7.0,Computer,1,13.0,Debit Card,Male,2.0,4,Laptop & Accessory,2,Married,5,0,24.0,5.0,5.0,8.0,202.25,8.0,5.0,2,5,4,11,Loyal Customers
53201,0,28.0,Mobile Phone,2,26.0,Credit Card,Male,3.0,4,Fashion,4,Divorced,4,0,16.0,4.0,,2.0,232.25,2.0,2.0,5,3,5,13,Loyal Customers
53202,0,10.0,Mobile Phone,1,16.0,Credit Card,Male,3.0,5,Laptop & Accessory,4,Married,4,1,12.0,2.0,2.0,,213.47,3.0,2.0,4,3,5,12,Loyal Customers
53203,0,1.0,Mobile Phone,1,10.0,Credit Card,Male,3.0,5,Mobile Phone,2,Single,2,0,14.0,1.0,2.0,2.0,145.45,2.0,2.0,5,3,2,10,Potential Loyalists
53204,1,1.0,Mobile Phone,1,17.0,Credit Card,Male,3.0,4,Mobile Phone,3,Single,3,1,12.0,1.0,2.0,2.0,135.09,2.0,2.0,5,3,1,9,Potential Loyalists
53205,1,1.0,Computer,1,10.0,Debit Card,Male,4.0,4,Mobile Phone,5,Single,3,1,12.0,10.0,10.0,8.0,158.48,8.0,10.0,2,5,3,10,Loyal Customers
53206,0,9.0,Computer,1,10.0,Debit Card,Male,3.0,5,Mobile Phone,3,Divorced,3,0,19.0,2.0,2.0,1.0,137.81,1.0,2.0,5,3,1,9,Potential Loyalists
53207,0,1.0,Mobile Phone,1,11.0,Credit Card,Male,3.0,3,Mobile Phone,5,Divorced,4,0,17.0,1.0,2.0,3.0,153.19,3.0,2.0,4,3,2,9,Potential Loyalists
53208,0,1.0,Mobile Phone,3,15.0,Debit Card,Male,3.0,3,Laptop & Accessory,4,Divorced,2,0,23.0,1.0,2.0,3.0,173.51,3.0,2.0,4,3,4,11,Loyal Customers
53209,0,12.0,Mobile Phone,3,14.0,E wallet,Female,3.0,5,Laptop & Accessory,2,Single,2,0,21.0,2.0,2.0,6.0,165.28,6.0,2.0,2,3,3,8,Loyal Customers
53210,0,3.0,Computer,1,7.0,Debit Card,Male,4.0,6,Mobile Phone,2,Married,3,0,19.0,3.0,3.0,9.0,152.2,9.0,3.0,1,4,2,7,At Risk
53211,0,22.0,Mobile Phone,3,9.0,E wallet,Male,3.0,3,Laptop & Accessory,4,Divorced,5,0,13.0,3.0,3.0,3.0,206.2,3.0,3.0,4,4,4,12,Champions
53212,0,1.0,Computer,3,10.0,Credit Card,Female,4.0,3,Laptop & Accessory,2,Married,3,1,21.0,2.0,2.0,5.0,171.47,5.0,2.0,2,3,3,8,Loyal Customers
53213,0,11.0,Mobile Phone,1,17.0,Debit Card,Male,4.0,3,Mobile Phone,2,Single,5,0,18.0,2.0,2.0,1.0,171.8,1.0,2.0,5,3,3,11,Loyal Customers
53214,0,24.0,Mobile Phone,1,35.0,Credit Card,Male,4.0,3,Mobile Phone,3,Divorced,3,1,12.0,4.0,4.0,9.0,157.21,9.0,4.0,1,5,3,9,Loyal Customers
53215,0,8.0,Mobile Phone,1,16.0,Credit Card,Female,3.0,5,Fashion,4,Single,3,0,15.0,5.0,8.0,,211.21,3.0,8.0,4,5,5,14,Champions
53216,1,1.0,Mobile Phone,3,10.0,Debit Card,Female,4.0,4,Laptop & Accessory,3,Single,11,0,15.0,2.0,3.0,1.0,170.77,1.0,3.0,5,4,3,12,Loyal Customers
53217,0,13.0,Mobile Phone,1,9.0,Cash on Delivery,Female,4.0,5,Laptop & Accessory,3,Single,3,0,12.0,3.0,12.0,11.0,170.53,11.0,12.0,1,5,3,9,Loyal Customers
53218,0,6.0,Mobile Phone,3,17.0,E wallet,Male,3.0,4,Laptop & Accessory,2,Single,3,0,13.0,1.0,2.0,9.0,178.96,9.0,2.0,1,3,4,8,Loyal Customers
53219,1,14.0,Computer,3,15.0,Cash on Delivery,Male,3.0,4,Laptop & Accessory,3,Divorced,5,1,15.0,2.0,2.0,4.0,192.96,4.0,2.0,3,3,4,10,Loyal Customers
53220,0,12.0,Mobile Phone,1,7.0,Debit Card,Female,3.0,3,Laptop & Accessory,2,Single,2,0,14.0,2.0,2.0,9.0,201.25,9.0,2.0,1,3,4,8,Loyal Customers
53221,0,1.0,Mobile Phone,1,7.0,Debit Card,Female,4.0,4,Fashion,5,Divorced,3,0,12.0,2.0,2.0,8.0,199.12,8.0,2.0,2,3,4,9,Loyal Customers
53222,0,6.0,Mobile Phone,1,10.0,Debit Card,Female,3.0,4,Fashion,2,Single,5,0,16.0,4.0,,8.0,236.59,8.0,2.0,2,3,5,10,Loyal Customers
53223,0,21.0,Mobile Phone,3,21.0,E wallet,Male,3.0,4,Laptop & Accessory,5,Single,4,0,13.0,1.0,2.0,8.0,174.6,8.0,2.0,2,3,4,9,Loyal Customers
53224,0,14.0,Computer,3,12.0,Debit Card,Male,3.0,5,Fashion,5,Divorced,7,1,22.0,1.0,2.0,,229.75,3.0,2.0,4,3,5,12,Loyal Customers
53225,0,27.0,Mobile Phone,1,14.0,Debit Card,Male,3.0,3,Grocery,3,Divorced,5,0,20.0,,2.0,4.0,273.14,4.0,2.0,3,3,5,11,Loyal Customers
53226,0,15.0,Mobile Phone,2,17.0,UPI,Male,4.0,5,Others,2,Married,5,0,,13.0,13.0,7.0,316.41,7.0,13.0,2,5,5,12,Loyal Customers
53227,0,31.0,Mobile Phone,3,23.0,E wallet,Male,3.0,4,Laptop & Accessory,5,Single,10,0,15.0,2.0,3.0,3.0,179.05,3.0,3.0,4,4,4,12,Champions
53228,0,1.0,Computer,1,17.0,Debit Card,Male,3.0,4,Fashion,5,Married,3,0,22.0,2.0,2.0,,212.93,3.0,2.0,4,3,5,12,Loyal Customers
53229,0,15.0,Mobile Phone,2,7.0,UPI,Male,3.0,5,Others,3,Divorced,3,0,,3.0,3.0,11.0,316.89,11.0,3.0,1,4,5,10,Loyal Customers
53230,0,24.0,Mobile Phone,3,15.0,E wallet,Male,3.0,4,Mobile Phone,4,Divorced,9,0,16.0,2.0,3.0,3.0,163.75,3.0,3.0,4,4,3,11,Loyal Customers
53231,1,1.0,Mobile Phone,1,7.0,Debit Card,Female,4.0,6,Mobile Phone,4,Single,9,1,14.0,2.0,4.0,8.0,147.16,8.0,4.0,2,5,2,9,At Risk
53232,0,10.0,Computer,1,15.0,Debit Card,Female,4.0,3,Fashion,5,Divorced,11,0,15.0,1.0,,6.0,242.13,6.0,2.0,2,3,5,10,Loyal Customers
53233,0,12.0,Mobile Phone,1,7.0,Debit Card,Female,3.0,4,Fashion,3,Single,6,1,15.0,1.0,2.0,1.0,203.61,1.0,2.0,5,3,4,12,Loyal Customers
53234,0,18.0,Computer,1,31.0,Credit Card,Male,3.0,6,Mobile Phone,3,Single,4,0,15.0,1.0,2.0,5.0,162.08,5.0,2.0,2,3,3,8,Loyal Customers
53235,0,21.0,Computer,3,10.0,Credit Card,Female,3.0,4,Grocery,3,Married,11,1,13.0,,12.0,14.0,262.7,14.0,12.0,1,5,5,11,Loyal Customers
53236,0,4.0,Mobile Phone,3,34.0,E wallet,Male,3.0,4,Laptop & Accessory,2,Married,9,0,24.0,5.0,8.0,8.0,178.04,8.0,8.0,2,5,4,11,Loyal Customers
53237,0,3.0,Mobile Phone,3,17.0,Debit Card,Male,3.0,4,Mobile Phone,3,Single,3,0,12.0,1.0,2.0,1.0,151.42,1.0,2.0,5,3,2,10,Potential Loyalists
53238,1,6.0,Computer,1,26.0,Credit Card,Male,3.0,3,Mobile Phone,3,Married,8,1,13.0,3.0,3.0,3.0,152.59,3.0,3.0,4,4,2,10,Potential Loyalists
53239,0,17.0,Computer,3,22.0,Debit Card,Male,3.0,5,Laptop & Accessory,2,Divorced,5,0,19.0,1.0,3.0,3.0,193.04,3.0,3.0,4,4,4,12,Champions
53240,0,8.0,Mobile Phone,1,15.0,Credit Card,Female,4.0,4,Laptop & Accessory,3,Single,5,0,12.0,2.0,5.0,4.0,186.42,4.0,5.0,3,5,4,12,Loyal Customers
53241,0,1.0,Mobile Phone,1,16.0,Credit Card,Male,3.0,4,Mobile Phone,5,Divorced,3,0,15.0,1.0,2.0,3.0,150.0,3.0,2.0,4,3,2,9,Potential Loyalists
53242,0,13.0,Mobile Phone,2,10.0,UPI,Female,3.0,3,Laptop & Accessory,4,Divorced,11,0,16.0,4.0,4.0,7.0,188.89,7.0,4.0,2,5,4,11,Loyal Customers
53243,0,30.0,Mobile Phone,1,16.0,Credit Card,Male,3.0,4,Grocery,2,Divorced,9,0,12.0,1.0,,2.0,236.03,2.0,2.0,5,3,5,13,Loyal Customers
53244,0,14.0,Mobile Phone,1,9.0,Credit Card,Female,3.0,5,Mobile Phone,2,Single,2,1,21.0,3.0,3.0,4.0,148.42,4.0,3.0,3,4,2,9,Potential Loyalists
53245,0,1.0,Mobile Phone,1,14.0,Credit Card,Female,3.0,5,Laptop & Accessory,5,Single,10,0,20.0,2.0,2.0,8.0,193.11,8.0,2.0,2,3,4,9,Loyal Customers
53246,0,3.0,Mobile Phone,3,17.0,E wallet,Male,3.0,4,Mobile Phone,4,Married,3,0,15.0,1.0,3.0,3.0,147.97,3.0,3.0,4,4,2,10,Potential Loyalists
53247,0,27.0,Mobile Phone,1,13.0,Debit Card,Male,3.0,4,Laptop & Accessory,2,Single,4,0,18.0,2.0,3.0,3.0,149.5,3.0,3.0,4,4,2,10,Potential Loyalists
53248,0,9.0,Computer,1,9.0,Debit Card,Female,4.0,4,Laptop & Accessory,5,Married,4,0,12.0,1.0,2.0,1.0,175.93,1.0,2.0,5,3,4,12,Loyal Customers
53249,0,6.0,Computer,1,31.0,Debit Card,Male,4.0,4,Laptop & Accessory,2,Divorced,3,0,16.0,3.0,5.0,8.0,178.09,8.0,5.0,2,5,4,11,Loyal Customers
53250,0,12.0,Mobile Phone,1,9.0,Credit Card,Male,4.0,4,Mobile Phone,3,Divorced,8,1,14.0,1.0,2.0,2.0,155.57,2.0,2.0,5,3,3,11,Loyal Customers
53251,0,8.0,Mobile Phone,1,15.0,Debit Card,Female,3.0,4,Laptop & Accessory,5,Married,5,0,15.0,2.0,2.0,1.0,176.21,1.0,2.0,5,3,4,12,Loyal Customers
53252,0,26.0,Mobile Phone,3,10.0,E wallet,Male,3.0,5,Grocery,5,Divorced,3,0,,2.0,2.0,17.0,293.56,17.0,2.0,1,3,5,9,Loyal Customers
53253,1,1.0,Mobile Phone,1,7.0,UPI,Male,4.0,4,Mobile Phone,2,Single,3,1,14.0,6.0,8.0,9.0,151.86,9.0,8.0,1,5,2,8,At Risk
53254,0,1.0,Mobile Phone,3,33.0,Credit Card,Female,3.0,4,Laptop & Accessory,2,Single,3,0,24.0,1.0,2.0,5.0,186.8,5.0,2.0,2,3,4,9,Loyal Customers
53255,0,19.0,Mobile Phone,3,9.0,Cash on Delivery,Male,3.0,6,Laptop & Accessory,3,Single,2,0,14.0,1.0,4.0,2.0,191.32,2.0,4.0,5,5,4,14,Champions
53256,0,1.0,Mobile Phone,1,17.0,Credit Card,Male,4.0,3,Mobile Phone,3,Single,3,0,19.0,2.0,2.0,3.0,160.05,3.0,2.0,4,3,3,10,Loyal Customers
53257,1,11.0,Computer,3,34.0,Debit Card,Female,4.0,2,Laptop & Accessory,3,Single,6,1,13.0,2.0,2.0,4.0,188.97,4.0,2.0,3,3,4,10,Loyal Customers
53258,0,8.0,Mobile Phone,3,9.0,UPI,Male,3.0,4,Laptop & Accessory,2,Single,3,0,23.0,1.0,2.0,5.0,187.74,5.0,2.0,2,3,4,9,Loyal Customers
53259,1,19.0,Mobile Phone,1,9.0,Credit Card,Male,4.0,4,Others,5,Divorced,7,1,14.0,2.0,2.0,5.0,323.59,5.0,2.0,2,3,5,10,Loyal Customers
53260,0,10.0,Computer,3,15.0,Debit Card,Male,4.0,5,Fashion,5,Single,3,0,16.0,1.0,2.0,10.0,200.87,10.0,2.0,1,3,4,8,Loyal Customers
53261,0,26.0,Computer,1,26.0,Credit Card,Male,3.0,4,Mobile Phone,2,Divorced,2,0,19.0,2.0,2.0,3.0,167.58,3.0,2.0,4,3,3,10,Loyal Customers
53262,0,1.0,Computer,1,7.0,Debit Card,Female,4.0,6,Mobile Phone,2,Married,5,0,15.0,3.0,3.0,1.0,168.64,1.0,3.0,5,4,3,12,Loyal Customers
53263,0,3.0,Mobile Phone,1,34.0,Credit Card,Female,4.0,4,Laptop & Accessory,3,Divorced,6,0,13.0,2.0,2.0,2.0,168.35,2.0,2.0,5,3,3,11,Loyal Customers
53264,1,1.0,Mobile Phone,3,15.0,Cash on Delivery,Male,3.0,5,Laptop & Accessory,5,Single,8,0,18.0,2.0,2.0,3.0,178.26,3.0,2.0,4,3,4,11,Loyal Customers
53265,0,8.0,Mobile Phone,1,7.0,Debit Card,Female,4.0,2,Mobile Phone,2,Single,4,0,17.0,1.0,2.0,4.0,157.8,4.0,2.0,3,3,3,9,Loyal Customers
53266,0,28.0,Mobile Phone,1,26.0,Credit Card,Female,4.0,4,Laptop & Accessory,5,Married,11,1,12.0,1.0,2.0,5.0,179.85,5.0,2.0,2,3,4,9,Loyal Customers
53267,0,3.0,Computer,3,6.0,E wallet,Male,3.0,4,Laptop & Accessory,2,Divorced,2,0,20.0,1.0,2.0,2.0,168.42,2.0,2.0,5,3,3,11,Loyal Customers
53268,0,11.0,Mobile Phone,1,17.0,Debit Card,Female,3.0,4,Mobile Phone,5,Married,2,1,14.0,4.0,5.0,4.0,152.82,4.0,5.0,3,5,2,10,Potential Loyalists
53269,0,12.0,Computer,1,9.0,Debit Card,Female,4.0,2,Laptop & Accessory,5,Single,8,1,13.0,5.0,5.0,13.0,184.8,13.0,5.0,1,5,4,10,Loyal Customers
53270,0,8.0,Mobile Phone,1,9.0,Credit Card,Female,3.0,5,Mobile Phone,5,Single,3,0,12.0,2.0,2.0,4.0,168.81,4.0,2.0,3,3,3,9,Loyal Customers
53271,0,9.0,Mobile Phone,3,15.0,Debit Card,Female,4.0,4,Mobile Phone,2,Divorced,3,0,17.0,1.0,2.0,3.0,150.72,3.0,2.0,4,3,2,9,Potential Loyalists
53272,0,4.0,Mobile Phone,1,7.0,Debit Card,Male,3.0,6,Mobile Phone,3,Divorced,5,0,22.0,2.0,2.0,3.0,163.33,3.0,2.0,4,3,3,10,Loyal Customers
53273,0,14.0,Computer,1,9.0,Credit Card,Female,3.0,2,Laptop & Accessory,4,Divorced,3,0,25.0,1.0,4.0,8.0,167.44,8.0,4.0,2,5,3,10,Loyal Customers
53274,0,8.0,Mobile Phone,3,15.0,Debit Card,Female,4.0,4,Laptop & Accessory,5,Divorced,7,0,18.0,2.0,2.0,3.0,190.0,3.0,2.0,4,3,4,11,Loyal Customers
53275,0,16.0,Computer,1,15.0,Debit Card,Male,4.0,4,Others,2,Married,3,0,,1.0,15.0,10.0,309.3,10.0,15.0,1,5,5,11,Loyal Customers
53276,1,1.0,Mobile Phone,1,13.0,Debit Card,Male,4.0,2,Mobile Phone,5,Divorced,3,1,22.0,2.0,2.0,1.0,141.01,1.0,2.0,5,3,2,10,Potential Loyalists
53277,0,1.0,Computer,1,16.0,Debit Card,Male,3.0,5,Mobile Phone,4,Married,3,0,12.0,2.0,2.0,1.0,151.94,1.0,2.0,5,3,2,10,Potential Loyalists
53278,0,26.0,Mobile Phone,1,18.0,Debit Card,Female,3.0,4,Laptop & Accessory,3,Divorced,10,0,21.0,2.0,2.0,5.0,156.49,5.0,2.0,2,3,3,8,Loyal Customers
53279,0,24.0,Mobile Phone,1,9.0,Credit Card,Male,4.0,4,Grocery,3,Divorced,7,0,,1.0,2.0,4.0,301.39,4.0,2.0,3,3,5,11,Loyal Customers
53280,1,1.0,Mobile Phone,1,7.0,Debit Card,Female,3.0,5,Mobile Phone,5,Divorced,3,1,12.0,1.0,2.0,1.0,148.19,1.0,2.0,5,3,2,10,Potential Loyalists
53281,0,7.0,Mobile Phone,1,14.0,Credit Card,Male,3.0,4,Fashion,3,Divorced,2,0,12.0,1.0,,8.0,241.91000000000005,8.0,2.0,2,3,5,10,Loyal Customers
53282,1,1.0,Mobile Phone,3,23.0,E wallet,Female,4.0,4,Laptop & Accessory,5,Single,7,0,16.0,2.0,2.0,3.0,178.24,3.0,2.0,4,3,4,11,Loyal Customers
53283,0,21.0,Mobile Phone,1,9.0,UPI,Female,3.0,4,Grocery,2,Divorced,3,1,,4.0,4.0,1.0,292.52,1.0,4.0,5,5,5,15,Champions
53284,0,10.0,Mobile Phone,1,7.0,UPI,Female,3.0,4,Laptop & Accessory,4,Divorced,2,0,16.0,1.0,2.0,6.0,177.28,6.0,2.0,2,3,4,9,Loyal Customers
53285,0,3.0,Mobile Phone,1,30.0,Debit Card,Male,3.0,2,Mobile Phone,3,Divorced,3,0,25.0,2.0,2.0,8.0,152.0,8.0,2.0,2,3,2,7,At Risk
53286,1,21.0,Mobile Phone,1,9.0,Debit Card,Male,3.0,4,Others,4,Single,9,1,,6.0,14.0,9.0,317.46,9.0,14.0,1,5,5,11,Loyal Customers
53287,0,9.0,Mobile Phone,1,7.0,Debit Card,Female,3.0,2,Mobile Phone,3,Single,5,0,14.0,1.0,3.0,3.0,150.06,3.0,3.0,4,4,2,10,Potential Loyalists
53288,0,16.0,Mobile Phone,1,7.0,Debit Card,Female,3.0,5,Laptop & Accessory,2,Divorced,11,1,14.0,1.0,2.0,3.0,185.62,3.0,2.0,4,3,4,11,Loyal Customers
53289,1,1.0,Mobile Phone,1,9.0,Credit Card,Male,3.0,4,Mobile Phone,3,Single,8,0,18.0,1.0,3.0,2.0,168.82,2.0,3.0,5,4,3,12,Loyal Customers
53290,0,10.0,Mobile Phone,2,20.0,UPI,Male,3.0,4,Mobile Phone,4,Divorced,5,0,14.0,2.0,2.0,5.0,146.43,5.0,2.0,2,3,2,7,At Risk
53291,0,6.0,Mobile Phone,1,11.0,Debit Card,Female,4.0,5,Laptop & Accessory,3,Divorced,3,0,13.0,2.0,7.0,9.0,186.62,9.0,7.0,1,5,4,10,Loyal Customers
53292,0,14.0,Computer,1,23.0,Credit Card,Male,3.0,5,Laptop & Accessory,3,Single,8,0,15.0,2.0,2.0,1.0,175.94,1.0,2.0,5,3,4,12,Loyal Customers
53293,0,4.0,Mobile Phone,1,9.0,Credit Card,Female,3.0,5,Laptop & Accessory,2,Single,7,1,25.0,2.0,2.0,1.0,193.77,1.0,2.0,5,3,4,12,Loyal Customers
53294,0,19.0,Mobile Phone,1,9.0,Debit Card,Female,4.0,5,Mobile Phone,3,Single,3,0,15.0,2.0,2.0,1.0,147.74,1.0,2.0,5,3,2,10,Potential Loyalists
53295,0,16.0,Mobile Phone,1,36.0,Debit Card,Male,4.0,4,Laptop & Accessory,4,Divorced,3,0,14.0,3.0,8.0,9.0,169.34,9.0,8.0,1,5,3,9,Loyal Customers
53296,0,12.0,Computer,1,19.0,Debit Card,Male,3.0,5,Laptop & Accessory,5,Married,4,0,16.0,2.0,2.0,3.0,187.88,3.0,2.0,4,3,4,11,Loyal Customers
53297,0,8.0,Computer,1,23.0,Debit Card,Female,4.0,5,Mobile Phone,2,Single,3,0,17.0,2.0,2.0,4.0,150.53,4.0,2.0,3,3,2,8,Potential Loyalists
53298,1,13.0,Mobile Phone,3,18.0,E wallet,Female,3.0,4,Fashion,2,Divorced,3,0,19.0,1.0,8.0,8.0,201.54,8.0,8.0,2,5,4,11,Loyal Customers
53299,1,19.0,Mobile Phone,3,9.0,Credit Card,Male,3.0,4,Laptop & Accessory,2,Single,6,0,17.0,1.0,8.0,4.0,176.6,4.0,8.0,3,5,4,12,Loyal Customers
53300,0,17.0,Mobile Phone,1,21.0,Debit Card,Male,4.0,4,Grocery,5,Divorced,8,0,,2.0,2.0,1.0,296.59,1.0,2.0,5,3,5,13,Loyal Customers
53301,0,1.0,Mobile Phone,1,12.0,Cash on Delivery,Male,3.0,5,Fashion,2,Married,3,1,17.0,1.0,,9.0,253.08,9.0,2.0,1,3,5,9,Loyal Customers
53302,0,9.0,Mobile Phone,1,14.0,UPI,Male,3.0,4,Fashion,3,Single,5,0,22.0,1.0,2.0,,227.21,3.0,2.0,4,3,5,12,Loyal Customers
53303,0,2.0,Mobile Phone,3,9.0,E wallet,Female,3.0,4,Laptop & Accessory,4,Divorced,3,1,21.0,8.0,8.0,6.0,172.79,6.0,8.0,2,5,3,10,Loyal Customers
53304,0,8.0,Mobile Phone,2,10.0,UPI,Male,3.0,4,Mobile Phone,2,Divorced,2,0,20.0,2.0,2.0,3.0,162.37,3.0,2.0,4,3,3,10,Loyal Customers
53305,1,1.0,Computer,1,12.0,Credit Card,Female,3.0,5,Mobile Phone,3,Divorced,3,1,15.0,1.0,2.0,8.0,148.66,8.0,2.0,2,3,2,7,At Risk
53306,0,1.0,Computer,1,10.0,Credit Card,Male,3.0,4,Mobile Phone,2,Divorced,3,0,12.0,2.0,2.0,1.0,142.06,1.0,2.0,5,3,2,10,Potential Loyalists
53307,0,25.0,Mobile Phone,3,33.0,E wallet,Female,4.0,4,Grocery,3,Divorced,4,0,15.0,,5.0,18.0,288.07,18.0,5.0,1,5,5,11,Loyal Customers
53308,0,18.0,Mobile Phone,1,11.0,Credit Card,Male,3.0,4,Laptop & Accessory,4,Single,11,0,13.0,2.0,3.0,4.0,184.33,4.0,3.0,3,4,4,11,Loyal Customers
53309,0,1.0,Mobile Phone,1,9.0,Credit Card,Male,4.0,2,Mobile Phone,5,Single,9,0,14.0,2.0,2.0,2.0,159.24,2.0,2.0,5,3,3,11,Loyal Customers
53310,0,7.0,Mobile Phone,3,7.0,Credit Card,Male,3.0,2,Laptop & Accessory,5,Married,3,0,23.0,1.0,2.0,9.0,165.37,9.0,2.0,1,3,3,7,Loyal Customers
53311,0,9.0,Mobile Phone,1,34.0,Credit Card,Female,3.0,5,Mobile Phone,5,Single,3,0,12.0,2.0,2.0,2.0,150.59,2.0,2.0,5,3,2,10,Potential Loyalists
53312,0,10.0,Mobile Phone,3,7.0,Debit Card,Male,3.0,4,Laptop & Accessory,2,Divorced,3,1,15.0,3.0,5.0,12.0,187.01,12.0,5.0,1,5,4,10,Loyal Customers
53313,0,6.0,Mobile Phone,3,20.0,Debit Card,Male,4.0,4,Laptop & Accessory,2,Married,4,0,12.0,1.0,2.0,4.0,169.03,4.0,2.0,3,3,3,9,Loyal Customers
53314,0,4.0,Computer,1,12.0,Debit Card,Male,4.0,5,Mobile Phone,2,Married,11,0,13.0,1.0,2.0,4.0,162.61,4.0,2.0,3,3,3,9,Loyal Customers
53315,0,27.0,Mobile Phone,3,14.0,E wallet,Female,4.0,5,Fashion,2,Divorced,9,1,19.0,1.0,,5.0,234.34,5.0,2.0,2,3,5,10,Loyal Customers
53316,0,19.0,Mobile Phone,3,16.0,E wallet,Male,4.0,4,Fashion,5,Married,6,1,13.0,2.0,,3.0,232.61,3.0,2.0,4,3,5,12,Loyal Customers
53317,0,6.0,Mobile Phone,1,15.0,Credit Card,Female,4.0,2,Laptop & Accessory,3,Divorced,7,0,13.0,2.0,2.0,4.0,176.75,4.0,2.0,3,3,4,10,Loyal Customers
53318,0,26.0,Computer,1,32.0,Credit Card,Female,3.0,5,Grocery,2,Divorced,5,0,23.0,,2.0,1.0,263.26,1.0,2.0,5,3,5,13,Loyal Customers
53319,0,11.0,Mobile Phone,3,23.0,E wallet,Male,4.0,5,Laptop & Accessory,3,Married,6,0,20.0,2.0,2.0,1.0,188.34,1.0,2.0,5,3,4,12,Loyal Customers
53320,0,2.0,Mobile Phone,2,15.0,Credit Card,Male,4.0,5,Mobile Phone,2,Married,3,0,14.0,1.0,2.0,5.0,174.36,5.0,2.0,2,3,4,9,Loyal Customers
53321,0,1.0,Mobile Phone,1,7.0,Debit Card,Male,3.0,5,Laptop & Accessory,2,Divorced,8,0,23.0,3.0,3.0,3.0,172.75,3.0,3.0,4,4,3,11,Loyal Customers
53322,0,18.0,Mobile Phone,1,15.0,Debit Card,Male,4.0,2,Mobile Phone,2,Divorced,4,1,25.0,2.0,2.0,3.0,153.18,3.0,2.0,4,3,2,9,Potential Loyalists
53323,0,16.0,Computer,1,9.0,Credit Card,Male,3.0,4,Mobile Phone,2,Single,7,1,15.0,1.0,3.0,3.0,150.15,3.0,3.0,4,4,2,10,Potential Loyalists
53324,0,10.0,Mobile Phone,2,15.0,Debit Card,Male,4.0,5,Mobile Phone,5,Divorced,2,0,22.0,2.0,2.0,4.0,148.42,4.0,2.0,3,3,2,8,Potential Loyalists
53325,0,1.0,Mobile Phone,3,10.0,UPI,Male,4.0,4,Laptop & Accessory,5,Divorced,3,1,19.0,2.0,2.0,4.0,166.94,4.0,2.0,3,3,3,9,Loyal Customers
53326,0,9.0,Mobile Phone,1,16.0,Debit Card,Female,4.0,5,Fashion,3,Divorced,3,1,21.0,3.0,,16.0,231.85,16.0,2.0,1,3,5,9,Loyal Customers
53327,1,1.0,Computer,1,32.0,Debit Card,Female,4.0,4,Mobile Phone,4,Married,3,1,20.0,1.0,8.0,9.0,145.22,9.0,8.0,1,5,2,8,At Risk
53328,0,6.0,Computer,1,7.0,Debit Card,Male,4.0,4,Mobile Phone,2,Married,2,0,13.0,1.0,2.0,3.0,148.14,3.0,2.0,4,3,2,9,Potential Loyalists
53329,0,1.0,Mobile Phone,3,11.0,E wallet,Male,3.0,5,Laptop & Accessory,5,Divorced,3,0,13.0,2.0,2.0,4.0,167.56,4.0,2.0,3,3,3,9,Loyal Customers
53330,0,23.0,Mobile Phone,1,7.0,Cash on Delivery,Female,3.0,4,Mobile Phone,5,Divorced,4,0,17.0,2.0,2.0,3.0,160.8,3.0,2.0,4,3,3,10,Loyal Customers
53331,0,1.0,Computer,1,11.0,Debit Card,Male,3.0,5,Mobile Phone,2,Divorced,2,0,18.0,1.0,4.0,5.0,156.62,5.0,4.0,2,5,3,10,Loyal Customers
53332,0,6.0,Computer,3,12.0,Debit Card,Male,3.0,4,Laptop & Accessory,4,Divorced,3,0,15.0,3.0,6.0,4.0,190.24,4.0,6.0,3,5,4,12,Loyal Customers
53333,0,12.0,Mobile Phone,3,16.0,E wallet,Male,4.0,5,Mobile Phone,4,Divorced,2,0,20.0,1.0,2.0,3.0,153.99,3.0,2.0,4,3,3,10,Loyal Customers
53334,0,16.0,Mobile Phone,1,10.0,Debit Card,Female,4.0,2,Laptop & Accessory,2,Divorced,4,1,14.0,1.0,2.0,4.0,177.31,4.0,2.0,3,3,4,10,Loyal Customers
53335,0,5.0,Mobile Phone,1,18.0,Debit Card,Male,3.0,4,Mobile Phone,2,Divorced,5,1,20.0,2.0,2.0,3.0,148.56,3.0,2.0,4,3,2,9,Potential Loyalists
53336,1,1.0,Mobile Phone,3,7.0,Credit Card,Female,3.0,5,Mobile Phone,3,Married,8,1,20.0,1.0,2.0,3.0,153.0,3.0,2.0,4,3,2,9,Potential Loyalists
53337,0,27.0,Mobile Phone,3,15.0,E wallet,Male,4.0,4,Grocery,2,Divorced,7,0,15.0,1.0,,3.0,243.36,3.0,2.0,4,3,5,12,Loyal Customers
53338,0,9.0,Mobile Phone,1,32.0,Cash on Delivery,Male,4.0,5,Fashion,4,Divorced,5,0,17.0,4.0,,9.0,234.03,9.0,2.0,1,3,5,9,Loyal Customers
53339,0,11.0,Computer,3,28.0,Credit Card,Female,3.0,4,Mobile Phone,2,Divorced,7,0,16.0,2.0,2.0,1.0,154.73,1.0,2.0,5,3,3,11,Loyal Customers
53340,0,27.0,Mobile Phone,1,30.0,Debit Card,Female,4.0,4,Grocery,2,Single,8,0,19.0,,4.0,9.0,267.75,9.0,4.0,1,5,5,11,Loyal Customers
53341,0,17.0,Computer,1,7.0,Debit Card,Female,3.0,4,Laptop & Accessory,2,Divorced,6,0,14.0,2.0,3.0,3.0,180.62,3.0,3.0,4,4,4,12,Champions
53342,0,21.0,Mobile Phone,3,9.0,E wallet,Female,3.0,4,Laptop & Accessory,2,Divorced,2,1,23.0,6.0,8.0,8.0,170.37,8.0,8.0,2,5,3,10,Loyal Customers
53343,0,11.0,Computer,3,26.0,Credit Card,Male,3.0,4,Fashion,4,Single,3,1,14.0,1.0,2.0,10.0,201.42,10.0,2.0,1,3,4,8,Loyal Customers
53344,0,24.0,Computer,1,9.0,Debit Card,Male,4.0,4,Grocery,5,Married,3,0,,14.0,15.0,8.0,304.24,8.0,15.0,2,5,5,12,Loyal Customers
53345,0,13.0,Mobile Phone,2,9.0,Debit Card,Female,3.0,5,Laptop & Accessory,2,Divorced,10,0,12.0,1.0,2.0,5.0,177.04,5.0,2.0,2,3,4,9,Loyal Customers
53346,0,7.0,Mobile Phone,2,10.0,UPI,Male,3.0,4,Mobile Phone,4,Married,5,1,12.0,1.0,2.0,4.0,147.77,4.0,2.0,3,3,2,8,Potential Loyalists
53347,1,1.0,Mobile Phone,1,32.0,Debit Card,Male,3.0,4,Mobile Phone,2,Single,3,1,25.0,2.0,2.0,2.0,152.95,2.0,2.0,5,3,2,10,Potential Loyalists
53348,0,3.0,Mobile Phone,1,14.0,Credit Card,Female,4.0,5,Mobile Phone,2,Married,8,0,15.0,2.0,2.0,4.0,150.32,4.0,2.0,3,3,2,8,Potential Loyalists
53349,0,18.0,Mobile Phone,1,16.0,Debit Card,Male,4.0,4,Mobile Phone,5,Divorced,3,1,14.0,3.0,8.0,2.0,150.59,2.0,8.0,5,5,2,12,Potential Loyalists
53350,0,2.0,Mobile Phone,3,12.0,Credit Card,Male,4.0,4,Laptop & Accessory,2,Single,3,0,15.0,2.0,2.0,3.0,174.08,3.0,2.0,4,3,4,11,Loyal Customers
53351,1,21.0,Computer,1,9.0,Debit Card,Male,3.0,5,Mobile Phone,2,Married,11,1,15.0,1.0,2.0,1.0,148.8,1.0,2.0,5,3,2,10,Potential Loyalists
53352,0,17.0,Mobile Phone,1,15.0,Debit Card,Female,3.0,4,Laptop & Accessory,4,Married,6,0,22.0,2.0,2.0,1.0,172.65,1.0,2.0,5,3,3,11,Loyal Customers
53353,1,1.0,Mobile Phone,3,9.0,Credit Card,Female,3.0,5,Mobile Phone,3,Single,3,0,14.0,1.0,2.0,3.0,145.44,3.0,2.0,4,3,2,9,Potential Loyalists
53354,1,1.0,Mobile Phone,1,25.0,UPI,Female,4.0,4,Mobile Phone,2,Single,3,0,20.0,2.0,2.0,1.0,151.93,1.0,2.0,5,3,2,10,Potential Loyalists
53355,0,10.0,Mobile Phone,1,21.0,Debit Card,Male,4.0,4,Laptop & Accessory,2,Divorced,2,1,18.0,5.0,5.0,12.0,190.86,12.0,5.0,1,5,4,10,Loyal Customers
53356,0,21.0,Mobile Phone,3,9.0,Debit Card,Female,4.0,5,Mobile Phone,2,Single,3,1,19.0,2.0,2.0,3.0,157.94,3.0,2.0,4,3,3,10,Loyal Customers
53357,1,1.0,Mobile Phone,1,10.0,Debit Card,Female,3.0,4,Laptop & Accessory,3,Divorced,2,1,20.0,2.0,2.0,3.0,166.71,3.0,2.0,4,3,3,10,Loyal Customers
53358,1,5.0,Mobile Phone,1,9.0,Debit Card,Female,3.0,6,Mobile Phone,2,Married,6,1,14.0,1.0,2.0,1.0,152.78,1.0,2.0,5,3,2,10,Potential Loyalists
53359,0,2.0,Mobile Phone,1,16.0,Credit Card,Female,4.0,4,Mobile Phone,3,Married,7,0,19.0,3.0,3.0,3.0,148.77,3.0,3.0,4,4,2,10,Potential Loyalists
53360,1,3.0,Mobile Phone,1,13.0,Credit Card,Male,4.0,4,Mobile Phone,5,Divorced,9,1,22.0,2.0,3.0,3.0,149.04,3.0,3.0,4,4,2,10,Potential Loyalists
53361,0,1.0,Mobile Phone,1,11.0,Debit Card,Female,4.0,4,Mobile Phone,3,Single,3,0,20.0,2.0,2.0,1.0,148.18,1.0,2.0,5,3,2,10,Potential Loyalists
53362,0,8.0,Mobile Phone,1,17.0,Debit Card,Male,3.0,4,Mobile Phone,4,Married,3,0,15.0,2.0,2.0,1.0,145.08,1.0,2.0,5,3,2,10,Potential Loyalists
53363,0,16.0,Mobile Phone,3,21.0,Credit Card,Female,4.0,5,Laptop & Accessory,3,Single,9,0,18.0,1.0,2.0,4.0,187.44,4.0,2.0,3,3,4,10,Loyal Customers
53364,0,7.0,Mobile Phone,1,7.0,UPI,Male,4.0,5,Mobile Phone,5,Single,5,1,12.0,1.0,2.0,3.0,152.99,3.0,2.0,4,3,2,9,Potential Loyalists
53365,0,31.0,Mobile Phone,1,12.0,Cash on Delivery,Female,3.0,5,Fashion,4,Married,4,1,14.0,2.0,2.0,,230.52,3.0,2.0,4,3,5,12,Loyal Customers
53366,0,5.0,Mobile Phone,3,14.0,Debit Card,Male,3.0,5,Mobile Phone,3,Divorced,5,0,16.0,4.0,6.0,3.0,148.29,3.0,6.0,4,5,2,11,Potential Loyalists
53367,0,9.0,Mobile Phone,1,28.0,Debit Card,Female,3.0,4,Laptop & Accessory,2,Divorced,3,1,26.0,1.0,2.0,8.0,165.14,8.0,2.0,2,3,3,8,Loyal Customers
53368,0,23.0,Mobile Phone,1,15.0,UPI,Female,3.0,4,Fashion,4,Divorced,6,0,12.0,1.0,2.0,8.0,199.03,8.0,2.0,2,3,4,9,Loyal Customers
53369,0,22.0,Mobile Phone,1,27.0,Credit Card,Male,3.0,4,Mobile Phone,3,Divorced,6,0,18.0,1.0,2.0,1.0,147.59,1.0,2.0,5,3,2,10,Potential Loyalists
53370,0,5.0,Computer,3,27.0,E wallet,Female,3.0,4,Laptop & Accessory,3,Divorced,3,0,14.0,2.0,2.0,1.0,194.32,1.0,2.0,5,3,4,12,Loyal Customers
53371,0,10.0,Mobile Phone,1,14.0,UPI,Male,4.0,4,Mobile Phone,2,Single,4,0,19.0,1.0,2.0,2.0,171.78,2.0,2.0,5,3,3,11,Loyal Customers
53372,0,12.0,Mobile Phone,1,7.0,Cash on Delivery,Female,4.0,4,Fashion,5,Divorced,3,0,14.0,4.0,6.0,12.0,260.82,12.0,6.0,1,5,5,11,Loyal Customers
53373,0,6.0,Computer,1,7.0,Debit Card,Female,4.0,5,Mobile Phone,4,Divorced,8,0,21.0,2.0,2.0,3.0,148.32,3.0,2.0,4,3,2,9,Potential Loyalists
53374,1,1.0,Mobile Phone,3,26.0,E wallet,Male,3.0,5,Mobile Phone,4,Divorced,3,1,19.0,1.0,2.0,1.0,149.13,1.0,2.0,5,3,2,10,Potential Loyalists
53375,0,14.0,Mobile Phone,3,17.0,E wallet,Male,4.0,5,Fashion,4,Married,4,0,13.0,2.0,2.0,,222.05,3.0,2.0,4,3,5,12,Loyal Customers
53376,0,1.0,Computer,3,7.0,Credit Card,Male,3.0,5,Laptop & Accessory,5,Single,3,0,13.0,2.0,2.0,8.0,167.94,8.0,2.0,2,3,3,8,Loyal Customers
53377,0,15.0,Mobile Phone,1,13.0,Credit Card,Male,3.0,4,Mobile Phone,5,Single,4,1,14.0,2.0,3.0,18.0,172.21,18.0,3.0,1,4,3,8,Loyal Customers
53378,0,10.0,Mobile Phone,1,9.0,Credit Card,Male,4.0,4,Mobile Phone,3,Single,6,0,22.0,3.0,4.0,10.0,150.19,10.0,4.0,1,5,2,8,At Risk
53379,1,1.0,Mobile Phone,3,28.0,UPI,Male,3.0,5,Mobile Phone,4,Single,3,1,14.0,1.0,2.0,1.0,146.21,1.0,2.0,5,3,2,10,Potential Loyalists
53380,1,1.0,Mobile Phone,1,11.0,Cash on Delivery,Male,3.0,4,Mobile Phone,5,Single,3,0,20.0,2.0,2.0,1.0,154.73,1.0,2.0,5,3,3,11,Loyal Customers
53381,0,5.0,Mobile Phone,1,19.0,Credit Card,Female,3.0,4,Laptop & Accessory,2,Divorced,2,1,12.0,1.0,9.0,6.0,183.55,6.0,9.0,2,5,4,11,Loyal Customers
53382,0,14.0,Computer,1,16.0,Credit Card,Male,3.0,4,Mobile Phone,4,Married,10,1,15.0,1.0,2.0,1.0,161.17,1.0,2.0,5,3,3,11,Loyal Customers
53383,0,6.0,Mobile Phone,1,10.0,Credit Card,Female,4.0,4,Laptop & Accessory,5,Divorced,3,0,13.0,7.0,7.0,4.0,192.25,4.0,7.0,3,5,4,12,Loyal Customers
53384,1,1.0,Mobile Phone,3,10.0,Debit Card,Male,3.0,5,Fashion,2,Divorced,3,1,12.0,4.0,4.0,,228.25,3.0,4.0,4,5,5,14,Champions
53385,0,7.0,Mobile Phone,1,7.0,Debit Card,Female,3.0,5,Laptop & Accessory,2,Single,2,0,15.0,1.0,2.0,5.0,194.49,5.0,2.0,2,3,4,9,Loyal Customers
53386,1,1.0,Mobile Phone,3,7.0,Debit Card,Male,3.0,5,Fashion,3,Divorced,7,0,12.0,2.0,12.0,,231.09,3.0,12.0,4,5,5,14,Champions
53387,0,19.0,Computer,1,11.0,Debit Card,Male,3.0,4,Laptop & Accessory,4,Divorced,3,0,13.0,2.0,2.0,9.0,169.47,9.0,2.0,1,3,3,7,Loyal Customers
53388,0,3.0,Computer,3,27.0,Cash on Delivery,Female,3.0,4,Mobile Phone,2,Divorced,3,0,16.0,1.0,2.0,3.0,146.57,3.0,2.0,4,3,2,9,Potential Loyalists
53389,0,9.0,Mobile Phone,3,25.0,Credit Card,Female,3.0,4,Laptop & Accessory,3,Divorced,3,0,17.0,2.0,2.0,1.0,171.01,1.0,2.0,5,3,3,11,Loyal Customers
53390,0,26.0,Mobile Phone,1,7.0,Debit Card,Male,4.0,4,Grocery,2,Divorced,4,0,,8.0,8.0,9.0,295.99,9.0,8.0,1,5,5,11,Loyal Customers
53391,1,21.0,Mobile Phone,1,9.0,Cash on Delivery,Male,3.0,4,Mobile Phone,3,Single,6,0,25.0,2.0,2.0,1.0,149.79,1.0,2.0,5,3,2,10,Potential Loyalists
53392,0,27.0,Mobile Phone,3,9.0,Credit Card,Male,3.0,4,Grocery,3,Married,8,0,14.0,,16.0,3.0,273.52,3.0,16.0,4,5,5,14,Champions
53393,0,4.0,Mobile Phone,3,15.0,UPI,Male,4.0,4,Fashion,3,Married,7,0,12.0,5.0,8.0,8.0,197.64,8.0,8.0,2,5,4,11,Loyal Customers
53394,0,12.0,Computer,3,17.0,Cash on Delivery,Female,3.0,4,Laptop & Accessory,2,Single,3,1,14.0,1.0,2.0,4.0,181.66,4.0,2.0,3,3,4,10,Loyal Customers
53395,0,9.0,Mobile Phone,3,10.0,Debit Card,Male,4.0,4,Fashion,2,Married,8,0,14.0,1.0,2.0,9.0,203.23,9.0,2.0,1,3,4,8,Loyal Customers
53396,0,13.0,Mobile Phone,3,9.0,Debit Card,Male,3.0,2,Fashion,3,Single,2,0,19.0,2.0,2.0,8.0,203.8,8.0,2.0,2,3,4,9,Loyal Customers
53397,1,4.0,Computer,3,31.0,Debit Card,Female,4.0,2,Grocery,4,Single,6,1,17.0,2.0,,1.0,256.94,1.0,2.0,5,3,5,13,Loyal Customers
53398,0,21.0,Computer,1,23.0,Credit Card,Male,4.0,2,Laptop & Accessory,3,Married,3,1,20.0,1.0,3.0,8.0,175.67,8.0,3.0,2,4,4,10,Loyal Customers
53399,0,10.0,Computer,3,15.0,Cash on Delivery,Male,3.0,4,Laptop & Accessory,2,Married,6,0,14.0,2.0,2.0,8.0,175.79,8.0,2.0,2,3,4,9,Loyal Customers
53400,1,1.0,Computer,1,16.0,Credit Card,Male,3.0,5,Mobile Phone,5,Single,2,1,23.0,2.0,2.0,3.0,148.21,3.0,2.0,4,3,2,9,Potential Loyalists
53401,0,7.0,Computer,3,24.0,Debit Card,Male,3.0,4,Grocery,3,Single,3,0,,6.0,7.0,1.0,299.44,1.0,7.0,5,5,5,15,Champions
53402,1,1.0,Mobile Phone,1,17.0,Debit Card,Female,4.0,5,Mobile Phone,5,Single,8,1,21.0,2.0,2.0,1.0,149.04,1.0,2.0,5,3,2,10,Potential Loyalists
53403,0,7.0,Mobile Phone,1,20.0,Debit Card,Female,3.0,4,Mobile Phone,2,Single,5,0,19.0,2.0,2.0,3.0,159.52,3.0,2.0,4,3,3,10,Loyal Customers
53404,0,19.0,Mobile Phone,1,7.0,Credit Card,Female,4.0,4,Mobile Phone,2,Married,5,0,15.0,1.0,2.0,3.0,147.7,3.0,2.0,4,3,2,9,Potential Loyalists
53405,0,24.0,Mobile Phone,1,7.0,Credit Card,Male,4.0,4,Grocery,2,Married,11,0,,1.0,2.0,4.0,298.99,4.0,2.0,3,3,5,11,Loyal Customers
53406,0,7.0,Computer,1,7.0,UPI,Female,3.0,2,Laptop & Accessory,4,Divorced,3,1,14.0,1.0,2.0,3.0,179.88,3.0,2.0,4,3,4,11,Loyal Customers
53407,0,15.0,Computer,1,16.0,Credit Card,Male,4.0,4,Others,3,Married,4,0,,2.0,2.0,12.0,319.19,12.0,2.0,1,3,5,9,Loyal Customers
53408,0,1.0,Mobile Phone,1,23.0,Cash on Delivery,Female,3.0,4,Mobile Phone,4,Divorced,11,0,15.0,3.0,3.0,3.0,153.11,3.0,3.0,4,4,2,10,Potential Loyalists
53409,0,19.0,Computer,1,30.0,Debit Card,Male,3.0,4,Laptop & Accessory,5,Divorced,3,1,16.0,2.0,2.0,9.0,161.33,9.0,2.0,1,3,3,7,Loyal Customers
53410,0,21.0,Mobile Phone,3,11.0,Debit Card,Female,3.0,4,Laptop & Accessory,2,Single,3,1,18.0,2.0,2.0,8.0,166.63,8.0,2.0,2,3,3,8,Loyal Customers
53411,1,1.0,Mobile Phone,1,29.0,Debit Card,Female,3.0,4,Mobile Phone,3,Divorced,6,1,12.0,1.0,2.0,2.0,146.32,2.0,2.0,5,3,2,10,Potential Loyalists
53412,0,24.0,Mobile Phone,1,31.0,Debit Card,Male,4.0,4,Grocery,3,Divorced,5,1,19.0,,2.0,6.0,264.73,6.0,2.0,2,3,5,10,Loyal Customers
53413,0,12.0,Computer,1,17.0,Credit Card,Male,4.0,4,Mobile Phone,3,Divorced,2,0,18.0,1.0,2.0,3.0,151.84,3.0,2.0,4,3,2,9,Potential Loyalists
53414,0,20.0,Mobile Phone,1,14.0,Credit Card,Male,4.0,4,Fashion,3,Married,8,0,14.0,1.0,,8.0,233.45,8.0,2.0,2,3,5,10,Loyal Customers
53415,0,1.0,Mobile Phone,1,24.0,Credit Card,Female,3.0,5,Laptop & Accessory,3,Married,3,0,16.0,3.0,4.0,3.0,168.77,3.0,4.0,4,5,3,12,Loyal Customers
53416,1,1.0,Mobile Phone,1,21.0,UPI,Male,3.0,5,Mobile Phone,4,Married,3,1,25.0,2.0,2.0,3.0,162.43,3.0,2.0,4,3,3,10,Loyal Customers
53417,0,5.0,Computer,1,7.0,Debit Card,Female,4.0,4,Laptop & Accessory,5,Divorced,3,0,13.0,2.0,2.0,4.0,166.48,4.0,2.0,3,3,3,9,Loyal Customers
53418,0,1.0,Computer,1,12.0,Debit Card,Male,4.0,4,Mobile Phone,2,Single,3,0,16.0,2.0,2.0,1.0,135.51,1.0,2.0,5,3,1,9,Potential Loyalists
53419,0,28.0,Mobile Phone,1,24.0,Cash on Delivery,Female,3.0,4,Fashion,3,Divorced,10,0,12.0,2.0,,9.0,232.39,9.0,2.0,1,3,5,9,Loyal Customers
53420,0,9.0,Mobile Phone,1,32.0,Credit Card,Female,3.0,4,Fashion,3,Married,3,1,12.0,3.0,11.0,,228.88,3.0,11.0,4,5,5,14,Champions
53421,0,4.0,Mobile Phone,1,15.0,Debit Card,Female,4.0,2,Fashion,5,Divorced,2,1,13.0,1.0,,8.0,239.16000000000005,8.0,2.0,2,3,5,10,Loyal Customers
53422,1,1.0,Mobile Phone,1,18.0,Credit Card,Female,4.0,5,Mobile Phone,5,Single,3,1,16.0,1.0,2.0,1.0,151.0,1.0,2.0,5,3,2,10,Potential Loyalists
53423,1,1.0,Computer,1,12.0,Credit Card,Female,3.0,4,Mobile Phone,4,Single,2,0,18.0,1.0,2.0,3.0,149.22,3.0,2.0,4,3,2,9,Potential Loyalists
53424,0,1.0,Mobile Phone,1,9.0,Credit Card,Male,3.0,2,Laptop & Accessory,2,Divorced,3,0,13.0,2.0,2.0,4.0,179.72,4.0,2.0,3,3,4,10,Loyal Customers
53425,0,1.0,Mobile Phone,1,15.0,Debit Card,Male,4.0,6,Mobile Phone,5,Divorced,3,0,16.0,2.0,2.0,2.0,149.51,2.0,2.0,5,3,2,10,Potential Loyalists
53426,0,22.0,Mobile Phone,1,13.0,Debit Card,Male,4.0,5,Laptop & Accessory,3,Single,4,0,14.0,1.0,3.0,3.0,167.4,3.0,3.0,4,4,3,11,Loyal Customers
53427,0,22.0,Mobile Phone,1,11.0,Debit Card,Male,4.0,5,Fashion,3,Single,9,0,15.0,2.0,,9.0,234.99,9.0,2.0,1,3,5,9,Loyal Customers
53428,0,15.0,Mobile Phone,1,14.0,Credit Card,Female,3.0,4,Laptop & Accessory,3,Single,8,0,15.0,2.0,3.0,2.0,175.03,2.0,3.0,5,4,4,13,Champions
53429,0,13.0,Mobile Phone,1,7.0,Debit Card,Female,4.0,5,Grocery,2,Divorced,3,0,17.0,1.0,,9.0,252.42,9.0,2.0,1,3,5,9,Loyal Customers
53430,0,1.0,Mobile Phone,1,9.0,Debit Card,Female,3.0,4,Laptop & Accessory,2,Divorced,2,0,19.0,1.0,3.0,3.0,167.27,3.0,3.0,4,4,3,11,Loyal Customers
53431,0,9.0,Mobile Phone,1,17.0,UPI,Male,3.0,4,Mobile Phone,2,Married,3,0,21.0,2.0,2.0,3.0,164.17,3.0,2.0,4,3,3,10,Loyal Customers
53432,0,16.0,Mobile Phone,3,12.0,E wallet,Male,3.0,4,Others,3,Divorced,8,0,,1.0,2.0,1.0,308.03,1.0,2.0,5,3,5,13,Loyal Customers
53433,0,24.0,Mobile Phone,1,16.0,Debit Card,Male,4.0,4,Mobile Phone,2,Divorced,6,0,19.0,2.0,2.0,1.0,148.8,1.0,2.0,5,3,2,10,Potential Loyalists
53434,0,31.0,Mobile Phone,1,9.0,Debit Card,Female,4.0,5,Grocery,2,Single,5,1,14.0,,5.0,4.0,262.26,4.0,5.0,3,5,5,13,Loyal Customers
53435,1,1.0,Mobile Phone,1,18.0,Credit Card,Female,4.0,6,Laptop & Accessory,4,Divorced,7,0,16.0,2.0,2.0,1.0,172.77,1.0,2.0,5,3,3,11,Loyal Customers
53436,0,29.0,Computer,1,25.0,Credit Card,Male,4.0,4,Laptop & Accessory,4,Divorced,5,1,15.0,7.0,7.0,8.0,188.85,8.0,7.0,2,5,4,11,Loyal Customers
53437,0,15.0,Computer,1,14.0,Debit Card,Female,3.0,6,Others,3,Married,3,0,23.0,2.0,6.0,11.0,324.73,11.0,6.0,1,5,5,11,Loyal Customers
53438,0,12.0,Mobile Phone,3,10.0,Debit Card,Male,3.0,4,Laptop & Accessory,2,Single,10,1,13.0,2.0,2.0,1.0,193.61,1.0,2.0,5,3,4,12,Loyal Customers
53439,1,1.0,Computer,3,36.0,Credit Card,Male,4.0,6,Laptop & Accessory,5,Single,10,0,19.0,1.0,3.0,3.0,174.69,3.0,3.0,4,4,4,12,Champions
53440,1,16.0,Mobile Phone,3,9.0,E wallet,Female,3.0,6,Others,2,Divorced,3,0,16.0,6.0,7.0,10.0,323.45,10.0,7.0,1,5,5,11,Loyal Customers
53441,0,18.0,Mobile Phone,3,35.0,Credit Card,Female,3.0,2,Grocery,2,Divorced,5,1,19.0,2.0,,12.0,258.2,12.0,2.0,1,3,5,9,Loyal Customers
53442,0,24.0,Computer,3,7.0,Debit Card,Female,4.0,4,Laptop & Accessory,3,Divorced,2,0,13.0,2.0,2.0,14.0,188.47,14.0,2.0,1,3,4,8,Loyal Customers
53443,1,1.0,Mobile Phone,1,23.0,Debit Card,Female,3.0,2,Mobile Phone,5,Single,3,0,17.0,16.0,16.0,15.0,152.43,15.0,16.0,1,5,2,8,At Risk
53444,0,13.0,Computer,1,29.0,Credit Card,Female,3.0,4,Fashion,5,Single,3,1,14.0,2.0,,9.0,233.8,9.0,2.0,1,3,5,9,Loyal Customers
53445,0,7.0,Computer,3,15.0,Debit Card,Female,3.0,5,Mobile Phone,2,Single,2,0,20.0,3.0,3.0,3.0,148.42,3.0,3.0,4,4,2,10,Potential Loyalists
53446,0,19.0,Mobile Phone,3,18.0,Debit Card,Female,3.0,4,Grocery,2,Divorced,5,0,,2.0,2.0,2.0,301.5,2.0,2.0,5,3,5,13,Loyal Customers
53447,0,6.0,Computer,1,36.0,Credit Card,Female,4.0,4,Mobile Phone,3,Single,11,0,13.0,6.0,8.0,8.0,165.25,8.0,8.0,2,5,3,10,Loyal Customers
53448,0,8.0,Mobile Phone,3,7.0,E wallet,Male,4.0,2,Laptop & Accessory,2,Married,2,0,12.0,2.0,2.0,,222.25,3.0,2.0,4,3,5,12,Loyal Customers
53449,0,31.0,Mobile Phone,3,7.0,Cash on Delivery,Male,4.0,4,Fashion,2,Divorced,5,1,15.0,1.0,,5.0,244.04,5.0,2.0,2,3,5,10,Loyal Customers
53450,0,19.0,Mobile Phone,2,31.0,Credit Card,Male,3.0,4,Mobile Phone,4,Single,3,0,17.0,1.0,2.0,5.0,146.77,5.0,2.0,2,3,2,7,At Risk
53451,0,27.0,Computer,3,9.0,E wallet,Female,3.0,5,Fashion,4,Divorced,4,0,13.0,1.0,7.0,13.0,200.25,13.0,7.0,1,5,4,10,Loyal Customers
53452,1,1.0,Mobile Phone,1,22.0,UPI,Male,3.0,4,Laptop & Accessory,3,Married,9,0,15.0,1.0,2.0,1.0,173.34,1.0,2.0,5,3,4,12,Loyal Customers
53453,1,1.0,Computer,1,9.0,Debit Card,Male,3.0,4,Mobile Phone,5,Divorced,8,1,15.0,2.0,2.0,3.0,145.42,3.0,2.0,4,3,2,9,Potential Loyalists
53454,0,8.0,Mobile Phone,3,17.0,Debit Card,Female,3.0,4,Mobile Phone,3,Divorced,3,1,20.0,1.0,2.0,1.0,147.2,1.0,2.0,5,3,2,10,Potential Loyalists
53455,0,2.0,Mobile Phone,3,17.0,Credit Card,Male,4.0,4,Mobile Phone,4,Divorced,3,0,23.0,2.0,2.0,1.0,135.52,1.0,2.0,5,3,1,9,Potential Loyalists
53456,0,12.0,Computer,1,10.0,UPI,Male,3.0,4,Mobile Phone,3,Divorced,5,0,17.0,3.0,3.0,3.0,153.21,3.0,3.0,4,4,2,10,Potential Loyalists
53457,0,24.0,Mobile Phone,1,9.0,Credit Card,Male,4.0,4,Others,3,Divorced,4,1,,8.0,8.0,8.0,317.37,8.0,8.0,2,5,5,12,Loyal Customers
53458,0,11.0,Mobile Phone,1,10.0,UPI,Female,3.0,4,Laptop & Accessory,4,Single,5,0,16.0,2.0,2.0,2.0,166.07,2.0,2.0,5,3,3,11,Loyal Customers
53459,0,14.0,Mobile Phone,3,33.0,E wallet,Male,4.0,4,Laptop & Accessory,5,Divorced,3,0,15.0,6.0,8.0,6.0,208.96,6.0,8.0,2,5,5,12,Loyal Customers
53460,0,1.0,Computer,1,7.0,Credit Card,Female,4.0,5,Mobile Phone,3,Married,3,0,14.0,2.0,2.0,4.0,145.07,4.0,2.0,3,3,2,8,Potential Loyalists
53461,0,20.0,Mobile Phone,1,7.0,Credit Card,Male,3.0,4,Others,2,Married,11,0,,2.0,3.0,3.0,321.27,3.0,3.0,4,4,5,13,Champions
53462,0,28.0,Mobile Phone,3,9.0,Debit Card,Female,3.0,5,Fashion,3,Divorced,8,0,12.0,7.0,,1.0,231.86,1.0,2.0,5,3,5,13,Loyal Customers
53463,0,30.0,Computer,1,16.0,Credit Card,Female,4.0,4,Mobile Phone,3,Divorced,4,0,20.0,1.0,2.0,4.0,154.42,4.0,2.0,3,3,3,9,Loyal Customers
53464,0,10.0,Mobile Phone,1,19.0,Credit Card,Female,3.0,5,Fashion,2,Single,2,0,12.0,6.0,8.0,,213.58,3.0,8.0,4,5,5,14,Champions
53465,0,29.0,Computer,1,9.0,Credit Card,Male,3.0,5,Grocery,5,Single,9,0,,4.0,7.0,3.0,292.56,3.0,7.0,4,5,5,14,Champions
53466,0,17.0,Mobile Phone,3,32.0,Credit Card,Male,4.0,5,Fashion,2,Married,7,0,14.0,2.0,,1.0,259.0,1.0,2.0,5,3,5,13,Loyal Customers
53467,1,1.0,Computer,3,16.0,E wallet,Female,3.0,4,Mobile Phone,2,Single,3,1,15.0,1.0,2.0,3.0,148.23,3.0,2.0,4,3,2,9,Potential Loyalists
53468,1,1.0,Mobile Phone,1,17.0,Debit Card,Female,3.0,5,Mobile Phone,5,Single,3,0,14.0,2.0,2.0,1.0,139.16,1.0,2.0,5,3,1,9,Potential Loyalists
53469,0,20.0,Mobile Phone,1,15.0,Debit Card,Female,4.0,5,Laptop & Accessory,5,Married,10,1,24.0,2.0,2.0,8.0,171.15,8.0,2.0,2,3,3,8,Loyal Customers
53470,1,15.0,Mobile Phone,1,11.0,Debit Card,Male,3.0,4,Mobile Phone,3,Divorced,11,1,13.0,2.0,3.0,8.0,149.61,8.0,3.0,2,4,2,8,At Risk
53471,1,1.0,Computer,1,31.0,Cash on Delivery,Male,4.0,5,Fashion,5,Single,3,0,13.0,1.0,2.0,,212.22,3.0,2.0,4,3,5,12,Loyal Customers
53472,0,1.0,Mobile Phone,1,7.0,Credit Card,Male,3.0,5,Mobile Phone,5,Divorced,3,0,17.0,1.0,2.0,4.0,164.55,4.0,2.0,3,3,3,9,Loyal Customers
53473,0,4.0,Mobile Phone,1,27.0,UPI,Male,3.0,4,Laptop & Accessory,5,Divorced,2,0,16.0,2.0,2.0,,224.57,3.0,2.0,4,3,5,12,Loyal Customers
53474,0,15.0,Mobile Phone,1,14.0,Cash on Delivery,Female,3.0,2,Mobile Phone,3,Divorced,3,0,14.0,2.0,2.0,9.0,158.76,9.0,2.0,1,3,3,7,Loyal Customers
53475,0,12.0,Mobile Phone,1,24.0,Debit Card,Female,4.0,5,Fashion,3,Divorced,2,0,19.0,1.0,2.0,,213.23,3.0,2.0,4,3,5,12,Loyal Customers
53476,0,14.0,Mobile Phone,1,27.0,Cash on Delivery,Male,4.0,4,Fashion,2,Divorced,6,0,21.0,5.0,12.0,,228.22,3.0,12.0,4,5,5,14,Champions
53477,0,1.0,Computer,1,15.0,Debit Card,Male,3.0,6,Mobile Phone,3,Divorced,3,0,20.0,2.0,2.0,3.0,171.21,3.0,2.0,4,3,3,10,Loyal Customers
53478,0,29.0,Computer,1,9.0,Debit Card,Male,4.0,4,Fashion,4,Divorced,5,0,19.0,2.0,,3.0,234.76,3.0,2.0,4,3,5,12,Loyal Customers
53479,0,2.0,Mobile Phone,1,17.0,UPI,Female,3.0,4,Laptop & Accessory,3,Single,5,0,14.0,2.0,2.0,8.0,161.6,8.0,2.0,2,3,3,8,Loyal Customers
53480,1,8.0,Mobile Phone,2,7.0,Credit Card,Male,4.0,5,Fashion,5,Divorced,11,0,15.0,3.0,4.0,,229.82,3.0,4.0,4,5,5,14,Champions
53481,0,7.0,Mobile Phone,1,12.0,Debit Card,Male,3.0,5,Fashion,2,Married,6,0,16.0,1.0,2.0,3.0,196.19,3.0,2.0,4,3,4,11,Loyal Customers
53482,1,1.0,Mobile Phone,3,11.0,Cash on Delivery,Male,3.0,4,Fashion,5,Single,2,1,23.0,4.0,5.0,,220.82,3.0,5.0,4,5,5,14,Champions
53483,1,1.0,Computer,1,36.0,Credit Card,Female,3.0,5,Laptop & Accessory,3,Single,3,0,23.0,4.0,4.0,9.0,170.08,9.0,4.0,1,5,3,9,Loyal Customers
53484,0,2.0,Mobile Phone,1,22.0,Debit Card,Male,3.0,4,Mobile Phone,3,Married,3,0,17.0,3.0,3.0,3.0,147.07,3.0,3.0,4,4,2,10,Potential Loyalists
53485,0,8.0,Computer,1,10.0,Debit Card,Male,3.0,4,Laptop & Accessory,2,Single,2,0,18.0,2.0,2.0,5.0,202.56,5.0,2.0,2,3,4,9,Loyal Customers
53486,0,11.0,Mobile Phone,3,17.0,Debit Card,Female,3.0,5,Laptop & Accessory,2,Married,4,1,15.0,1.0,2.0,1.0,191.94,1.0,2.0,5,3,4,12,Loyal Customers
53487,1,1.0,Mobile Phone,1,11.0,Cash on Delivery,Male,3.0,4,Mobile Phone,2,Divorced,3,1,16.0,6.0,6.0,7.0,161.91,7.0,6.0,2,5,3,10,Loyal Customers
53488,1,1.0,Mobile Phone,1,28.0,Credit Card,Male,3.0,4,Mobile Phone,3,Married,3,0,21.0,2.0,2.0,1.0,148.77,1.0,2.0,5,3,2,10,Potential Loyalists
53489,1,1.0,Mobile Phone,1,32.0,Credit Card,Male,3.0,5,Mobile Phone,4,Single,6,1,21.0,1.0,3.0,3.0,148.13,3.0,3.0,4,4,2,10,Potential Loyalists
53490,0,16.0,Mobile Phone,1,9.0,Credit Card,Male,3.0,4,Grocery,5,Divorced,2,0,,6.0,14.0,8.0,301.65,8.0,14.0,2,5,5,12,Loyal Customers
53491,1,1.0,Computer,1,5.0,Credit Card,Male,3.0,5,Mobile Phone,4,Married,3,0,16.0,1.0,2.0,1.0,150.96,1.0,2.0,5,3,2,10,Potential Loyalists
53492,1,14.0,Computer,3,7.0,UPI,Male,3.0,4,Laptop & Accessory,3,Single,5,1,15.0,1.0,2.0,1.0,172.28,1.0,2.0,5,3,3,11,Loyal Customers
53493,0,7.0,Computer,3,14.0,Debit Card,Female,2.0,4,Laptop & Accessory,4,Divorced,2,0,18.0,2.0,2.0,3.0,168.02,3.0,2.0,4,3,3,10,Loyal Customers
53494,0,8.0,Computer,1,10.0,Debit Card,Male,3.0,5,Mobile Phone,2,Divorced,5,0,18.0,2.0,2.0,1.0,154.79,1.0,2.0,5,3,3,11,Loyal Customers
53495,0,22.0,Computer,1,7.0,Credit Card,Male,3.0,2,Grocery,2,Single,4,0,,1.0,3.0,2.0,293.85,2.0,3.0,5,4,5,14,Champions
53496,0,19.0,Computer,3,16.0,Debit Card,Female,4.0,5,Laptop & Accessory,3,Divorced,3,0,14.0,1.0,5.0,13.0,180.93,13.0,5.0,1,5,4,10,Loyal Customers
53497,0,26.0,Mobile Phone,1,14.0,Debit Card,Male,3.0,4,Fashion,4,Single,9,0,20.0,4.0,5.0,,229.45,3.0,5.0,4,5,5,14,Champions
53498,0,12.0,Mobile Phone,3,17.0,E wallet,Male,4.0,5,Fashion,3,Married,2,1,15.0,3.0,3.0,,212.4,3.0,3.0,4,4,5,13,Champions
53499,0,3.0,Mobile Phone,1,35.0,Debit Card,Female,4.0,4,Mobile Phone,2,Married,6,0,23.0,1.0,2.0,8.0,150.14,8.0,2.0,2,3,2,7,At Risk
53500,0,2.0,Mobile Phone,1,10.0,Credit Card,Female,4.0,4,Fashion,4,Married,2,0,18.0,1.0,2.0,8.0,201.55,8.0,2.0,2,3,4,9,Loyal Customers
53501,0,20.0,Mobile Phone,3,10.0,E wallet,Male,3.0,4,Grocery,3,Divorced,5,0,,2.0,5.0,10.0,299.65,10.0,5.0,1,5,5,11,Loyal Customers
53502,0,12.0,Mobile Phone,3,9.0,E wallet,Male,3.0,4,Fashion,4,Single,9,0,17.0,2.0,2.0,1.0,198.51,1.0,2.0,5,3,4,12,Loyal Customers
53503,0,17.0,Computer,1,34.0,Debit Card,Female,3.0,4,Fashion,5,Divorced,10,0,12.0,1.0,,2.0,233.2,2.0,2.0,5,3,5,13,Loyal Customers
53504,1,3.0,Computer,1,9.0,Debit Card,Male,3.0,4,Grocery,2,Married,9,0,12.0,8.0,,6.0,246.69,6.0,2.0,2,3,5,10,Loyal Customers
53505,0,14.0,Mobile Phone,1,21.0,Credit Card,Male,3.0,5,Others,3,Single,3,0,,5.0,5.0,10.0,321.26,10.0,5.0,1,5,5,11,Loyal Customers
53506,0,1.0,Mobile Phone,1,7.0,Cash on Delivery,Female,4.0,5,Mobile Phone,4,Single,3,1,12.0,1.0,3.0,3.0,145.7,3.0,3.0,4,4,2,10,Potential Loyalists
53507,0,13.0,Computer,1,16.0,Debit Card,Male,4.0,4,Laptop & Accessory,4,Single,22,0,16.0,2.0,2.0,4.0,192.82,4.0,2.0,3,3,4,10,Loyal Customers
53508,0,10.0,Computer,1,25.0,Debit Card,Male,4.0,4,Laptop & Accessory,2,Single,4,0,21.0,2.0,2.0,10.0,202.79,10.0,2.0,1,3,4,8,Loyal Customers
53509,0,5.0,Computer,3,27.0,Debit Card,Male,4.0,2,Mobile Phone,2,Divorced,2,0,13.0,2.0,3.0,3.0,152.91,3.0,3.0,4,4,2,10,Potential Loyalists
53510,0,2.0,Mobile Phone,1,9.0,Debit Card,Male,4.0,5,Mobile Phone,4,Divorced,2,0,18.0,1.0,2.0,5.0,157.01,5.0,2.0,2,3,3,8,Loyal Customers
53511,0,9.0,Computer,3,18.0,E wallet,Male,3.0,4,Laptop & Accessory,2,Married,3,0,12.0,1.0,2.0,3.0,174.68,3.0,2.0,4,3,4,11,Loyal Customers
53512,0,23.0,Mobile Phone,3,15.0,Cash on Delivery,Male,3.0,5,Grocery,4,Divorced,8,0,18.0,2.0,,4.0,256.2,4.0,2.0,3,3,5,11,Loyal Customers
53513,0,8.0,Computer,1,9.0,Debit Card,Male,4.0,4,Laptop & Accessory,3,Single,4,0,12.0,2.0,2.0,3.0,165.33,3.0,2.0,4,3,3,10,Loyal Customers
53514,0,3.0,Computer,1,17.0,Debit Card,Female,4.0,4,Mobile Phone,4,Married,2,0,15.0,2.0,2.0,2.0,157.91,2.0,2.0,5,3,3,11,Loyal Customers
53515,0,16.0,Mobile Phone,1,36.0,Credit Card,Male,3.0,6,Laptop & Accessory,2,Single,6,0,20.0,2.0,2.0,1.0,167.72,1.0,2.0,5,3,3,11,Loyal Customers
53516,0,3.0,Mobile Phone,1,15.0,Credit Card,Male,4.0,5,Laptop & Accessory,2,Divorced,3,1,14.0,1.0,2.0,3.0,175.56,3.0,2.0,4,3,4,11,Loyal Customers
53517,0,12.0,Mobile Phone,2,7.0,UPI,Male,3.0,2,Mobile Phone,3,Divorced,3,0,14.0,2.0,6.0,1.0,153.44,1.0,6.0,5,5,2,12,Potential Loyalists
53518,0,5.0,Computer,1,13.0,Debit Card,Male,3.0,5,Mobile Phone,3,Married,3,1,15.0,2.0,2.0,3.0,152.03,3.0,2.0,4,3,2,9,Potential Loyalists
53519,1,1.0,Computer,1,15.0,Credit Card,Male,4.0,4,Mobile Phone,3,Single,3,0,13.0,1.0,2.0,1.0,144.04,1.0,2.0,5,3,2,10,Potential Loyalists
53520,1,1.0,Mobile Phone,3,16.0,E wallet,Female,4.0,4,Laptop & Accessory,5,Single,2,1,18.0,1.0,2.0,4.0,207.24,4.0,2.0,3,3,4,10,Loyal Customers
53521,0,15.0,Mobile Phone,1,19.0,Debit Card,Male,3.0,4,Mobile Phone,2,Divorced,5,1,12.0,2.0,2.0,1.0,172.66,1.0,2.0,5,3,3,11,Loyal Customers
53522,1,1.0,Computer,1,22.0,Credit Card,Male,4.0,4,Mobile Phone,3,Divorced,3,0,13.0,3.0,3.0,3.0,151.1,3.0,3.0,4,4,2,10,Potential Loyalists
53523,0,11.0,Mobile Phone,1,32.0,Credit Card,Female,3.0,5,Laptop & Accessory,2,Married,9,0,14.0,1.0,2.0,4.0,182.31,4.0,2.0,3,3,4,10,Loyal Customers
53524,0,1.0,Mobile Phone,1,13.0,Debit Card,Male,3.0,5,Mobile Phone,3,Divorced,3,0,14.0,3.0,3.0,3.0,150.39,3.0,3.0,4,4,2,10,Potential Loyalists
53525,0,8.0,Mobile Phone,3,16.0,Debit Card,Female,4.0,4,Laptop & Accessory,3,Divorced,3,0,21.0,2.0,2.0,4.0,182.14,4.0,2.0,3,3,4,10,Loyal Customers
53526,0,9.0,Mobile Phone,2,15.0,Cash on Delivery,Male,4.0,4,Mobile Phone,3,Single,3,0,18.0,1.0,2.0,5.0,168.23,5.0,2.0,2,3,3,8,Loyal Customers
53527,1,1.0,Mobile Phone,3,30.0,Debit Card,Female,3.0,5,Fashion,5,Divorced,3,0,14.0,1.0,4.0,11.0,198.36,11.0,4.0,1,5,4,10,Loyal Customers
53528,0,14.0,Computer,1,16.0,Credit Card,Female,3.0,4,Fashion,3,Single,11,0,18.0,1.0,,14.0,259.99,14.0,2.0,1,3,5,9,Loyal Customers
53529,1,6.0,Computer,3,19.0,Debit Card,Male,3.0,4,Grocery,5,Single,2,1,13.0,,14.0,15.0,262.58,15.0,14.0,1,5,5,11,Loyal Customers
53530,0,16.0,Mobile Phone,3,11.0,E wallet,Male,3.0,4,Laptop & Accessory,5,Single,9,0,14.0,2.0,2.0,6.0,176.55,6.0,2.0,2,3,4,9,Loyal Customers
53531,0,9.0,Mobile Phone,1,7.0,Credit Card,Male,3.0,5,Mobile Phone,3,Divorced,8,0,13.0,2.0,2.0,8.0,147.58,8.0,2.0,2,3,2,7,At Risk
53532,0,1.0,Mobile Phone,1,31.0,Credit Card,Male,3.0,4,Mobile Phone,4,Single,10,0,23.0,2.0,2.0,3.0,160.97,3.0,2.0,4,3,3,10,Loyal Customers
53533,1,1.0,Mobile Phone,1,19.0,Debit Card,Female,4.0,4,Mobile Phone,2,Divorced,3,1,12.0,2.0,2.0,1.0,150.15,1.0,2.0,5,3,2,10,Potential Loyalists
53534,0,1.0,Mobile Phone,1,10.0,Credit Card,Male,3.0,2,Mobile Phone,2,Divorced,3,0,23.0,2.0,2.0,8.0,169.2,8.0,2.0,2,3,3,8,Loyal Customers
53535,0,4.0,Mobile Phone,3,17.0,E wallet,Male,4.0,5,Laptop & Accessory,3,Divorced,3,0,19.0,2.0,2.0,5.0,190.78,5.0,2.0,2,3,4,9,Loyal Customers
53536,0,14.0,Computer,1,33.0,Credit Card,Female,4.0,5,Laptop & Accessory,2,Divorced,5,1,14.0,2.0,2.0,1.0,169.22,1.0,2.0,5,3,3,11,Loyal Customers
53537,0,9.0,Mobile Phone,1,9.0,Debit Card,Male,3.0,5,Fashion,4,Married,4,0,19.0,7.0,7.0,,227.74,3.0,7.0,4,5,5,14,Champions
53538,0,8.0,Computer,1,7.0,Credit Card,Male,4.0,5,Laptop & Accessory,5,Single,2,0,21.0,2.0,5.0,10.0,178.43,10.0,5.0,1,5,4,10,Loyal Customers
53539,0,9.0,Computer,1,11.0,UPI,Male,3.0,5,Mobile Phone,2,Divorced,3,0,14.0,3.0,3.0,3.0,148.76,3.0,3.0,4,4,2,10,Potential Loyalists
53540,1,7.0,Mobile Phone,3,16.0,E wallet,Female,3.0,6,Laptop & Accessory,3,Single,10,0,14.0,2.0,2.0,4.0,178.46,4.0,2.0,3,3,4,10,Loyal Customers
53541,0,6.0,Computer,3,9.0,Debit Card,Female,4.0,4,Mobile Phone,5,Married,3,0,13.0,1.0,2.0,1.0,153.27,1.0,2.0,5,3,2,10,Potential Loyalists
53542,0,30.0,Mobile Phone,1,11.0,Cash on Delivery,Female,4.0,4,Others,5,Married,6,0,14.0,1.0,5.0,3.0,324.43,3.0,5.0,4,5,5,14,Champions
53543,0,3.0,Mobile Phone,1,13.0,Credit Card,Female,3.0,4,Mobile Phone,2,Divorced,3,0,14.0,1.0,2.0,9.0,156.31,9.0,2.0,1,3,3,7,Loyal Customers
53544,0,1.0,Mobile Phone,1,16.0,Debit Card,Male,3.0,4,Mobile Phone,5,Single,3,0,26.0,1.0,2.0,1.0,150.52,1.0,2.0,5,3,2,10,Potential Loyalists
53545,0,19.0,Mobile Phone,1,14.0,Credit Card,Female,3.0,4,Mobile Phone,3,Divorced,6,1,20.0,2.0,2.0,3.0,169.77,3.0,2.0,4,3,3,10,Loyal Customers
53546,0,11.0,Mobile Phone,1,7.0,Debit Card,Female,3.0,5,Laptop & Accessory,2,Divorced,3,0,14.0,4.0,4.0,12.0,189.74,12.0,4.0,1,5,4,10,Loyal Customers
53547,0,1.0,Mobile Phone,1,10.0,Debit Card,Male,3.0,5,Mobile Phone,3,Single,3,0,13.0,1.0,2.0,3.0,155.33,3.0,2.0,4,3,3,10,Loyal Customers
53548,1,8.0,Mobile Phone,1,17.0,Debit Card,Male,4.0,4,Mobile Phone,3,Single,3,1,12.0,2.0,2.0,3.0,154.36,3.0,2.0,4,3,3,10,Loyal Customers
53549,0,27.0,Mobile Phone,1,14.0,Credit Card,Female,3.0,4,Others,3,Married,5,0,,5.0,5.0,8.0,311.06,8.0,5.0,2,5,5,12,Loyal Customers
53550,0,3.0,Mobile Phone,1,22.0,Debit Card,Female,4.0,6,Mobile Phone,2,Divorced,2,1,19.0,2.0,2.0,4.0,146.68,4.0,2.0,3,3,2,8,Potential Loyalists
53551,1,1.0,Computer,1,10.0,Debit Card,Male,3.0,5,Mobile Phone,2,Divorced,2,1,12.0,1.0,2.0,1.0,153.53,1.0,2.0,5,3,2,10,Potential Loyalists
53552,0,20.0,Mobile Phone,3,9.0,E wallet,Female,4.0,4,Grocery,5,Divorced,10,0,,13.0,16.0,10.0,295.48,10.0,16.0,1,5,5,11,Loyal Customers
53553,0,18.0,Computer,1,24.0,Debit Card,Male,4.0,6,Mobile Phone,3,Single,4,0,14.0,2.0,2.0,1.0,147.9,1.0,2.0,5,3,2,10,Potential Loyalists
53554,0,7.0,Mobile Phone,2,9.0,UPI,Male,3.0,4,Mobile Phone,3,Divorced,3,0,14.0,1.0,2.0,5.0,161.0,5.0,2.0,2,3,3,8,Loyal Customers
53555,1,5.0,Computer,1,12.0,Debit Card,Male,4.0,5,Mobile Phone,5,Married,8,0,18.0,2.0,2.0,1.0,146.07,1.0,2.0,5,3,2,10,Potential Loyalists
53556,0,4.0,Mobile Phone,3,36.0,Debit Card,Male,4.0,4,Laptop & Accessory,5,Married,10,0,20.0,2.0,2.0,4.0,166.15,4.0,2.0,3,3,3,9,Loyal Customers
53557,0,14.0,Computer,3,9.0,Credit Card,Male,4.0,4,Laptop & Accessory,4,Divorced,7,0,13.0,2.0,2.0,1.0,168.27,1.0,2.0,5,3,3,11,Loyal Customers
53558,0,24.0,Computer,1,9.0,Credit Card,Female,2.0,4,Grocery,5,Divorced,4,0,,3.0,3.0,3.0,303.56,3.0,3.0,4,4,5,13,Champions
53559,0,2.0,Mobile Phone,1,26.0,Credit Card,Male,4.0,5,Mobile Phone,5,Divorced,3,0,13.0,2.0,4.0,4.0,156.96,4.0,4.0,3,5,3,11,Loyal Customers
53560,0,20.0,Mobile Phone,1,22.0,Debit Card,Male,3.0,4,Others,4,Divorced,7,0,,2.0,2.0,4.0,315.81,4.0,2.0,3,3,5,11,Loyal Customers
53561,0,9.0,Mobile Phone,3,24.0,Debit Card,Male,4.0,4,Laptop & Accessory,5,Divorced,5,1,16.0,2.0,2.0,,214.66,3.0,2.0,4,3,5,12,Loyal Customers
53562,1,1.0,Mobile Phone,1,24.0,Debit Card,Female,4.0,4,Mobile Phone,4,Divorced,3,0,14.0,1.0,2.0,1.0,147.1,1.0,2.0,5,3,2,10,Potential Loyalists
53563,0,7.0,Computer,3,32.0,Credit Card,Female,3.0,4,Laptop & Accessory,3,Divorced,3,0,13.0,1.0,2.0,2.0,170.39,2.0,2.0,5,3,3,11,Loyal Customers
53564,0,10.0,Mobile Phone,1,13.0,Debit Card,Male,3.0,6,Mobile Phone,3,Married,3,0,15.0,1.0,2.0,8.0,152.41,8.0,2.0,2,3,2,7,At Risk
53565,0,4.0,Mobile Phone,1,14.0,Debit Card,Male,3.0,4,Laptop & Accessory,3,Married,3,0,14.0,9.0,9.0,10.0,159.91,10.0,9.0,1,5,3,9,Loyal Customers
53566,0,18.0,Mobile Phone,1,36.0,UPI,Male,3.0,4,Laptop & Accessory,2,Single,3,0,26.0,2.0,2.0,18.0,170.41,18.0,2.0,1,3,3,7,Loyal Customers
53567,0,1.0,Mobile Phone,3,28.0,E wallet,Male,3.0,2,Mobile Phone,2,Single,3,0,18.0,1.0,3.0,3.0,151.78,3.0,3.0,4,4,2,10,Potential Loyalists
53568,0,20.0,Mobile Phone,1,9.0,Cash on Delivery,Male,3.0,4,Laptop & Accessory,2,Married,4,0,12.0,2.0,2.0,5.0,198.79,5.0,2.0,2,3,4,9,Loyal Customers
53569,0,16.0,Computer,2,9.0,Credit Card,Male,4.0,2,Laptop & Accessory,5,Divorced,9,0,17.0,1.0,2.0,4.0,187.72,4.0,2.0,3,3,4,10,Loyal Customers
53570,0,31.0,Mobile Phone,3,14.0,E wallet,Male,3.0,2,Laptop & Accessory,2,Married,2,1,19.0,1.0,2.0,10.0,177.2,10.0,2.0,1,3,4,8,Loyal Customers
53571,0,6.0,Computer,1,20.0,UPI,Female,4.0,5,Mobile Phone,4,Divorced,3,0,21.0,1.0,3.0,3.0,152.43,3.0,3.0,4,4,2,10,Potential Loyalists
53572,0,6.0,Computer,1,9.0,Debit Card,Female,3.0,4,Laptop & Accessory,3,Single,6,1,15.0,2.0,2.0,8.0,174.98,8.0,2.0,2,3,4,9,Loyal Customers
53573,0,10.0,Mobile Phone,1,7.0,Cash on Delivery,Female,4.0,6,Fashion,5,Married,4,1,22.0,6.0,8.0,,227.52,3.0,8.0,4,5,5,14,Champions
53574,0,7.0,Mobile Phone,1,16.0,Credit Card,Male,3.0,4,Mobile Phone,2,Divorced,2,0,14.0,2.0,5.0,11.0,152.81,11.0,5.0,1,5,2,8,At Risk
53575,0,14.0,Mobile Phone,3,17.0,Cash on Delivery,Female,3.0,5,Laptop & Accessory,4,Married,9,0,13.0,2.0,2.0,4.0,193.52,4.0,2.0,3,3,4,10,Loyal Customers
53576,0,1.0,Mobile Phone,3,17.0,Debit Card,Male,3.0,4,Laptop & Accessory,2,Single,2,0,15.0,1.0,2.0,2.0,174.5,2.0,2.0,5,3,4,12,Loyal Customers
53577,0,4.0,Mobile Phone,1,7.0,Credit Card,Male,4.0,4,Mobile Phone,4,Divorced,2,1,22.0,2.0,6.0,8.0,160.79,8.0,6.0,2,5,3,10,Loyal Customers
53578,0,16.0,Computer,1,33.0,Credit Card,Female,3.0,4,Fashion,5,Divorced,5,1,18.0,1.0,,1.0,256.91,1.0,2.0,5,3,5,13,Loyal Customers
53579,0,9.0,Computer,3,15.0,E wallet,Female,4.0,5,Fashion,2,Divorced,6,1,12.0,3.0,5.0,,228.77,3.0,5.0,4,5,5,14,Champions
53580,0,1.0,Mobile Phone,1,21.0,Debit Card,Male,3.0,4,Mobile Phone,5,Divorced,3,1,15.0,3.0,7.0,9.0,147.35,9.0,7.0,1,5,2,8,At Risk
53581,0,28.0,Computer,1,7.0,Debit Card,Female,3.0,4,Fashion,3,Married,9,0,18.0,2.0,2.0,,230.02,3.0,2.0,4,3,5,12,Loyal Customers
53582,0,18.0,Mobile Phone,1,9.0,Debit Card,Female,4.0,2,Mobile Phone,2,Divorced,3,0,14.0,7.0,8.0,8.0,145.11,8.0,8.0,2,5,2,9,At Risk
53583,1,1.0,Computer,1,17.0,Credit Card,Female,4.0,5,Mobile Phone,4,Single,3,1,26.0,2.0,2.0,1.0,143.59,1.0,2.0,5,3,2,10,Potential Loyalists
53584,0,3.0,Mobile Phone,1,7.0,Debit Card,Female,4.0,4,Mobile Phone,2,Married,3,0,16.0,1.0,2.0,3.0,162.6,3.0,2.0,4,3,3,10,Loyal Customers
53585,0,28.0,Mobile Phone,1,10.0,Debit Card,Male,3.0,4,Grocery,2,Divorced,5,0,,2.0,2.0,10.0,302.79,10.0,2.0,1,3,5,9,Loyal Customers
53586,0,5.0,Mobile Phone,1,18.0,Credit Card,Male,4.0,4,Laptop & Accessory,5,Divorced,3,1,13.0,1.0,2.0,2.0,193.33,2.0,2.0,5,3,4,12,Loyal Customers
53587,0,5.0,Mobile Phone,1,31.0,Credit Card,Female,4.0,5,Laptop & Accessory,5,Single,3,0,20.0,1.0,2.0,9.0,193.12,9.0,2.0,1,3,4,8,Loyal Customers
53588,0,31.0,Mobile Phone,3,10.0,Debit Card,Female,3.0,5,Laptop & Accessory,2,Single,7,0,18.0,1.0,2.0,6.0,176.71,6.0,2.0,2,3,4,9,Loyal Customers
53589,0,17.0,Mobile Phone,1,10.0,Debit Card,Male,4.0,6,Others,2,Divorced,5,0,,2.0,2.0,8.0,322.4,8.0,2.0,2,3,5,10,Loyal Customers
53590,0,23.0,Mobile Phone,1,11.0,Credit Card,Male,3.0,5,Others,3,Divorced,4,0,,1.0,2.0,1.0,312.11,1.0,2.0,5,3,5,13,Loyal Customers
53591,0,10.0,Computer,1,10.0,Cash on Delivery,Male,3.0,4,Mobile Phone,4,Divorced,3,0,13.0,2.0,2.0,8.0,161.92,8.0,2.0,2,3,3,8,Loyal Customers
53592,0,22.0,Mobile Phone,1,9.0,Cash on Delivery,Male,4.0,2,Mobile Phone,4,Single,7,0,12.0,1.0,2.0,1.0,150.59,1.0,2.0,5,3,2,10,Potential Loyalists
53593,0,1.0,Mobile Phone,1,11.0,Debit Card,Male,4.0,4,Mobile Phone,3,Married,3,0,12.0,2.0,2.0,4.0,150.17,4.0,2.0,3,3,2,8,Potential Loyalists
53594,0,3.0,Mobile Phone,1,14.0,Debit Card,Male,3.0,4,Laptop & Accessory,2,Married,3,1,12.0,1.0,2.0,1.0,191.23,1.0,2.0,5,3,4,12,Loyal Customers
53595,0,22.0,Mobile Phone,1,7.0,Debit Card,Male,4.0,5,Others,2,Single,8,0,,2.0,2.0,1.0,307.65,1.0,2.0,5,3,5,13,Loyal Customers
53596,0,3.0,Mobile Phone,1,7.0,Debit Card,Female,3.0,5,Grocery,2,Married,5,0,15.0,,2.0,8.0,286.24,8.0,2.0,2,3,5,10,Loyal Customers
53597,0,8.0,Mobile Phone,1,27.0,Cash on Delivery,Female,3.0,2,Mobile Phone,3,Divorced,2,0,18.0,2.0,2.0,1.0,150.85,1.0,2.0,5,3,2,10,Potential Loyalists
53598,0,18.0,Mobile Phone,3,12.0,E wallet,Male,3.0,4,Others,4,Divorced,9,0,,2.0,4.0,11.0,307.13,11.0,4.0,1,5,5,11,Loyal Customers
53599,0,7.0,Mobile Phone,3,17.0,E wallet,Male,3.0,2,Fashion,3,Married,2,1,15.0,2.0,2.0,9.0,208.8,9.0,2.0,1,3,4,8,Loyal Customers
53600,0,1.0,Mobile Phone,1,32.0,Debit Card,Female,3.0,2,Mobile Phone,2,Single,3,1,13.0,2.0,2.0,2.0,154.94,2.0,2.0,5,3,3,11,Loyal Customers
53601,0,1.0,Mobile Phone,1,7.0,Debit Card,Male,3.0,4,Mobile Phone,3,Divorced,3,0,23.0,1.0,2.0,2.0,137.23,2.0,2.0,5,3,1,9,Potential Loyalists
53602,1,1.0,Computer,3,31.0,Debit Card,Male,4.0,6,Mobile Phone,2,Single,3,1,15.0,2.0,2.0,1.0,136.18,1.0,2.0,5,3,1,9,Potential Loyalists
53603,0,1.0,Mobile Phone,1,11.0,Debit Card,Male,3.0,4,Mobile Phone,2,Single,3,1,21.0,1.0,3.0,3.0,153.75,3.0,3.0,4,4,3,11,Loyal Customers
53604,1,9.0,Mobile Phone,3,9.0,E wallet,Female,4.0,6,Others,4,Single,4,1,,1.0,2.0,12.0,313.24,12.0,2.0,1,3,5,9,Loyal Customers
53605,0,29.0,Computer,1,15.0,Credit Card,Male,3.0,5,Grocery,4,Married,3,1,16.0,4.0,16.0,1.0,260.77,1.0,16.0,5,5,5,15,Champions
53606,1,1.0,Computer,1,17.0,Debit Card,Female,3.0,5,Mobile Phone,3,Single,3,0,21.0,3.0,3.0,3.0,151.25,3.0,3.0,4,4,2,10,Potential Loyalists
53607,0,20.0,Mobile Phone,3,11.0,E wallet,Female,3.0,5,Others,4,Divorced,4,0,,2.0,2.0,9.0,312.89,9.0,2.0,1,3,5,9,Loyal Customers
53608,0,8.0,Mobile Phone,3,9.0,E wallet,Female,3.0,4,Laptop & Accessory,5,Single,2,1,13.0,2.0,2.0,3.0,170.38,3.0,2.0,4,3,3,10,Loyal Customers
53609,0,25.0,Computer,3,16.0,Debit Card,Male,3.0,4,Others,4,Married,6,1,25.0,3.0,12.0,11.0,323.47,11.0,12.0,1,5,5,11,Loyal Customers
53610,0,31.0,Mobile Phone,1,25.0,Credit Card,Male,4.0,4,Fashion,2,Single,8,0,13.0,2.0,6.0,,230.12,3.0,6.0,4,5,5,14,Champions
53611,0,8.0,Computer,1,26.0,Credit Card,Female,3.0,4,Laptop & Accessory,4,Married,6,0,14.0,4.0,6.0,11.0,169.44,11.0,6.0,1,5,3,9,Loyal Customers
53612,0,2.0,Computer,1,7.0,Credit Card,Male,3.0,4,Mobile Phone,3,Single,2,1,12.0,1.0,2.0,3.0,146.54,3.0,2.0,4,3,2,9,Potential Loyalists
53613,0,18.0,Mobile Phone,1,11.0,Debit Card,Male,4.0,2,Others,5,Married,3,0,,2.0,15.0,14.0,316.9,14.0,15.0,1,5,5,11,Loyal Customers
53614,0,8.0,Computer,2,18.0,Debit Card,Male,3.0,5,Laptop & Accessory,4,Divorced,6,0,12.0,1.0,2.0,9.0,169.9,9.0,2.0,1,3,3,7,Loyal Customers
53615,0,9.0,Mobile Phone,1,13.0,Debit Card,Male,4.0,4,Mobile Phone,3,Divorced,2,1,15.0,2.0,3.0,3.0,160.06,3.0,3.0,4,4,3,11,Loyal Customers
53616,0,16.0,Mobile Phone,1,14.0,Credit Card,Female,4.0,2,Laptop & Accessory,4,Divorced,8,1,17.0,1.0,2.0,1.0,148.72,1.0,2.0,5,3,2,10,Potential Loyalists
53617,0,17.0,Mobile Phone,3,11.0,E wallet,Female,3.0,5,Fashion,2,Single,5,0,15.0,11.0,16.0,,227.31,3.0,16.0,4,5,5,14,Champions
53618,0,10.0,Mobile Phone,1,9.0,Debit Card,Female,3.0,4,Laptop & Accessory,4,Single,11,1,12.0,5.0,6.0,13.0,179.1,13.0,6.0,1,5,4,10,Loyal Customers
53619,1,8.0,Mobile Phone,1,22.0,Credit Card,Female,4.0,4,Fashion,2,Divorced,3,0,12.0,1.0,2.0,6.0,204.78,6.0,2.0,2,3,4,9,Loyal Customers
53620,0,2.0,Computer,1,9.0,Debit Card,Male,3.0,5,Mobile Phone,2,Divorced,3,1,13.0,3.0,3.0,3.0,163.67,3.0,3.0,4,4,3,11,Loyal Customers
53621,0,25.0,Computer,1,13.0,Credit Card,Female,3.0,5,Mobile Phone,3,Single,2,0,15.0,8.0,8.0,8.0,153.38,8.0,8.0,2,5,2,9,At Risk
53622,0,4.0,Computer,1,16.0,Credit Card,Female,4.0,4,Laptop & Accessory,3,Single,9,1,19.0,2.0,2.0,8.0,171.95,8.0,2.0,2,3,3,8,Loyal Customers
53623,1,1.0,Mobile Phone,1,14.0,Cash on Delivery,Female,3.0,4,Mobile Phone,3,Married,5,1,14.0,2.0,8.0,8.0,158.39,8.0,8.0,2,5,3,10,Loyal Customers
53624,0,2.0,Mobile Phone,1,7.0,Cash on Delivery,Male,3.0,4,Mobile Phone,5,Single,4,0,12.0,1.0,2.0,3.0,145.8,3.0,2.0,4,3,2,9,Potential Loyalists
53625,0,1.0,Mobile Phone,1,7.0,Credit Card,Female,3.0,4,Mobile Phone,4,Single,3,0,19.0,2.0,3.0,2.0,145.96,2.0,3.0,5,4,2,11,Potential Loyalists
53626,0,6.0,Mobile Phone,3,15.0,Credit Card,Male,3.0,2,Laptop & Accessory,2,Divorced,3,0,16.0,1.0,2.0,9.0,187.09,9.0,2.0,1,3,4,8,Loyal Customers
53627,0,19.0,Computer,1,32.0,Credit Card,Female,3.0,4,Others,4,Single,5,0,,2.0,2.0,1.0,305.61,1.0,2.0,5,3,5,13,Loyal Customers
53628,0,13.0,Mobile Phone,1,20.0,Credit Card,Female,4.0,5,Grocery,4,Married,8,1,,14.0,16.0,3.0,296.23,3.0,16.0,4,5,5,14,Champions
53629,0,31.0,Mobile Phone,1,30.0,Debit Card,Male,3.0,4,Mobile Phone,3,Married,3,0,13.0,3.0,3.0,3.0,148.72,3.0,3.0,4,4,2,10,Potential Loyalists
53630,1,1.0,Mobile Phone,1,14.0,Debit Card,Male,4.0,4,Laptop & Accessory,3,Divorced,3,0,19.0,2.0,2.0,2.0,173.83,2.0,2.0,5,3,4,12,Loyal Customers
53631,1,3.0,Mobile Phone,1,30.0,Credit Card,Male,4.0,4,Mobile Phone,5,Single,2,0,14.0,1.0,2.0,4.0,164.04,4.0,2.0,3,3,3,9,Loyal Customers
53632,0,4.0,Mobile Phone,1,13.0,Cash on Delivery,Female,3.0,5,Laptop & Accessory,2,Divorced,2,0,13.0,6.0,7.0,8.0,171.27,8.0,7.0,2,5,3,10,Loyal Customers
53633,0,10.0,Mobile Phone,1,17.0,Cash on Delivery,Female,4.0,4,Fashion,3,Divorced,5,0,13.0,1.0,2.0,8.0,195.94,8.0,2.0,2,3,4,9,Loyal Customers
53634,0,20.0,Mobile Phone,2,7.0,Debit Card,Female,3.0,4,Mobile Phone,5,Single,8,0,13.0,4.0,6.0,8.0,159.23,8.0,6.0,2,5,3,10,Loyal Customers
53635,0,2.0,Computer,1,7.0,Debit Card,Female,3.0,6,Laptop & Accessory,2,Divorced,2,0,12.0,8.0,8.0,6.0,191.74,6.0,8.0,2,5,4,11,Loyal Customers
53636,0,24.0,Mobile Phone,1,35.0,Debit Card,Female,3.0,4,Grocery,5,Divorced,6,1,,1.0,2.0,3.0,293.8,3.0,2.0,4,3,5,12,Loyal Customers
53637,1,4.0,Mobile Phone,3,32.0,E wallet,Male,3.0,5,Fashion,4,Single,4,1,13.0,1.0,2.0,,215.94,3.0,2.0,4,3,5,12,Loyal Customers
53638,1,16.0,Mobile Phone,3,12.0,Debit Card,Male,4.0,4,Fashion,4,Single,11,1,20.0,6.0,8.0,,209.46,3.0,8.0,4,5,5,14,Champions
53639,0,4.0,Mobile Phone,1,24.0,Credit Card,Female,4.0,4,Fashion,5,Divorced,3,1,24.0,1.0,,9.0,244.16000000000005,9.0,2.0,1,3,5,9,Loyal Customers
53640,0,13.0,Mobile Phone,1,25.0,Debit Card,Male,3.0,4,Laptop & Accessory,3,Single,2,0,12.0,1.0,2.0,8.0,170.34,8.0,2.0,2,3,3,8,Loyal Customers
53641,0,5.0,Computer,3,9.0,Debit Card,Female,3.0,4,Fashion,3,Married,3,1,20.0,4.0,10.0,,223.52,3.0,10.0,4,5,5,14,Champions
53642,0,15.0,Computer,3,17.0,Credit Card,Male,3.0,6,Laptop & Accessory,4,Single,3,0,14.0,4.0,12.0,10.0,186.51,10.0,12.0,1,5,4,10,Loyal Customers
53643,1,1.0,Computer,3,7.0,Debit Card,Female,3.0,4,Mobile Phone,4,Single,3,1,12.0,2.0,3.0,3.0,148.02,3.0,3.0,4,4,2,10,Potential Loyalists
53644,1,8.0,Mobile Phone,1,10.0,Debit Card,Male,3.0,4,Mobile Phone,5,Divorced,6,0,13.0,2.0,2.0,3.0,148.62,3.0,2.0,4,3,2,9,Potential Loyalists
53645,0,16.0,Computer,1,9.0,Debit Card,Male,3.0,4,Grocery,3,Divorced,2,1,,1.0,3.0,11.0,303.61,11.0,3.0,1,4,5,10,Loyal Customers
53646,0,29.0,Mobile Phone,1,9.0,Credit Card,Female,3.0,6,Others,3,Divorced,6,0,,6.0,10.0,12.0,316.87,12.0,10.0,1,5,5,11,Loyal Customers
53647,0,30.0,Mobile Phone,2,15.0,Debit Card,Male,3.0,4,Others,4,Single,8,0,,2.0,8.0,8.0,322.17,8.0,8.0,2,5,5,12,Loyal Customers
53648,0,14.0,Computer,1,23.0,Debit Card,Male,4.0,4,Mobile Phone,3,Married,11,0,17.0,2.0,2.0,1.0,160.44,1.0,2.0,5,3,3,11,Loyal Customers
53649,0,8.0,Mobile Phone,1,16.0,Debit Card,Male,3.0,4,Fashion,2,Married,2,0,12.0,2.0,2.0,,210.0,3.0,2.0,4,3,5,12,Loyal Customers
53650,0,14.0,Mobile Phone,1,9.0,Debit Card,Male,4.0,4,Laptop & Accessory,2,Single,3,0,14.0,4.0,9.0,9.0,171.61,9.0,9.0,1,5,3,9,Loyal Customers
53651,0,15.0,Computer,3,7.0,E wallet,Female,4.0,4,Laptop & Accessory,5,Married,2,0,18.0,1.0,2.0,8.0,166.03,8.0,2.0,2,3,3,8,Loyal Customers
53652,0,9.0,Computer,1,11.0,Debit Card,Male,3.0,4,Laptop & Accessory,3,Single,3,1,12.0,2.0,2.0,2.0,167.49,2.0,2.0,5,3,3,11,Loyal Customers
53653,0,25.0,Mobile Phone,2,12.0,Debit Card,Male,3.0,4,Grocery,4,Married,3,1,12.0,,2.0,11.0,265.26,11.0,2.0,1,3,5,9,Loyal Customers
53654,0,12.0,Mobile Phone,3,9.0,Debit Card,Female,3.0,4,Laptop & Accessory,5,Married,5,0,16.0,1.0,2.0,8.0,193.93,8.0,2.0,2,3,4,9,Loyal Customers
53655,0,8.0,Mobile Phone,3,22.0,Credit Card,Female,4.0,4,Laptop & Accessory,5,Single,3,0,13.0,2.0,10.0,7.0,186.25,7.0,10.0,2,5,4,11,Loyal Customers
53656,0,1.0,Mobile Phone,1,26.0,Credit Card,Male,4.0,4,Mobile Phone,2,Divorced,5,0,12.0,2.0,2.0,3.0,161.69,3.0,2.0,4,3,3,10,Loyal Customers
53657,1,21.0,Mobile Phone,1,14.0,Credit Card,Female,3.0,5,Fashion,5,Divorced,9,1,15.0,5.0,6.0,,225.08,3.0,6.0,4,5,5,14,Champions
53658,0,14.0,Mobile Phone,1,7.0,Debit Card,Male,3.0,4,Mobile Phone,4,Divorced,5,0,23.0,2.0,2.0,4.0,148.87,4.0,2.0,3,3,2,8,Potential Loyalists
53659,0,10.0,Computer,3,14.0,E wallet,Female,3.0,2,Laptop & Accessory,5,Divorced,4,0,17.0,6.0,7.0,14.0,171.39,14.0,7.0,1,5,3,9,Loyal Customers
53660,0,22.0,Mobile Phone,1,11.0,Debit Card,Male,3.0,4,Fashion,2,Single,3,0,12.0,2.0,2.0,9.0,203.98,9.0,2.0,1,3,4,8,Loyal Customers
53661,0,1.0,Mobile Phone,3,18.0,Credit Card,Female,4.0,2,Mobile Phone,2,Divorced,10,0,15.0,2.0,2.0,1.0,150.34,1.0,2.0,5,3,2,10,Potential Loyalists
53662,0,25.0,Mobile Phone,1,18.0,Cash on Delivery,Female,3.0,5,Grocery,4,Single,5,0,17.0,1.0,,4.0,256.42,4.0,2.0,3,3,5,11,Loyal Customers
53663,0,1.0,Computer,1,7.0,Debit Card,Female,4.0,4,Mobile Phone,2,Single,3,0,16.0,2.0,2.0,1.0,141.11,1.0,2.0,5,3,2,10,Potential Loyalists
53664,0,9.0,Mobile Phone,1,7.0,Credit Card,Female,3.0,5,Laptop & Accessory,2,Divorced,2,0,13.0,2.0,2.0,1.0,178.63,1.0,2.0,5,3,4,12,Loyal Customers
53665,0,1.0,Computer,3,9.0,Debit Card,Male,3.0,6,Laptop & Accessory,2,Single,5,0,21.0,2.0,2.0,1.0,175.71,1.0,2.0,5,3,4,12,Loyal Customers
53666,1,19.0,Mobile Phone,3,20.0,E wallet,Male,3.0,2,Grocery,3,Single,8,1,18.0,,4.0,9.0,261.95,9.0,4.0,1,5,5,11,Loyal Customers
53667,0,30.0,Mobile Phone,1,30.0,Debit Card,Male,4.0,4,Grocery,4,Divorced,6,1,13.0,12.0,,10.0,259.02,10.0,2.0,1,3,5,9,Loyal Customers
53668,0,8.0,Computer,1,33.0,Cash on Delivery,Female,4.0,5,Mobile Phone,3,Married,3,0,21.0,2.0,2.0,1.0,145.29,1.0,2.0,5,3,2,10,Potential Loyalists
53669,0,14.0,Mobile Phone,1,9.0,Credit Card,Female,3.0,2,Laptop & Accessory,3,Married,7,0,21.0,6.0,12.0,9.0,188.77,9.0,12.0,1,5,4,10,Loyal Customers
53670,0,8.0,Mobile Phone,1,36.0,Credit Card,Male,3.0,4,Laptop & Accessory,3,Divorced,6,0,14.0,1.0,8.0,8.0,179.29,8.0,8.0,2,5,4,11,Loyal Customers
53671,1,1.0,Computer,3,9.0,Debit Card,Female,3.0,5,Mobile Phone,2,Single,9,0,15.0,1.0,2.0,1.0,152.85,1.0,2.0,5,3,2,10,Potential Loyalists
53672,1,1.0,Computer,3,25.0,E wallet,Female,4.0,4,Laptop & Accessory,3,Divorced,2,1,19.0,4.0,4.0,3.0,171.14,3.0,4.0,4,5,3,12,Loyal Customers
53673,0,12.0,Computer,1,14.0,Debit Card,Male,3.0,2,Mobile Phone,3,Married,3,0,12.0,1.0,2.0,4.0,151.1,4.0,2.0,3,3,2,8,Potential Loyalists
53674,0,8.0,Mobile Phone,1,9.0,Cash on Delivery,Female,4.0,4,Laptop & Accessory,2,Single,3,0,12.0,2.0,5.0,12.0,191.87,12.0,5.0,1,5,4,10,Loyal Customers
53675,0,2.0,Mobile Phone,3,33.0,Debit Card,Male,3.0,5,Laptop & Accessory,5,Divorced,3,0,12.0,2.0,2.0,5.0,172.24,5.0,2.0,2,3,3,8,Loyal Customers
53676,1,1.0,Mobile Phone,1,29.0,Credit Card,Male,4.0,4,Laptop & Accessory,3,Divorced,3,1,16.0,4.0,7.0,8.0,186.79,8.0,7.0,2,5,4,11,Loyal Customers
53677,0,13.0,Mobile Phone,3,28.0,Debit Card,Male,3.0,5,Laptop & Accessory,2,Divorced,5,1,13.0,1.0,2.0,5.0,186.2,5.0,2.0,2,3,4,9,Loyal Customers
53678,0,25.0,Computer,3,9.0,E wallet,Male,3.0,4,Fashion,4,Divorced,4,0,12.0,1.0,4.0,,230.96,3.0,4.0,4,5,5,14,Champions
53679,0,15.0,Computer,1,29.0,Debit Card,Female,4.0,4,Laptop & Accessory,2,Married,5,1,15.0,1.0,4.0,4.0,179.67,4.0,4.0,3,5,4,12,Loyal Customers
53680,0,11.0,Mobile Phone,1,11.0,Debit Card,Male,3.0,4,Mobile Phone,3,Divorced,9,1,16.0,2.0,2.0,4.0,154.96,4.0,2.0,3,3,3,9,Loyal Customers
53681,0,7.0,Computer,3,12.0,Debit Card,Male,4.0,4,Laptop & Accessory,2,Divorced,8,0,14.0,2.0,2.0,,224.98,3.0,2.0,4,3,5,12,Loyal Customers
53682,0,6.0,Mobile Phone,3,9.0,E wallet,Male,3.0,4,Laptop & Accessory,4,Divorced,2,1,14.0,1.0,2.0,3.0,165.78,3.0,2.0,4,3,3,10,Loyal Customers
53683,0,13.0,Computer,1,32.0,Debit Card,Male,4.0,4,Fashion,3,Divorced,5,0,22.0,1.0,,6.0,234.2,6.0,2.0,2,3,5,10,Loyal Customers
53684,0,1.0,Mobile Phone,3,25.0,Debit Card,Male,4.0,2,Laptop & Accessory,3,Divorced,4,0,12.0,1.0,2.0,3.0,187.32,3.0,2.0,4,3,4,11,Loyal Customers
53685,0,26.0,Computer,1,35.0,Credit Card,Female,3.0,2,Grocery,3,Divorced,4,1,12.0,1.0,,3.0,257.47,3.0,2.0,4,3,5,12,Loyal Customers
53686,0,17.0,Mobile Phone,1,13.0,Credit Card,Female,4.0,5,Laptop & Accessory,3,Single,3,1,15.0,2.0,2.0,9.0,165.81,9.0,2.0,1,3,3,7,Loyal Customers
53687,0,1.0,Mobile Phone,3,17.0,E wallet,Female,4.0,5,Laptop & Accessory,2,Divorced,3,1,12.0,3.0,5.0,5.0,182.69,5.0,5.0,2,5,4,11,Loyal Customers
53688,1,1.0,Mobile Phone,1,24.0,Debit Card,Female,3.0,4,Mobile Phone,3,Single,3,1,14.0,4.0,8.0,8.0,148.94,8.0,8.0,2,5,2,9,At Risk
53689,0,1.0,Mobile Phone,1,9.0,Credit Card,Male,3.0,5,Mobile Phone,2,Single,2,0,13.0,1.0,2.0,2.0,164.04,2.0,2.0,5,3,3,11,Loyal Customers
53690,0,16.0,Mobile Phone,2,17.0,UPI,Female,3.0,4,Grocery,5,Divorced,2,0,,1.0,2.0,10.0,292.99,10.0,2.0,1,3,5,9,Loyal Customers
53691,0,26.0,Mobile Phone,1,15.0,UPI,Female,3.0,4,Mobile Phone,5,Divorced,11,0,14.0,2.0,2.0,5.0,154.5,5.0,2.0,2,3,3,8,Loyal Customers
53692,0,11.0,Mobile Phone,1,18.0,Credit Card,Female,4.0,4,Mobile Phone,3,Single,6,0,19.0,1.0,2.0,3.0,161.29,3.0,2.0,4,3,3,10,Loyal Customers
53693,0,9.0,Computer,1,25.0,Debit Card,Male,3.0,4,Fashion,2,Single,4,0,12.0,1.0,3.0,,218.62,3.0,3.0,4,4,5,13,Champions
53694,0,1.0,Mobile Phone,1,7.0,Cash on Delivery,Male,3.0,4,Mobile Phone,2,Divorced,6,0,12.0,2.0,2.0,3.0,157.29,3.0,2.0,4,3,3,10,Loyal Customers
53695,0,1.0,Mobile Phone,1,14.0,UPI,Male,4.0,2,Mobile Phone,5,Single,2,0,13.0,2.0,2.0,8.0,160.78,8.0,2.0,2,3,3,8,Loyal Customers
53696,0,3.0,Mobile Phone,2,24.0,UPI,Male,3.0,5,Fashion,5,Single,3,0,14.0,1.0,2.0,10.0,204.88,10.0,2.0,1,3,4,8,Loyal Customers
53697,1,1.0,Computer,1,35.0,Debit Card,Male,4.0,5,Laptop & Accessory,5,Single,5,0,21.0,1.0,2.0,4.0,167.84,4.0,2.0,3,3,3,9,Loyal Customers
53698,1,1.0,Computer,1,21.0,UPI,Female,3.0,4,Fashion,2,Single,2,1,13.0,3.0,8.0,8.0,200.53,8.0,8.0,2,5,4,11,Loyal Customers
53699,0,28.0,Mobile Phone,1,7.0,Credit Card,Female,3.0,4,Grocery,2,Single,8,0,,6.0,13.0,8.0,298.28,8.0,13.0,2,5,5,12,Loyal Customers
53700,0,31.0,Mobile Phone,1,7.0,Credit Card,Female,4.0,4,Others,5,Divorced,5,1,,2.0,2.0,6.0,322.01,6.0,2.0,2,3,5,10,Loyal Customers
53701,0,29.0,Mobile Phone,1,7.0,Credit Card,Male,3.0,2,Grocery,2,Married,4,0,14.0,,2.0,1.0,272.32,1.0,2.0,5,3,5,13,Loyal Customers
53702,0,10.0,Mobile Phone,3,10.0,E wallet,Female,3.0,4,Laptop & Accessory,4,Single,5,1,17.0,1.0,2.0,,217.78,3.0,2.0,4,3,5,12,Loyal Customers
53703,1,1.0,Computer,3,7.0,Debit Card,Female,3.0,6,Mobile Phone,3,Single,3,0,13.0,2.0,2.0,1.0,138.59,1.0,2.0,5,3,1,9,Potential Loyalists
53704,0,4.0,Mobile Phone,3,14.0,E wallet,Female,4.0,4,Laptop & Accessory,5,Married,9,0,15.0,2.0,2.0,3.0,172.79,3.0,2.0,4,3,3,10,Loyal Customers
53705,0,5.0,Mobile Phone,1,15.0,Debit Card,Female,4.0,4,Grocery,4,Single,5,0,12.0,,2.0,1.0,289.22,1.0,2.0,5,3,5,13,Loyal Customers
53706,0,8.0,Computer,1,7.0,UPI,Male,4.0,4,Mobile Phone,5,Married,7,0,15.0,2.0,2.0,4.0,154.96,4.0,2.0,3,3,3,9,Loyal Customers
53707,1,1.0,Mobile Phone,1,15.0,Debit Card,Female,3.0,5,Mobile Phone,4,Single,3,0,13.0,1.0,2.0,1.0,137.61,1.0,2.0,5,3,1,9,Potential Loyalists
53708,0,1.0,Mobile Phone,1,18.0,Debit Card,Male,4.0,4,Mobile Phone,5,Divorced,2,0,15.0,2.0,2.0,5.0,145.99,5.0,2.0,2,3,2,7,At Risk
53709,0,10.0,Mobile Phone,1,11.0,Debit Card,Male,3.0,5,Laptop & Accessory,2,Single,3,0,17.0,2.0,2.0,9.0,183.1,9.0,2.0,1,3,4,8,Loyal Customers
53710,0,10.0,Mobile Phone,3,23.0,E wallet,Female,4.0,5,Laptop & Accessory,5,Divorced,6,0,14.0,2.0,2.0,3.0,181.47,3.0,2.0,4,3,4,11,Loyal Customers
53711,0,21.0,Mobile Phone,1,7.0,Cash on Delivery,Male,4.0,4,Mobile Phone,2,Divorced,9,0,13.0,2.0,2.0,3.0,159.2,3.0,2.0,4,3,3,10,Loyal Customers
53712,1,1.0,Mobile Phone,3,16.0,Debit Card,Male,4.0,5,Mobile Phone,5,Divorced,5,0,13.0,2.0,3.0,3.0,169.0,3.0,3.0,4,4,3,11,Loyal Customers
53713,0,11.0,Computer,1,12.0,Cash on Delivery,Male,3.0,2,Mobile Phone,3,Single,2,0,15.0,2.0,2.0,4.0,160.0,4.0,2.0,3,3,3,9,Loyal Customers
53714,0,30.0,Mobile Phone,1,7.0,Debit Card,Female,3.0,4,Mobile Phone,5,Divorced,4,0,23.0,2.0,2.0,1.0,145.66,1.0,2.0,5,3,2,10,Potential Loyalists
53715,0,21.0,Mobile Phone,1,9.0,Credit Card,Female,3.0,4,Grocery,3,Divorced,5,0,,4.0,6.0,7.0,296.69,7.0,6.0,2,5,5,12,Loyal Customers
53716,0,1.0,Mobile Phone,3,11.0,Credit Card,Female,3.0,4,Laptop & Accessory,3,Divorced,3,1,13.0,2.0,2.0,4.0,166.62,4.0,2.0,3,3,3,9,Loyal Customers
53717,0,6.0,Mobile Phone,3,14.0,E wallet,Male,4.0,4,Laptop & Accessory,2,Divorced,6,0,13.0,2.0,2.0,,217.04,3.0,2.0,4,3,5,12,Loyal Customers
53718,0,8.0,Mobile Phone,1,7.0,Debit Card,Female,3.0,5,Mobile Phone,4,Divorced,7,0,18.0,2.0,2.0,3.0,157.94,3.0,2.0,4,3,3,10,Loyal Customers
53719,0,15.0,Mobile Phone,1,12.0,Credit Card,Male,3.0,2,Mobile Phone,3,Divorced,4,1,13.0,2.0,2.0,4.0,146.27,4.0,2.0,3,3,2,8,Potential Loyalists
53720,0,14.0,Computer,1,16.0,UPI,Male,3.0,4,Laptop & Accessory,3,Married,5,0,12.0,2.0,2.0,8.0,164.75,8.0,2.0,2,3,3,8,Loyal Customers
53721,0,5.0,Mobile Phone,3,15.0,Debit Card,Male,3.0,4,Fashion,2,Married,3,0,19.0,3.0,,10.0,232.93,10.0,2.0,1,3,5,9,Loyal Customers
53722,1,10.0,Mobile Phone,3,16.0,E wallet,Male,3.0,4,Fashion,1,Married,6,0,12.0,1.0,5.0,,225.96,3.0,5.0,4,5,5,14,Champions
53723,1,3.0,Computer,1,9.0,Debit Card,Female,3.0,5,Mobile Phone,5,Single,4,1,24.0,1.0,2.0,1.0,161.46,1.0,2.0,5,3,3,11,Loyal Customers
53724,1,1.0,Computer,1,7.0,Debit Card,Female,4.0,2,Fashion,4,Single,3,0,12.0,4.0,5.0,8.0,199.46,8.0,5.0,2,5,4,11,Loyal Customers
53725,0,19.0,Mobile Phone,1,27.0,Credit Card,Male,4.0,6,Fashion,5,Married,4,1,19.0,1.0,,8.0,233.51,8.0,2.0,2,3,5,10,Loyal Customers
53726,0,5.0,Mobile Phone,2,15.0,Credit Card,Female,4.0,2,Mobile Phone,4,Single,11,0,19.0,1.0,2.0,3.0,146.09,3.0,2.0,4,3,2,9,Potential Loyalists
53727,1,1.0,Computer,1,9.0,Debit Card,Male,4.0,4,Mobile Phone,1,Divorced,8,1,14.0,3.0,3.0,3.0,162.22,3.0,3.0,4,4,3,11,Loyal Customers
53728,0,19.0,Mobile Phone,1,36.0,Cash on Delivery,Male,3.0,4,Fashion,1,Divorced,6,1,19.0,2.0,2.0,,218.8,3.0,2.0,4,3,5,12,Loyal Customers
53729,0,22.0,Mobile Phone,3,14.0,E wallet,Male,4.0,4,Laptop & Accessory,5,Married,6,0,12.0,2.0,3.0,3.0,179.86,3.0,3.0,4,4,4,12,Champions
53730,1,1.0,Mobile Phone,2,16.0,Cash on Delivery,Female,3.0,4,Mobile Phone,3,Divorced,3,0,16.0,2.0,3.0,3.0,152.42,3.0,3.0,4,4,2,10,Potential Loyalists
53731,0,14.0,Computer,1,15.0,Credit Card,Male,3.0,5,Fashion,4,Married,4,0,12.0,,5.0,9.0,262.57,9.0,5.0,1,5,5,11,Loyal Customers
53732,0,2.0,Mobile Phone,3,12.0,Credit Card,Male,3.0,4,Laptop & Accessory,5,Single,2,0,19.0,2.0,2.0,,209.63,3.0,2.0,4,3,5,12,Loyal Customers
53733,0,18.0,Computer,1,12.0,Debit Card,Male,3.0,5,Mobile Phone,3,Single,5,0,15.0,1.0,2.0,4.0,156.62,4.0,2.0,3,3,3,9,Loyal Customers
53734,0,27.0,Mobile Phone,1,9.0,Credit Card,Male,3.0,2,Grocery,4,Single,6,0,13.0,,9.0,9.0,290.98,9.0,9.0,1,5,5,11,Loyal Customers
53735,0,23.0,Mobile Phone,1,12.0,Cash on Delivery,Male,4.0,4,Laptop & Accessory,3,Divorced,4,0,15.0,1.0,2.0,3.0,191.51,3.0,2.0,4,3,4,11,Loyal Customers
53736,0,14.0,Mobile Phone,1,9.0,Credit Card,Male,4.0,4,Mobile Phone,3,Married,4,0,15.0,1.0,2.0,3.0,148.45,3.0,2.0,4,3,2,9,Potential Loyalists
53737,0,18.0,Mobile Phone,1,27.0,Debit Card,Male,3.0,4,Mobile Phone,4,Single,3,0,14.0,2.0,2.0,4.0,159.2,4.0,2.0,3,3,3,9,Loyal Customers
53738,0,7.0,Computer,3,14.0,Credit Card,Male,3.0,4,Laptop & Accessory,5,Divorced,2,0,15.0,1.0,2.0,4.0,168.73,4.0,2.0,3,3,3,9,Loyal Customers
53739,0,8.0,Mobile Phone,3,10.0,UPI,Male,3.0,6,Laptop & Accessory,5,Single,5,0,19.0,3.0,4.0,13.0,172.59,13.0,4.0,1,5,3,9,Loyal Customers
53740,0,4.0,Mobile Phone,3,23.0,Debit Card,Male,4.0,4,Laptop & Accessory,3,Divorced,10,0,16.0,1.0,3.0,3.0,178.01,3.0,3.0,4,4,4,12,Champions
53741,0,16.0,Computer,1,16.0,Credit Card,Female,4.0,4,Mobile Phone,1,Single,3,0,14.0,5.0,6.0,9.0,161.73,9.0,6.0,1,5,3,9,Loyal Customers
53742,0,18.0,Computer,3,7.0,E wallet,Female,4.0,4,Laptop & Accessory,3,Divorced,9,0,13.0,2.0,2.0,1.0,172.68,1.0,2.0,5,3,3,11,Loyal Customers
53743,0,4.0,Computer,1,14.0,Cash on Delivery,Male,4.0,4,Mobile Phone,3,Married,3,0,14.0,1.0,2.0,1.0,137.74,1.0,2.0,5,3,1,9,Potential Loyalists
53744,0,51.0,Mobile Phone,1,7.0,Debit Card,Male,4.0,2,Laptop & Accessory,3,Divorced,2,0,25.0,2.0,3.0,9.0,174.0,9.0,3.0,1,4,4,9,Loyal Customers
53745,0,23.0,Mobile Phone,1,14.0,Debit Card,Male,3.0,4,Fashion,4,Married,5,0,15.0,1.0,2.0,,229.66,3.0,2.0,4,3,5,12,Loyal Customers
53746,0,8.0,Computer,1,22.0,Credit Card,Male,4.0,4,Grocery,5,Married,9,0,,3.0,7.0,10.0,295.07,10.0,7.0,1,5,5,11,Loyal Customers
53747,1,1.0,Computer,3,7.0,Cash on Delivery,Male,4.0,4,Mobile Phone,3,Divorced,5,0,16.0,2.0,2.0,3.0,154.09,3.0,2.0,4,3,3,10,Loyal Customers
53748,1,1.0,Computer,3,20.0,Cash on Delivery,Female,3.0,4,Laptop & Accessory,4,Single,7,0,12.0,1.0,2.0,1.0,182.65,1.0,2.0,5,3,4,12,Loyal Customers
53749,1,1.0,Mobile Phone,3,31.0,Credit Card,Female,3.0,5,Laptop & Accessory,4,Single,2,1,24.0,3.0,11.0,11.0,170.99,11.0,11.0,1,5,3,9,Loyal Customers
53750,0,9.0,Mobile Phone,3,14.0,Debit Card,Male,4.0,4,Mobile Phone,3,Divorced,3,0,14.0,2.0,2.0,1.0,149.04,1.0,2.0,5,3,2,10,Potential Loyalists
53751,1,1.0,Computer,1,16.0,Credit Card,Male,3.0,4,Mobile Phone,5,Single,4,1,12.0,1.0,2.0,1.0,156.72,1.0,2.0,5,3,3,11,Loyal Customers
53752,0,1.0,Computer,3,20.0,Debit Card,Female,4.0,4,Mobile Phone,4,Divorced,3,0,14.0,1.0,2.0,1.0,145.33,1.0,2.0,5,3,2,10,Potential Loyalists
53753,0,18.0,Computer,1,9.0,Credit Card,Male,3.0,4,Fashion,3,Single,7,1,19.0,1.0,3.0,,227.09,3.0,3.0,4,4,5,13,Champions
53754,0,3.0,Mobile Phone,3,26.0,Debit Card,Male,4.0,5,Laptop & Accessory,3,Married,3,0,15.0,2.0,2.0,,211.2,3.0,2.0,4,3,5,12,Loyal Customers
53755,0,4.0,Mobile Phone,2,7.0,Debit Card,Male,3.0,4,Mobile Phone,3,Married,2,0,22.0,1.0,2.0,4.0,145.64,4.0,2.0,3,3,2,8,Potential Loyalists
53756,0,29.0,Mobile Phone,1,11.0,Debit Card,Male,2.0,4,Laptop & Accessory,3,Divorced,2,1,17.0,1.0,2.0,3.0,165.35,3.0,2.0,4,3,3,10,Loyal Customers
53757,0,7.0,Mobile Phone,1,11.0,Credit Card,Female,3.0,5,Mobile Phone,4,Divorced,10,0,12.0,1.0,2.0,3.0,163.38,3.0,2.0,4,3,3,10,Loyal Customers
53758,0,21.0,Mobile Phone,3,21.0,Credit Card,Female,4.0,4,Laptop & Accessory,3,Divorced,5,1,18.0,2.0,2.0,3.0,170.91,3.0,2.0,4,3,3,10,Loyal Customers
53759,1,1.0,Computer,1,9.0,Credit Card,Male,3.0,5,Mobile Phone,5,Single,9,0,12.0,1.0,2.0,1.0,150.61,1.0,2.0,5,3,2,10,Potential Loyalists
53760,0,2.0,Mobile Phone,1,7.0,Debit Card,Male,4.0,5,Mobile Phone,3,Married,3,0,15.0,1.0,2.0,1.0,140.63,1.0,2.0,5,3,1,9,Potential Loyalists
53761,0,2.0,Computer,3,14.0,Debit Card,Male,3.0,4,Laptop & Accessory,5,Single,2,0,15.0,2.0,2.0,4.0,173.98,4.0,2.0,3,3,4,10,Loyal Customers
53762,0,23.0,Mobile Phone,1,10.0,Credit Card,Female,3.0,5,Laptop & Accessory,5,Divorced,6,0,26.0,2.0,2.0,3.0,172.89,3.0,2.0,4,3,3,10,Loyal Customers
53763,0,3.0,Computer,1,9.0,Debit Card,Female,4.0,4,Mobile Phone,4,Divorced,2,0,14.0,1.0,2.0,3.0,156.8,3.0,2.0,4,3,3,10,Loyal Customers
53764,0,2.0,Mobile Phone,1,36.0,Debit Card,Male,4.0,6,Laptop & Accessory,4,Divorced,3,0,15.0,2.0,2.0,8.0,190.49,8.0,2.0,2,3,4,9,Loyal Customers
53765,0,7.0,Mobile Phone,1,15.0,Debit Card,Male,4.0,4,Laptop & Accessory,3,Single,4,1,18.0,1.0,2.0,1.0,188.88,1.0,2.0,5,3,4,12,Loyal Customers
53766,0,6.0,Mobile Phone,1,17.0,Credit Card,Male,1.0,4,Fashion,1,Single,4,0,26.0,1.0,,1.0,237.44,1.0,2.0,5,3,5,13,Loyal Customers
53767,0,28.0,Computer,1,18.0,Credit Card,Female,3.0,4,Grocery,1,Married,5,0,21.0,,2.0,13.0,285.32,13.0,2.0,1,3,5,9,Loyal Customers
53768,1,1.0,Mobile Phone,1,7.0,Cash on Delivery,Male,4.0,5,Mobile Phone,5,Single,8,0,14.0,1.0,2.0,8.0,148.62,8.0,2.0,2,3,2,7,At Risk
53769,0,18.0,Mobile Phone,1,35.0,Debit Card,Male,3.0,4,Grocery,5,Divorced,5,0,14.0,,15.0,18.0,288.28,18.0,15.0,1,5,5,11,Loyal Customers
53770,0,13.0,Mobile Phone,1,13.0,Debit Card,Female,3.0,4,Fashion,4,Single,6,0,19.0,1.0,3.0,3.0,208.76,3.0,3.0,4,4,4,12,Champions
53771,0,20.0,Mobile Phone,3,10.0,Debit Card,Female,3.0,4,Grocery,4,Divorced,10,0,13.0,,6.0,2.0,291.06,2.0,6.0,5,5,5,15,Champions
53772,0,9.0,Mobile Phone,1,23.0,Debit Card,Female,4.0,5,Fashion,4,Single,3,0,20.0,2.0,4.0,,211.06,3.0,4.0,4,5,5,14,Champions
53773,0,1.0,Mobile Phone,1,27.0,Debit Card,Male,4.0,4,Laptop & Accessory,3,Single,2,0,15.0,2.0,2.0,3.0,147.72,3.0,2.0,4,3,2,9,Potential Loyalists
53774,1,4.0,Mobile Phone,1,16.0,Debit Card,Male,3.0,4,Mobile Phone,5,Single,5,0,15.0,2.0,2.0,1.0,145.18,1.0,2.0,5,3,2,10,Potential Loyalists
53775,0,8.0,Mobile Phone,3,7.0,Cash on Delivery,Male,4.0,5,Fashion,3,Divorced,3,1,15.0,8.0,9.0,7.0,195.83,7.0,9.0,2,5,4,11,Loyal Customers
53776,1,1.0,Computer,1,10.0,Debit Card,Female,3.0,4,Mobile Phone,3,Single,3,0,13.0,7.0,8.0,8.0,165.84,8.0,8.0,2,5,3,10,Loyal Customers
53777,0,24.0,Computer,1,29.0,Credit Card,Male,3.0,6,Grocery,1,Single,3,1,14.0,,14.0,10.0,269.11,10.0,14.0,1,5,5,11,Loyal Customers
53778,0,8.0,Mobile Phone,3,14.0,Cash on Delivery,Male,3.0,4,Mobile Phone,3,Married,2,1,26.0,1.0,6.0,8.0,148.08,8.0,6.0,2,5,2,9,At Risk
53779,0,16.0,Mobile Phone,1,9.0,Credit Card,Male,4.0,5,Mobile Phone,4,Married,6,0,15.0,2.0,2.0,1.0,173.41,1.0,2.0,5,3,4,12,Loyal Customers
53780,0,11.0,Mobile Phone,1,20.0,Credit Card,Male,3.0,4,Laptop & Accessory,1,Married,3,0,18.0,1.0,4.0,8.0,167.85,8.0,4.0,2,5,3,10,Loyal Customers
53781,0,3.0,Mobile Phone,1,15.0,UPI,Female,3.0,6,Laptop & Accessory,5,Married,5,0,14.0,1.0,2.0,,222.15,3.0,2.0,4,3,5,12,Loyal Customers
53782,0,7.0,Mobile Phone,1,32.0,Debit Card,Male,3.0,5,Laptop & Accessory,4,Single,3,0,14.0,1.0,2.0,3.0,168.2,3.0,2.0,4,3,3,10,Loyal Customers
53783,0,19.0,Mobile Phone,1,35.0,Cash on Delivery,Male,4.0,4,Mobile Phone,1,Married,6,0,21.0,2.0,2.0,4.0,146.32,4.0,2.0,3,3,2,8,Potential Loyalists
53784,0,16.0,Computer,1,9.0,Debit Card,Male,3.0,4,Fashion,1,Married,4,1,15.0,13.0,14.0,,226.24,3.0,14.0,4,5,5,14,Champions
53785,0,14.0,Mobile Phone,3,16.0,Credit Card,Male,3.0,4,Laptop & Accessory,5,Married,2,0,13.0,3.0,8.0,2.0,179.73,2.0,8.0,5,5,4,14,Champions
53786,0,7.0,Mobile Phone,1,35.0,Debit Card,Male,4.0,4,Laptop & Accessory,3,Married,3,1,13.0,2.0,6.0,8.0,177.07,8.0,6.0,2,5,4,11,Loyal Customers
53787,0,14.0,Mobile Phone,2,13.0,Credit Card,Male,3.0,4,Grocery,1,Single,3,1,22.0,,8.0,8.0,289.37,8.0,8.0,2,5,5,12,Loyal Customers
53788,0,1.0,Mobile Phone,1,28.0,Cash on Delivery,Male,3.0,5,Mobile Phone,5,Married,2,0,15.0,1.0,2.0,1.0,147.96,1.0,2.0,5,3,2,10,Potential Loyalists
53789,0,14.0,Computer,1,15.0,Debit Card,Male,4.0,4,Laptop & Accessory,1,Married,5,1,19.0,3.0,3.0,3.0,165.69,3.0,3.0,4,4,3,11,Loyal Customers
53790,0,19.0,Mobile Phone,1,7.0,Cash on Delivery,Male,4.0,4,Fashion,4,Married,3,0,13.0,7.0,8.0,8.0,199.41,8.0,8.0,2,5,4,11,Loyal Customers
53791,0,9.0,Mobile Phone,3,7.0,Debit Card,Female,4.0,5,Mobile Phone,3,Married,2,0,24.0,3.0,5.0,3.0,149.3,3.0,5.0,4,5,2,11,Potential Loyalists
53792,0,6.0,Mobile Phone,1,12.0,Debit Card,Female,4.0,5,Laptop & Accessory,4,Married,5,0,13.0,2.0,3.0,6.0,183.78,6.0,3.0,2,4,4,10,Loyal Customers
53793,0,10.0,Mobile Phone,3,9.0,Debit Card,Male,4.0,4,Mobile Phone,1,Single,5,1,22.0,1.0,2.0,3.0,151.44,3.0,2.0,4,3,2,9,Potential Loyalists
53794,0,22.0,Mobile Phone,3,23.0,Debit Card,Female,4.0,4,Laptop & Accessory,3,Married,10,0,15.0,2.0,8.0,8.0,189.39,8.0,8.0,2,5,4,11,Loyal Customers
53795,0,3.0,Mobile Phone,1,16.0,Debit Card,Male,4.0,2,Mobile Phone,3,Married,8,0,19.0,2.0,2.0,1.0,149.51,1.0,2.0,5,3,2,10,Potential Loyalists
53796,0,7.0,Mobile Phone,3,15.0,Debit Card,Male,3.0,4,Laptop & Accessory,5,Married,4,0,14.0,3.0,3.0,3.0,188.92,3.0,3.0,4,4,4,12,Champions
53797,1,1.0,Mobile Phone,3,7.0,Debit Card,Male,4.0,5,Laptop & Accessory,5,Married,3,0,12.0,4.0,7.0,,222.14,3.0,7.0,4,5,5,14,Champions
53798,0,12.0,Computer,2,17.0,UPI,Male,4.0,4,Laptop & Accessory,3,Married,5,0,12.0,1.0,2.0,3.0,185.77,3.0,2.0,4,3,4,11,Loyal Customers
53799,0,9.0,Mobile Phone,1,7.0,Credit Card,Male,4.0,5,Mobile Phone,5,Single,3,0,20.0,1.0,2.0,3.0,149.5,3.0,2.0,4,3,2,9,Potential Loyalists
53800,0,4.0,Mobile Phone,3,36.0,Cash on Delivery,Male,3.0,4,Fashion,4,Married,5,0,13.0,1.0,2.0,,217.5,3.0,2.0,4,3,5,12,Loyal Customers
53801,1,1.0,Mobile Phone,1,9.0,Debit Card,Female,4.0,4,Mobile Phone,5,Married,3,1,13.0,2.0,2.0,1.0,145.74,1.0,2.0,5,3,2,10,Potential Loyalists
53802,1,17.0,Mobile Phone,1,9.0,Cash on Delivery,Female,4.0,5,Fashion,1,Married,2,0,17.0,2.0,2.0,,226.69,3.0,2.0,4,3,5,12,Loyal Customers
53803,1,2.0,Mobile Phone,1,9.0,Credit Card,Male,3.0,4,Laptop & Accessory,4,Married,6,0,12.0,1.0,2.0,5.0,173.55,5.0,2.0,2,3,4,9,Loyal Customers
53804,0,6.0,Computer,1,7.0,Cash on Delivery,Male,4.0,4,Laptop & Accessory,5,Married,6,0,15.0,2.0,2.0,3.0,165.87,3.0,2.0,4,3,3,10,Loyal Customers
53805,0,22.0,Mobile Phone,1,22.0,UPI,Female,4.0,4,Mobile Phone,5,Married,10,0,13.0,8.0,8.0,7.0,148.67,7.0,8.0,2,5,2,9,At Risk
53806,0,8.0,Mobile Phone,1,14.0,Credit Card,Male,3.0,4,Mobile Phone,1,Single,3,0,14.0,1.0,2.0,1.0,154.72,1.0,2.0,5,3,3,11,Loyal Customers
53807,0,29.0,Mobile Phone,3,33.0,E wallet,Male,3.0,5,Others,1,Married,3,0,,3.0,3.0,14.0,320.86,14.0,3.0,1,4,5,10,Loyal Customers
53808,0,8.0,Mobile Phone,1,7.0,Debit Card,Male,3.0,4,Laptop & Accessory,1,Married,11,0,18.0,2.0,3.0,2.0,179.84,2.0,3.0,5,4,4,13,Champions
53809,0,1.0,Mobile Phone,1,10.0,Debit Card,Female,3.0,4,Mobile Phone,1,Married,3,0,22.0,2.0,2.0,1.0,145.61,1.0,2.0,5,3,2,10,Potential Loyalists
53810,0,12.0,Mobile Phone,3,21.0,Debit Card,Male,4.0,4,Laptop & Accessory,4,Married,2,0,12.0,6.0,8.0,,224.24,3.0,8.0,4,5,5,14,Champions
53811,0,12.0,Mobile Phone,3,23.0,Debit Card,Female,3.0,4,Laptop & Accessory,4,Single,4,0,13.0,1.0,2.0,3.0,166.98,3.0,2.0,4,3,3,10,Loyal Customers
53812,0,10.0,Mobile Phone,3,7.0,Debit Card,Female,4.0,4,Laptop & Accessory,3,Single,8,0,14.0,2.0,2.0,1.0,193.15,1.0,2.0,5,3,4,12,Loyal Customers
53813,0,3.0,Mobile Phone,1,10.0,Credit Card,Male,3.0,4,Mobile Phone,5,Single,3,1,19.0,1.0,2.0,6.0,172.23,6.0,2.0,2,3,3,8,Loyal Customers
53814,0,9.0,Mobile Phone,1,17.0,Credit Card,Female,3.0,4,Laptop & Accessory,3,Single,5,1,17.0,2.0,2.0,5.0,186.42,5.0,2.0,2,3,4,9,Loyal Customers
53815,0,13.0,Mobile Phone,3,13.0,Credit Card,Male,3.0,2,Fashion,3,Married,4,0,12.0,5.0,8.0,7.0,207.37,7.0,8.0,2,5,4,11,Loyal Customers
53816,0,3.0,Computer,1,9.0,Debit Card,Male,3.0,4,Laptop & Accessory,1,Married,3,0,20.0,1.0,2.0,,213.53,3.0,2.0,4,3,5,12,Loyal Customers
53817,0,24.0,Mobile Phone,3,6.0,E wallet,Male,3.0,4,Others,3,Married,6,1,,1.0,2.0,1.0,318.31,1.0,2.0,5,3,5,13,Loyal Customers
53818,0,1.0,Mobile Phone,1,17.0,Cash on Delivery,Male,3.0,2,Mobile Phone,3,Married,4,0,17.0,3.0,3.0,3.0,145.73,3.0,3.0,4,4,2,10,Potential Loyalists
53819,0,10.0,Computer,1,13.0,Debit Card,Male,4.0,2,Laptop & Accessory,5,Married,5,1,14.0,2.0,2.0,3.0,180.62,3.0,2.0,4,3,4,11,Loyal Customers
53820,0,16.0,Mobile Phone,1,16.0,UPI,Male,4.0,5,Others,1,Single,10,0,,2.0,2.0,2.0,321.13,2.0,2.0,5,3,5,13,Loyal Customers
53821,0,9.0,Mobile Phone,1,35.0,Debit Card,Male,3.0,2,Laptop & Accessory,3,Married,3,0,18.0,6.0,7.0,9.0,159.07,9.0,7.0,1,5,3,9,Loyal Customers
53822,0,8.0,Computer,1,17.0,Cash on Delivery,Male,4.0,5,Laptop & Accessory,3,Married,3,0,15.0,3.0,8.0,8.0,175.63,8.0,8.0,2,5,4,11,Loyal Customers
53823,0,14.0,Mobile Phone,3,21.0,Debit Card,Female,3.0,4,Laptop & Accessory,5,Married,3,0,16.0,1.0,2.0,3.0,171.39,3.0,2.0,4,3,3,10,Loyal Customers
53824,0,17.0,Mobile Phone,1,34.0,Cash on Delivery,Male,3.0,2,Mobile Phone,4,Married,7,0,13.0,2.0,2.0,3.0,173.76,3.0,2.0,4,3,4,11,Loyal Customers
53825,0,9.0,Mobile Phone,1,14.0,Debit Card,Male,4.0,5,Mobile Phone,1,Married,3,0,19.0,2.0,2.0,2.0,151.9,2.0,2.0,5,3,2,10,Potential Loyalists
53826,0,20.0,Mobile Phone,3,7.0,Debit Card,Male,3.0,2,Grocery,5,Single,3,0,,2.0,2.0,13.0,300.67,13.0,2.0,1,3,5,9,Loyal Customers
53827,1,1.0,Mobile Phone,1,31.0,Credit Card,Male,3.0,4,Mobile Phone,4,Married,3,1,18.0,1.0,2.0,1.0,149.08,1.0,2.0,5,3,2,10,Potential Loyalists
53828,0,1.0,Computer,1,33.0,UPI,Female,3.0,5,Mobile Phone,3,Married,3,1,15.0,1.0,2.0,4.0,153.14,4.0,2.0,3,3,2,8,Potential Loyalists
53829,0,24.0,Computer,1,27.0,Credit Card,Male,3.0,4,Grocery,3,Married,4,1,16.0,4.0,,14.0,237.45,14.0,2.0,1,3,5,9,Loyal Customers
53830,0,6.0,Mobile Phone,1,12.0,UPI,Female,3.0,2,Mobile Phone,1,Married,5,0,18.0,2.0,2.0,3.0,158.12,3.0,2.0,4,3,3,10,Loyal Customers
53831,0,18.0,Mobile Phone,1,14.0,Credit Card,Female,3.0,4,Others,1,Married,2,1,,2.0,2.0,11.0,315.49,11.0,2.0,1,3,5,9,Loyal Customers
53832,0,4.0,Mobile Phone,1,14.0,Credit Card,Male,3.0,5,Mobile Phone,4,Married,3,0,13.0,1.0,2.0,2.0,146.41,2.0,2.0,5,3,2,10,Potential Loyalists
53833,0,19.0,Mobile Phone,1,12.0,Credit Card,Female,3.0,6,Laptop & Accessory,5,Single,3,1,15.0,2.0,2.0,5.0,182.69,5.0,2.0,2,3,4,9,Loyal Customers
53834,0,19.0,Computer,3,33.0,E wallet,Male,3.0,5,Laptop & Accessory,5,Married,3,0,16.0,1.0,5.0,6.0,168.85,6.0,5.0,2,5,3,10,Loyal Customers
53835,0,5.0,Computer,3,9.0,UPI,Male,3.0,4,Laptop & Accessory,5,Single,9,0,14.0,1.0,2.0,4.0,178.32,4.0,2.0,3,3,4,10,Loyal Customers
53836,0,10.0,Mobile Phone,1,19.0,Debit Card,Female,4.0,4,Laptop & Accessory,3,Married,11,1,13.0,1.0,2.0,2.0,171.63,2.0,2.0,5,3,3,11,Loyal Customers
53837,0,8.0,Computer,1,17.0,Debit Card,Male,3.0,2,Laptop & Accessory,1,Married,3,0,14.0,6.0,8.0,3.0,172.24,3.0,8.0,4,5,3,12,Loyal Customers
53838,0,23.0,Mobile Phone,1,32.0,Debit Card,Female,3.0,4,Mobile Phone,5,Married,3,0,15.0,1.0,2.0,5.0,157.11,5.0,2.0,2,3,3,8,Loyal Customers
53839,0,13.0,Mobile Phone,1,17.0,Credit Card,Male,4.0,4,Laptop & Accessory,5,Married,4,0,14.0,5.0,8.0,8.0,178.77,8.0,8.0,2,5,4,11,Loyal Customers
53840,0,1.0,Mobile Phone,1,26.0,UPI,Male,4.0,5,Mobile Phone,5,Married,3,0,12.0,1.0,2.0,8.0,165.66,8.0,2.0,2,3,3,8,Loyal Customers
53841,0,9.0,Mobile Phone,1,25.0,Debit Card,Male,3.0,2,Laptop & Accessory,5,Married,3,0,12.0,1.0,2.0,11.0,177.08,11.0,2.0,1,3,4,8,Loyal Customers
53842,0,2.0,Mobile Phone,1,34.0,Credit Card,Female,3.0,6,Laptop & Accessory,5,Married,2,0,22.0,2.0,2.0,1.0,25.0,1.0,2.0,5,3,1,9,Potential Loyalists
53843,0,1.0,Mobile Phone,1,12.0,Credit Card,Male,4.0,4,Mobile Phone,1,Single,3,0,19.0,2.0,3.0,3.0,156.17,3.0,3.0,4,4,3,11,Loyal Customers
53844,1,1.0,Computer,3,10.0,Credit Card,Female,4.0,4,Mobile Phone,1,Single,3,1,13.0,1.0,2.0,1.0,140.69,1.0,2.0,5,3,1,9,Potential Loyalists
53845,0,21.0,Mobile Phone,2,33.0,Debit Card,Female,4.0,4,Others,3,Married,5,0,,2.0,2.0,1.0,321.58,1.0,2.0,5,3,5,13,Loyal Customers
53846,0,13.0,Mobile Phone,1,10.0,Credit Card,Male,4.0,5,Laptop & Accessory,3,Married,2,0,16.0,1.0,2.0,8.0,155.69,8.0,2.0,2,3,3,8,Loyal Customers
53847,0,14.0,Mobile Phone,1,22.0,Debit Card,Female,4.0,5,Fashion,3,Married,3,0,14.0,2.0,15.0,,229.35,3.0,15.0,4,5,5,14,Champions
53848,0,9.0,Computer,1,15.0,Debit Card,Female,3.0,4,Laptop & Accessory,3,Married,3,0,13.0,3.0,3.0,10.0,166.48,10.0,3.0,1,4,3,8,Loyal Customers
53849,0,11.0,Mobile Phone,1,26.0,Debit Card,Male,3.0,4,Laptop & Accessory,3,Married,5,0,18.0,1.0,2.0,3.0,182.68,3.0,2.0,4,3,4,11,Loyal Customers
53850,0,13.0,Computer,1,11.0,Credit Card,Female,3.0,4,Laptop & Accessory,3,Single,2,0,14.0,4.0,4.0,9.0,175.42,9.0,4.0,1,5,4,10,Loyal Customers
53851,0,19.0,Mobile Phone,1,9.0,UPI,Female,3.0,5,Laptop & Accessory,1,Married,3,0,20.0,3.0,4.0,10.0,182.7,10.0,4.0,1,5,4,10,Loyal Customers
53852,0,12.0,Mobile Phone,1,9.0,Credit Card,Female,3.0,5,Fashion,3,Married,5,1,20.0,2.0,2.0,3.0,202.56,3.0,2.0,4,3,4,11,Loyal Customers
53853,1,1.0,Mobile Phone,3,17.0,Credit Card,Male,3.0,5,Fashion,5,Married,11,0,18.0,5.0,7.0,,228.06,3.0,7.0,4,5,5,14,Champions
53854,0,11.0,Mobile Phone,1,17.0,Credit Card,Female,4.0,4,Mobile Phone,4,Married,3,0,12.0,2.0,8.0,8.0,164.36,8.0,8.0,2,5,3,10,Loyal Customers
53855,0,14.0,Mobile Phone,1,23.0,Debit Card,Female,3.0,4,Fashion,1,Single,8,1,16.0,2.0,4.0,4.0,204.45,4.0,4.0,3,5,4,12,Loyal Customers
53856,0,18.0,Computer,2,7.0,UPI,Male,3.0,4,Laptop & Accessory,1,Married,6,1,12.0,2.0,2.0,3.0,182.43,3.0,2.0,4,3,4,11,Loyal Customers
53857,0,22.0,Computer,1,11.0,Credit Card,Male,3.0,5,Grocery,1,Married,4,0,26.0,,3.0,3.0,277.02,3.0,3.0,4,4,5,13,Champions
53858,1,1.0,Mobile Phone,3,22.0,Credit Card,Male,3.0,6,Laptop & Accessory,1,Married,8,1,15.0,2.0,3.0,3.0,179.4,3.0,3.0,4,4,4,12,Champions
53859,0,1.0,Computer,1,9.0,Cash on Delivery,Female,3.0,4,Mobile Phone,1,Single,3,1,14.0,2.0,2.0,4.0,162.6,4.0,2.0,3,3,3,9,Loyal Customers
53860,0,1.0,Mobile Phone,1,15.0,Credit Card,Female,3.0,2,Mobile Phone,3,Married,9,0,18.0,1.0,2.0,3.0,160.17,3.0,2.0,4,3,3,10,Loyal Customers
53861,0,1.0,Computer,1,9.0,Credit Card,Male,3.0,4,Mobile Phone,1,Single,4,0,14.0,1.0,2.0,3.0,150.8,3.0,2.0,4,3,2,9,Potential Loyalists
53862,1,4.0,Mobile Phone,1,14.0,Debit Card,Male,4.0,4,Mobile Phone,5,Single,5,1,15.0,1.0,2.0,4.0,146.66,4.0,2.0,3,3,2,8,Potential Loyalists
53863,0,3.0,Mobile Phone,3,17.0,Credit Card,Male,3.0,5,Laptop & Accessory,3,Single,11,0,12.0,2.0,2.0,5.0,183.69,5.0,2.0,2,3,4,9,Loyal Customers
53864,0,10.0,Mobile Phone,1,12.0,Debit Card,Female,3.0,4,Fashion,5,Married,6,0,13.0,2.0,2.0,3.0,205.08,3.0,2.0,4,3,4,11,Loyal Customers
53865,0,1.0,Computer,1,9.0,Debit Card,Male,4.0,2,Laptop & Accessory,3,Married,3,0,18.0,1.0,2.0,8.0,177.06,8.0,2.0,2,3,4,9,Loyal Customers
53866,0,13.0,Mobile Phone,1,19.0,Credit Card,Male,4.0,4,Laptop & Accessory,4,Married,6,0,22.0,2.0,2.0,1.0,177.95,1.0,2.0,5,3,4,12,Loyal Customers
53867,0,23.0,Mobile Phone,1,29.0,UPI,Female,4.0,4,Grocery,4,Married,5,0,17.0,,2.0,3.0,289.13,3.0,2.0,4,3,5,12,Loyal Customers
53868,0,24.0,Mobile Phone,1,24.0,Debit Card,Female,3.0,5,Fashion,5,Married,7,0,16.0,2.0,,12.0,257.69,12.0,2.0,1,3,5,9,Loyal Customers
53869,0,1.0,Mobile Phone,3,9.0,Credit Card,Female,3.0,4,Mobile Phone,3,Single,3,0,20.0,1.0,3.0,3.0,152.83,3.0,3.0,4,4,2,10,Potential Loyalists
53870,0,8.0,Mobile Phone,1,10.0,Debit Card,Female,4.0,4,Laptop & Accessory,4,Married,3,0,13.0,8.0,8.0,10.0,179.33,10.0,8.0,1,5,4,10,Loyal Customers
53871,0,10.0,Mobile Phone,1,14.0,Debit Card,Male,4.0,4,Mobile Phone,4,Single,4,0,12.0,1.0,2.0,4.0,145.13,4.0,2.0,3,3,2,8,Potential Loyalists
53872,0,23.0,Mobile Phone,1,13.0,Debit Card,Female,3.0,5,Grocery,3,Married,4,1,20.0,,3.0,13.0,264.66,13.0,3.0,1,4,5,10,Loyal Customers
53873,0,10.0,Computer,1,7.0,Credit Card,Female,3.0,5,Laptop & Accessory,3,Married,2,0,16.0,2.0,2.0,3.0,168.74,3.0,2.0,4,3,3,10,Loyal Customers
53874,0,10.0,Mobile Phone,1,10.0,Debit Card,Male,4.0,2,Laptop & Accessory,5,Married,8,0,21.0,2.0,2.0,5.0,193.42,5.0,2.0,2,3,4,9,Loyal Customers
53875,0,28.0,Mobile Phone,1,29.0,Credit Card,Female,4.0,4,Grocery,3,Married,5,0,,3.0,5.0,8.0,299.26,8.0,5.0,2,5,5,12,Loyal Customers
53876,0,17.0,Mobile Phone,1,22.0,Debit Card,Male,4.0,5,Grocery,3,Married,3,0,,5.0,7.0,12.0,301.03,12.0,7.0,1,5,5,11,Loyal Customers
53877,1,1.0,Computer,3,19.0,UPI,Male,3.0,4,Laptop & Accessory,1,Single,5,1,25.0,4.0,7.0,8.0,170.81,8.0,7.0,2,5,3,10,Loyal Customers
53878,0,12.0,Computer,1,7.0,Debit Card,Male,3.0,4,Laptop & Accessory,1,Married,9,0,16.0,3.0,3.0,10.0,172.35,10.0,3.0,1,4,3,8,Loyal Customers
53879,0,3.0,Mobile Phone,3,12.0,Credit Card,Male,3.0,5,Laptop & Accessory,4,Married,3,1,14.0,1.0,2.0,10.0,166.87,10.0,2.0,1,3,3,7,Loyal Customers
53880,0,7.0,Mobile Phone,3,9.0,Credit Card,Male,4.0,4,Laptop & Accessory,1,Married,3,0,15.0,2.0,2.0,5.0,180.05,5.0,2.0,2,3,4,9,Loyal Customers
53881,0,6.0,Mobile Phone,1,9.0,Credit Card,Male,3.0,4,Laptop & Accessory,4,Married,2,0,14.0,1.0,2.0,7.0,179.7,7.0,2.0,2,3,4,9,Loyal Customers
53882,0,5.0,Mobile Phone,3,12.0,Debit Card,Female,4.0,4,Laptop & Accessory,1,Married,3,0,12.0,1.0,2.0,3.0,179.76,3.0,2.0,4,3,4,11,Loyal Customers
53883,0,23.0,Mobile Phone,1,23.0,Credit Card,Female,4.0,4,Mobile Phone,5,Married,6,1,17.0,2.0,3.0,3.0,150.87,3.0,3.0,4,4,2,10,Potential Loyalists
53884,0,12.0,Computer,1,9.0,Credit Card,Female,3.0,5,Mobile Phone,4,Single,3,0,23.0,2.0,4.0,4.0,149.4,4.0,4.0,3,5,2,10,Potential Loyalists
53885,0,21.0,Mobile Phone,3,9.0,Debit Card,Female,3.0,2,Grocery,4,Married,8,0,15.0,,2.0,3.0,284.72,3.0,2.0,4,3,5,12,Loyal Customers
53886,0,23.0,Mobile Phone,1,7.0,Debit Card,Male,3.0,4,Grocery,3,Single,6,0,15.0,,2.0,1.0,278.79,1.0,2.0,5,3,5,13,Loyal Customers
53887,0,15.0,Mobile Phone,3,30.0,Debit Card,Male,4.0,4,Fashion,3,Single,5,1,17.0,1.0,2.0,3.0,195.82,3.0,2.0,4,3,4,11,Loyal Customers
53888,0,1.0,Mobile Phone,3,16.0,Debit Card,Male,3.0,4,Mobile Phone,5,Single,3,0,12.0,1.0,2.0,3.0,152.28,3.0,2.0,4,3,2,9,Potential Loyalists
53889,0,7.0,Computer,3,23.0,Debit Card,Female,3.0,4,Laptop & Accessory,1,Married,3,1,26.0,1.0,2.0,3.0,178.68,3.0,2.0,4,3,4,11,Loyal Customers
53890,0,10.0,Mobile Phone,1,33.0,Debit Card,Male,4.0,4,Laptop & Accessory,3,Married,8,0,15.0,2.0,2.0,3.0,178.47,3.0,2.0,4,3,4,11,Loyal Customers
53891,0,18.0,Mobile Phone,2,7.0,Debit Card,Female,3.0,4,Mobile Phone,1,Married,6,1,19.0,3.0,3.0,3.0,156.95,3.0,3.0,4,4,3,11,Loyal Customers
53892,1,1.0,Mobile Phone,1,15.0,Credit Card,Male,4.0,5,Mobile Phone,3,Single,3,1,12.0,2.0,2.0,3.0,164.89,3.0,2.0,4,3,3,10,Loyal Customers
53893,0,12.0,Mobile Phone,1,11.0,Credit Card,Female,3.0,4,Mobile Phone,3,Married,9,0,20.0,1.0,2.0,1.0,158.06,1.0,2.0,5,3,3,11,Loyal Customers
53894,0,27.0,Mobile Phone,1,31.0,Credit Card,Male,3.0,2,Fashion,1,Married,5,0,16.0,1.0,2.0,3.0,195.05,3.0,2.0,4,3,4,11,Loyal Customers
53895,1,12.0,Computer,3,14.0,Credit Card,Female,4.0,4,Mobile Phone,3,Married,4,1,12.0,5.0,8.0,8.0,151.55,8.0,8.0,2,5,2,9,At Risk
53896,1,1.0,Mobile Phone,1,9.0,Debit Card,Male,4.0,4,Mobile Phone,4,Single,3,0,13.0,2.0,2.0,1.0,138.93,1.0,2.0,5,3,1,9,Potential Loyalists
53897,0,1.0,Computer,1,14.0,Credit Card,Male,4.0,4,Mobile Phone,1,Single,3,0,21.0,6.0,6.0,8.0,150.7,8.0,6.0,2,5,2,9,At Risk
53898,0,29.0,Mobile Phone,1,29.0,Cash on Delivery,Male,4.0,5,Mobile Phone,4,Married,7,0,13.0,2.0,2.0,3.0,160.37,3.0,2.0,4,3,3,10,Loyal Customers
53899,0,8.0,Mobile Phone,1,12.0,Credit Card,Male,3.0,5,Laptop & Accessory,1,Married,3,0,15.0,5.0,5.0,14.0,164.86,14.0,5.0,1,5,3,9,Loyal Customers
53900,0,31.0,Mobile Phone,1,7.0,Credit Card,Male,4.0,6,Fashion,1,Married,5,0,21.0,1.0,,1.0,233.83,1.0,2.0,5,3,5,13,Loyal Customers
53901,0,7.0,Mobile Phone,1,28.0,Credit Card,Male,4.0,2,Mobile Phone,4,Married,3,0,19.0,3.0,3.0,14.0,145.28,14.0,3.0,1,4,2,7,At Risk
53902,0,11.0,Computer,3,7.0,Credit Card,Male,3.0,6,Laptop & Accessory,1,Married,3,0,15.0,1.0,2.0,,220.25,3.0,2.0,4,3,5,12,Loyal Customers
53903,0,8.0,Mobile Phone,1,26.0,Debit Card,Female,3.0,5,Mobile Phone,1,Married,3,0,13.0,4.0,9.0,8.0,154.29,8.0,9.0,2,5,3,10,Loyal Customers
53904,1,1.0,Mobile Phone,3,14.0,Debit Card,Male,3.0,4,Mobile Phone,1,Married,3,1,22.0,2.0,2.0,3.0,147.75,3.0,2.0,4,3,2,9,Potential Loyalists
53905,0,18.0,Mobile Phone,1,9.0,Debit Card,Female,4.0,2,Fashion,1,Married,3,1,20.0,7.0,7.0,8.0,203.79,8.0,7.0,2,5,4,11,Loyal Customers
53906,0,9.0,Computer,1,9.0,Credit Card,Male,4.0,5,Mobile Phone,1,Single,2,1,15.0,2.0,2.0,5.0,174.3,5.0,2.0,2,3,4,9,Loyal Customers
53907,0,17.0,Mobile Phone,3,9.0,Credit Card,Male,4.0,4,Laptop & Accessory,1,Married,3,1,18.0,1.0,9.0,9.0,203.47,9.0,9.0,1,5,4,10,Loyal Customers
53908,0,1.0,Mobile Phone,1,16.0,Credit Card,Male,4.0,2,Mobile Phone,3,Married,3,0,17.0,1.0,2.0,5.0,169.01,5.0,2.0,2,3,3,8,Loyal Customers
53909,0,15.0,Mobile Phone,3,13.0,E wallet,Male,3.0,4,Fashion,3,Single,3,0,13.0,7.0,9.0,,217.41,3.0,9.0,4,5,5,14,Champions
53910,0,3.0,Mobile Phone,1,16.0,Credit Card,Female,3.0,4,Mobile Phone,3,Married,11,0,18.0,2.0,2.0,3.0,154.74,3.0,2.0,4,3,3,10,Loyal Customers
53911,0,10.0,Mobile Phone,3,9.0,Debit Card,Female,3.0,4,Laptop & Accessory,1,Single,5,0,16.0,4.0,7.0,8.0,170.02,8.0,7.0,2,5,3,10,Loyal Customers
53912,0,19.0,Computer,1,7.0,Debit Card,Male,4.0,5,Fashion,3,Married,5,0,24.0,4.0,,5.0,232.48,5.0,2.0,2,3,5,10,Loyal Customers
53913,1,1.0,Mobile Phone,2,29.0,UPI,Male,3.0,6,Mobile Phone,3,Married,3,0,12.0,1.0,2.0,1.0,140.55,1.0,2.0,5,3,1,9,Potential Loyalists
53914,1,11.0,Computer,3,16.0,Debit Card,Male,3.0,6,Grocery,3,Married,9,0,12.0,2.0,,11.0,254.36,11.0,2.0,1,3,5,9,Loyal Customers
53915,0,1.0,Mobile Phone,1,24.0,Credit Card,Male,4.0,6,Mobile Phone,3,Married,3,0,16.0,1.0,2.0,3.0,148.05,3.0,2.0,4,3,2,9,Potential Loyalists
53916,0,19.0,Mobile Phone,1,35.0,Cash on Delivery,Female,3.0,5,Grocery,4,Single,3,0,,4.0,9.0,7.0,292.04,7.0,9.0,2,5,5,12,Loyal Customers
53917,0,6.0,Computer,1,17.0,Debit Card,Male,3.0,4,Mobile Phone,3,Married,8,0,14.0,1.0,2.0,4.0,159.33,4.0,2.0,3,3,3,9,Loyal Customers
53918,0,5.0,Mobile Phone,1,9.0,Debit Card,Male,4.0,4,Mobile Phone,3,Married,3,0,15.0,1.0,2.0,4.0,159.77,4.0,2.0,3,3,3,9,Loyal Customers
53919,0,15.0,Computer,2,11.0,UPI,Male,3.0,6,Laptop & Accessory,4,Married,8,0,20.0,1.0,2.0,3.0,189.3,3.0,2.0,4,3,4,11,Loyal Customers
53920,0,14.0,Mobile Phone,1,15.0,Debit Card,Female,4.0,4,Laptop & Accessory,5,Married,4,1,17.0,1.0,2.0,1.0,190.16,1.0,2.0,5,3,4,12,Loyal Customers
53921,0,1.0,Mobile Phone,1,36.0,Credit Card,Male,4.0,4,Mobile Phone,5,Married,3,0,14.0,2.0,2.0,3.0,164.07,3.0,2.0,4,3,3,10,Loyal Customers
53922,0,20.0,Mobile Phone,1,20.0,Debit Card,Male,3.0,4,Laptop & Accessory,4,Single,8,0,15.0,2.0,2.0,10.0,180.62,10.0,2.0,1,3,4,8,Loyal Customers
53923,0,9.0,Mobile Phone,1,34.0,Debit Card,Male,3.0,4,Laptop & Accessory,3,Married,4,0,17.0,1.0,2.0,8.0,193.83,8.0,2.0,2,3,4,9,Loyal Customers
53924,0,4.0,Mobile Phone,1,23.0,Debit Card,Male,3.0,4,Mobile Phone,1,Married,3,0,13.0,1.0,2.0,9.0,153.62,9.0,2.0,1,3,2,6,At Risk
53925,0,21.0,Computer,3,9.0,E wallet,Male,3.0,4,Laptop & Accessory,4,Married,9,0,12.0,1.0,2.0,1.0,174.78,1.0,2.0,5,3,4,12,Loyal Customers
53926,0,20.0,Mobile Phone,3,9.0,Debit Card,Male,4.0,4,Fashion,1,Married,6,1,13.0,1.0,2.0,,228.68,3.0,2.0,4,3,5,12,Loyal Customers
53927,1,1.0,Mobile Phone,3,20.0,E wallet,Male,4.0,5,Laptop & Accessory,5,Married,7,1,14.0,3.0,3.0,3.0,186.34,3.0,3.0,4,4,4,12,Champions
53928,1,1.0,Mobile Phone,3,7.0,Debit Card,Male,3.0,6,Laptop & Accessory,4,Single,8,0,16.0,1.0,2.0,1.0,192.35,1.0,2.0,5,3,4,12,Loyal Customers
53929,0,1.0,Mobile Phone,1,11.0,Credit Card,Female,3.0,4,Mobile Phone,4,Single,3,0,14.0,2.0,2.0,3.0,157.95,3.0,2.0,4,3,3,10,Loyal Customers
53930,0,5.0,Computer,1,31.0,Cash on Delivery,Female,2.0,4,Laptop & Accessory,1,Single,4,0,21.0,2.0,2.0,5.0,177.38,5.0,2.0,2,3,4,9,Loyal Customers
53931,0,13.0,Computer,1,7.0,Debit Card,Male,4.0,4,Laptop & Accessory,1,Married,3,1,16.0,4.0,6.0,9.0,189.72,9.0,6.0,1,5,4,10,Loyal Customers
53932,0,6.0,Mobile Phone,3,26.0,Debit Card,Male,4.0,6,Fashion,3,Married,5,0,14.0,2.0,2.0,,221.1,3.0,2.0,4,3,5,12,Loyal Customers
53933,0,14.0,Mobile Phone,3,14.0,Credit Card,Male,3.0,4,Others,4,Single,3,0,,2.0,13.0,9.0,323.33,9.0,13.0,1,5,5,11,Loyal Customers
53934,0,19.0,Mobile Phone,2,11.0,Debit Card,Female,3.0,6,Fashion,3,Married,6,0,22.0,2.0,2.0,,222.56,3.0,2.0,4,3,5,12,Loyal Customers
53935,0,4.0,Computer,1,9.0,Cash on Delivery,Female,4.0,5,Mobile Phone,5,Single,2,0,17.0,1.0,2.0,8.0,174.68,8.0,2.0,2,3,4,9,Loyal Customers
53936,0,1.0,Computer,2,17.0,Credit Card,Male,3.0,4,Mobile Phone,1,Married,2,0,15.0,2.0,3.0,2.0,146.45,2.0,3.0,5,4,2,11,Potential Loyalists
53937,1,1.0,Computer,2,15.0,UPI,Female,4.0,5,Mobile Phone,1,Married,8,0,12.0,2.0,2.0,3.0,146.8,3.0,2.0,4,3,2,9,Potential Loyalists
53938,0,5.0,Mobile Phone,3,12.0,Cash on Delivery,Male,3.0,4,Laptop & Accessory,3,Married,3,0,20.0,1.0,2.0,3.0,208.46,3.0,2.0,4,3,4,11,Loyal Customers
53939,0,1.0,Mobile Phone,1,15.0,Credit Card,Female,4.0,4,Mobile Phone,1,Single,3,0,12.0,2.0,2.0,5.0,159.45,5.0,2.0,2,3,3,8,Loyal Customers
53940,1,1.0,Mobile Phone,3,16.0,E wallet,Female,3.0,6,Mobile Phone,4,Single,3,0,14.0,2.0,3.0,3.0,152.6,3.0,3.0,4,4,2,10,Potential Loyalists
53941,0,3.0,Computer,1,7.0,Debit Card,Male,4.0,2,Laptop & Accessory,3,Single,10,1,13.0,1.0,2.0,3.0,187.94,3.0,2.0,4,3,4,11,Loyal Customers
53942,0,4.0,Mobile Phone,3,22.0,E wallet,Male,4.0,5,Fashion,5,Married,4,0,12.0,1.0,2.0,8.0,196.4,8.0,2.0,2,3,4,9,Loyal Customers
53943,0,8.0,Mobile Phone,1,9.0,Credit Card,Male,4.0,2,Mobile Phone,1,Married,2,1,15.0,1.0,2.0,3.0,154.32,3.0,2.0,4,3,3,10,Loyal Customers
53944,0,7.0,Computer,3,9.0,E wallet,Female,4.0,4,Laptop & Accessory,4,Single,10,0,16.0,1.0,2.0,8.0,176.47,8.0,2.0,2,3,4,9,Loyal Customers
53945,0,23.0,Mobile Phone,3,18.0,E wallet,Female,4.0,4,Laptop & Accessory,1,Single,5,0,13.0,1.0,2.0,5.0,170.07,5.0,2.0,2,3,3,8,Loyal Customers
53946,1,1.0,Mobile Phone,3,23.0,Debit Card,Female,4.0,4,Fashion,5,Single,4,1,21.0,1.0,2.0,,210.64,3.0,2.0,4,3,5,12,Loyal Customers
53947,0,12.0,Computer,1,9.0,Credit Card,Female,4.0,5,Mobile Phone,4,Married,6,0,15.0,1.0,2.0,6.0,149.68,6.0,2.0,2,3,2,7,At Risk
53948,1,1.0,Mobile Phone,3,23.0,E wallet,Male,4.0,4,Fashion,3,Married,4,0,14.0,2.0,2.0,1.0,206.61,1.0,2.0,5,3,4,12,Loyal Customers
53949,0,3.0,Mobile Phone,1,11.0,Cash on Delivery,Female,4.0,5,Mobile Phone,5,Married,3,0,14.0,1.0,2.0,1.0,146.09,1.0,2.0,5,3,2,10,Potential Loyalists
53950,0,1.0,Mobile Phone,1,23.0,Debit Card,Male,3.0,2,Laptop & Accessory,3,Married,5,0,17.0,2.0,2.0,8.0,177.94,8.0,2.0,2,3,4,9,Loyal Customers
53951,0,6.0,Computer,1,12.0,Cash on Delivery,Male,4.0,4,Mobile Phone,4,Single,4,0,15.0,2.0,2.0,8.0,152.18,8.0,2.0,2,3,2,7,At Risk
53952,0,12.0,Mobile Phone,1,25.0,Credit Card,Male,3.0,6,Laptop & Accessory,1,Married,5,1,17.0,1.0,2.0,1.0,183.11,1.0,2.0,5,3,4,12,Loyal Customers
53953,1,7.0,Computer,1,24.0,Cash on Delivery,Male,3.0,5,Mobile Phone,3,Married,11,1,17.0,2.0,2.0,1.0,149.37,1.0,2.0,5,3,2,10,Potential Loyalists
53954,0,16.0,Mobile Phone,1,19.0,Credit Card,Male,3.0,4,Mobile Phone,4,Married,10,0,23.0,2.0,2.0,5.0,152.66,5.0,2.0,2,3,2,7,At Risk
53955,0,29.0,Mobile Phone,1,9.0,Credit Card,Male,3.0,5,Others,5,Married,10,0,,1.0,2.0,1.0,315.38,1.0,2.0,5,3,5,13,Loyal Customers
53956,0,7.0,Computer,1,11.0,Cash on Delivery,Male,3.0,4,Laptop & Accessory,4,Married,7,0,16.0,1.0,2.0,8.0,155.55,8.0,2.0,2,3,3,8,Loyal Customers
53957,0,15.0,Mobile Phone,1,16.0,Debit Card,Male,4.0,4,Mobile Phone,5,Married,3,0,21.0,2.0,2.0,5.0,147.89,5.0,2.0,2,3,2,7,At Risk
53958,0,8.0,Computer,3,17.0,Debit Card,Male,3.0,4,Laptop & Accessory,3,Married,3,1,15.0,2.0,2.0,8.0,165.01,8.0,2.0,2,3,3,8,Loyal Customers
53959,0,27.0,Computer,1,7.0,Credit Card,Female,3.0,5,Grocery,3,Married,6,1,21.0,1.0,,3.0,254.65,3.0,2.0,4,3,5,12,Loyal Customers
53960,0,17.0,Mobile Phone,2,9.0,Debit Card,Male,4.0,4,Mobile Phone,1,Single,2,0,14.0,1.0,2.0,9.0,160.39,9.0,2.0,1,3,3,7,Loyal Customers
53961,0,8.0,Mobile Phone,3,10.0,Debit Card,Female,3.0,6,Laptop & Accessory,1,Single,7,0,13.0,2.0,3.0,3.0,185.29,3.0,3.0,4,4,4,12,Champions
53962,1,1.0,Mobile Phone,3,14.0,E wallet,Male,3.0,4,Mobile Phone,4,Single,3,0,14.0,2.0,2.0,1.0,151.79,1.0,2.0,5,3,2,10,Potential Loyalists
53963,0,12.0,Mobile Phone,1,13.0,UPI,Female,3.0,5,Mobile Phone,3,Married,3,0,12.0,1.0,2.0,5.0,162.02,5.0,2.0,2,3,3,8,Loyal Customers
53964,1,1.0,Mobile Phone,1,15.0,Credit Card,Female,4.0,4,Mobile Phone,5,Married,3,1,18.0,1.0,2.0,1.0,148.98,1.0,2.0,5,3,2,10,Potential Loyalists
53965,0,5.0,Mobile Phone,3,36.0,E wallet,Female,4.0,5,Laptop & Accessory,1,Married,3,0,15.0,3.0,6.0,8.0,179.68,8.0,6.0,2,5,4,11,Loyal Customers
53966,0,25.0,Mobile Phone,1,10.0,Cash on Delivery,Female,3.0,4,Fashion,3,Married,4,0,12.0,3.0,,3.0,256.16,3.0,2.0,4,3,5,12,Loyal Customers
53967,0,11.0,Mobile Phone,3,16.0,E wallet,Male,3.0,5,Laptop & Accessory,4,Married,3,0,15.0,1.0,2.0,4.0,166.89,4.0,2.0,3,3,3,9,Loyal Customers
53968,0,20.0,Mobile Phone,1,9.0,Credit Card,Male,3.0,4,Others,1,Married,9,1,,2.0,3.0,3.0,318.28,3.0,3.0,4,4,5,13,Champions
53969,0,10.0,Mobile Phone,1,17.0,Debit Card,Male,3.0,4,Fashion,5,Married,9,1,14.0,2.0,6.0,8.0,208.21,8.0,6.0,2,5,4,11,Loyal Customers
53970,1,8.0,Computer,1,7.0,Credit Card,Male,3.0,4,Mobile Phone,4,Married,3,1,13.0,2.0,3.0,4.0,148.42,4.0,3.0,3,4,2,9,Potential Loyalists
53971,0,11.0,Mobile Phone,2,15.0,UPI,Male,3.0,4,Laptop & Accessory,4,Married,4,0,14.0,5.0,5.0,8.0,165.71,8.0,5.0,2,5,3,10,Loyal Customers
53972,1,1.0,Mobile Phone,3,34.0,Debit Card,Male,3.0,4,Laptop & Accessory,1,Single,3,1,19.0,1.0,8.0,8.0,183.13,8.0,8.0,2,5,4,11,Loyal Customers
53973,0,7.0,Mobile Phone,1,15.0,Debit Card,Male,3.0,2,Mobile Phone,5,Married,8,0,20.0,7.0,8.0,7.0,156.43,7.0,8.0,2,5,3,10,Loyal Customers
53974,0,2.0,Mobile Phone,1,7.0,Debit Card,Male,3.0,4,Mobile Phone,1,Married,3,0,12.0,1.0,2.0,4.0,145.44,4.0,2.0,3,3,2,8,Potential Loyalists
53975,0,13.0,Mobile Phone,1,17.0,Credit Card,Male,4.0,4,Fashion,3,Single,9,0,22.0,3.0,,3.0,259.64,3.0,2.0,4,3,5,12,Loyal Customers
53976,0,20.0,Computer,3,33.0,Debit Card,Male,4.0,5,Laptop & Accessory,4,Single,10,0,16.0,3.0,3.0,3.0,204.91,3.0,3.0,4,4,4,12,Champions
53977,0,14.0,Mobile Phone,1,9.0,Debit Card,Female,3.0,4,Mobile Phone,5,Married,6,0,18.0,2.0,2.0,3.0,158.77,3.0,2.0,4,3,3,10,Loyal Customers
53978,0,16.0,Mobile Phone,1,20.0,Credit Card,Male,4.0,2,Laptop & Accessory,5,Married,7,0,19.0,2.0,2.0,1.0,180.38,1.0,2.0,5,3,4,12,Loyal Customers
53979,0,9.0,Computer,1,9.0,Credit Card,Male,3.0,4,Laptop & Accessory,1,Married,4,0,15.0,1.0,2.0,8.0,182.62,8.0,2.0,2,3,4,9,Loyal Customers
53980,0,12.0,Computer,2,9.0,UPI,Male,4.0,4,Mobile Phone,4,Married,7,0,14.0,4.0,4.0,9.0,150.92,9.0,4.0,1,5,2,8,At Risk
53981,1,1.0,Computer,1,16.0,Debit Card,Male,4.0,4,Laptop & Accessory,5,Married,6,0,18.0,1.0,2.0,8.0,178.46,8.0,2.0,2,3,4,9,Loyal Customers
53982,1,1.0,Mobile Phone,1,17.0,Credit Card,Male,3.0,4,Laptop & Accessory,5,Single,3,0,16.0,1.0,2.0,9.0,167.13,9.0,2.0,1,3,3,7,Loyal Customers
53983,0,13.0,Computer,3,27.0,Debit Card,Male,3.0,4,Laptop & Accessory,1,Married,4,0,19.0,2.0,3.0,3.0,166.27,3.0,3.0,4,4,3,11,Loyal Customers
53984,0,17.0,Computer,1,16.0,Debit Card,Male,3.0,4,Mobile Phone,3,Single,6,0,14.0,1.0,2.0,3.0,149.38,3.0,2.0,4,3,2,9,Potential Loyalists
53985,0,15.0,Mobile Phone,1,12.0,Debit Card,Male,3.0,2,Laptop & Accessory,4,Single,5,0,13.0,2.0,2.0,3.0,193.7,3.0,2.0,4,3,4,11,Loyal Customers
53986,0,15.0,Mobile Phone,3,11.0,E wallet,Female,3.0,4,Fashion,3,Married,2,1,14.0,1.0,14.0,,229.47,3.0,14.0,4,5,5,14,Champions
53987,0,4.0,Mobile Phone,1,17.0,Credit Card,Female,4.0,4,Fashion,3,Single,11,0,15.0,1.0,2.0,,221.67,3.0,2.0,4,3,5,12,Loyal Customers
53988,1,1.0,Mobile Phone,2,27.0,Credit Card,Female,4.0,4,Mobile Phone,4,Married,2,1,12.0,1.0,2.0,5.0,146.48,5.0,2.0,2,3,2,7,At Risk
53989,1,10.0,Mobile Phone,1,28.0,Credit Card,Female,4.0,4,Laptop & Accessory,4,Married,6,0,23.0,2.0,4.0,,214.26,3.0,4.0,4,5,5,14,Champions
53990,0,14.0,Mobile Phone,1,7.0,Debit Card,Female,3.0,4,Laptop & Accessory,1,Married,6,0,18.0,1.0,2.0,4.0,190.13,4.0,2.0,3,3,4,10,Loyal Customers
53991,0,8.0,Mobile Phone,3,15.0,Cash on Delivery,Male,4.0,2,Laptop & Accessory,3,Married,3,0,22.0,1.0,5.0,9.0,192.99,9.0,5.0,1,5,4,10,Loyal Customers
53992,0,31.0,Computer,3,9.0,Credit Card,Male,3.0,4,Grocery,4,Married,6,0,23.0,11.0,15.0,15.0,25.0,15.0,15.0,1,5,1,7,At Risk
53993,0,9.0,Mobile Phone,1,30.0,Credit Card,Male,4.0,6,Mobile Phone,3,Married,2,0,17.0,2.0,2.0,4.0,152.05,4.0,2.0,3,3,2,8,Potential Loyalists
53994,0,21.0,Mobile Phone,1,11.0,Debit Card,Female,4.0,5,Fashion,4,Married,10,1,13.0,3.0,15.0,,228.33,3.0,15.0,4,5,5,14,Champions
53995,0,14.0,Mobile Phone,1,19.0,Debit Card,Female,3.0,4,Laptop & Accessory,5,Married,4,0,13.0,8.0,8.0,8.0,169.48,8.0,8.0,2,5,3,10,Loyal Customers
53996,0,28.0,Mobile Phone,1,14.0,Credit Card,Female,4.0,4,Laptop & Accessory,1,Married,6,0,16.0,2.0,2.0,8.0,193.54,8.0,2.0,2,3,4,9,Loyal Customers
53997,0,5.0,Computer,3,14.0,E wallet,Female,4.0,4,Fashion,5,Married,4,0,15.0,3.0,3.0,,221.37,3.0,3.0,4,4,5,13,Champions
53998,0,2.0,Mobile Phone,1,7.0,Credit Card,Female,4.0,4,Mobile Phone,5,Married,3,0,26.0,2.0,2.0,3.0,160.91,3.0,2.0,4,3,3,10,Loyal Customers
53999,0,12.0,Mobile Phone,3,9.0,E wallet,Female,4.0,6,Laptop & Accessory,1,Married,4,1,21.0,1.0,2.0,4.0,179.05,4.0,2.0,3,3,4,10,Loyal Customers
54000,0,1.0,Mobile Phone,3,17.0,Credit Card,Male,3.0,4,Laptop & Accessory,1,Single,3,0,14.0,1.0,2.0,3.0,171.84,3.0,2.0,4,3,3,10,Loyal Customers
54001,0,31.0,Computer,1,22.0,Debit Card,Male,3.0,4,Grocery,3,Married,4,1,15.0,,3.0,3.0,282.87,3.0,3.0,4,4,5,13,Champions
54002,0,1.0,Computer,1,21.0,Credit Card,Female,3.0,4,Mobile Phone,3,Single,3,0,17.0,2.0,2.0,1.0,140.14,1.0,2.0,5,3,1,9,Potential Loyalists
54003,1,1.0,Mobile Phone,2,25.0,UPI,Male,3.0,2,Mobile Phone,5,Married,2,0,18.0,2.0,2.0,1.0,154.56,1.0,2.0,5,3,3,11,Loyal Customers
54004,1,1.0,Mobile Phone,2,20.0,UPI,Male,3.0,5,Mobile Phone,5,Married,6,1,16.0,2.0,3.0,1.0,148.35,1.0,3.0,5,4,2,11,Potential Loyalists
54005,0,19.0,Computer,3,9.0,Debit Card,Female,4.0,4,Laptop & Accessory,3,Married,6,0,23.0,4.0,6.0,8.0,176.54,8.0,6.0,2,5,4,11,Loyal Customers
54006,0,10.0,Mobile Phone,1,9.0,UPI,Female,4.0,4,Laptop & Accessory,4,Married,6,1,23.0,1.0,2.0,1.0,194.62,1.0,2.0,5,3,4,12,Loyal Customers
54007,0,17.0,Computer,3,9.0,Debit Card,Male,4.0,4,Laptop & Accessory,1,Married,3,0,21.0,6.0,8.0,8.0,181.75,8.0,8.0,2,5,4,11,Loyal Customers
54008,0,1.0,Computer,1,12.0,Debit Card,Female,3.0,4,Mobile Phone,1,Single,2,1,15.0,2.0,2.0,3.0,148.79,3.0,2.0,4,3,2,9,Potential Loyalists
54009,0,3.0,Computer,1,27.0,Credit Card,Male,3.0,4,Mobile Phone,1,Married,3,0,14.0,2.0,4.0,11.0,163.12,11.0,4.0,1,5,3,9,Loyal Customers
54010,0,6.0,Computer,3,17.0,E wallet,Male,4.0,4,Laptop & Accessory,1,Single,10,0,14.0,2.0,2.0,1.0,171.48,1.0,2.0,5,3,3,11,Loyal Customers
54011,0,16.0,Computer,1,17.0,Cash on Delivery,Male,3.0,4,Mobile Phone,3,Married,5,0,23.0,2.0,4.0,4.0,154.36,4.0,4.0,3,5,3,11,Loyal Customers
54012,0,21.0,Mobile Phone,1,16.0,Debit Card,Female,4.0,4,Mobile Phone,3,Single,6,0,13.0,2.0,3.0,1.0,146.05,1.0,3.0,5,4,2,11,Potential Loyalists
54013,0,20.0,Mobile Phone,1,9.0,Debit Card,Male,3.0,4,Fashion,1,Married,5,0,15.0,2.0,5.0,,210.78,3.0,5.0,4,5,5,14,Champions
54014,0,2.0,Computer,2,7.0,Debit Card,Male,3.0,4,Mobile Phone,1,Married,3,0,16.0,1.0,3.0,3.0,152.06,3.0,3.0,4,4,2,10,Potential Loyalists
54015,0,3.0,Mobile Phone,1,36.0,Debit Card,Male,4.0,6,Laptop & Accessory,3,Married,10,0,18.0,2.0,2.0,7.0,188.84,7.0,2.0,2,3,4,9,Loyal Customers
54016,0,16.0,Mobile Phone,1,15.0,Debit Card,Male,3.0,4,Mobile Phone,3,Single,6,0,14.0,2.0,2.0,1.0,164.68,1.0,2.0,5,3,3,11,Loyal Customers
54017,1,1.0,Mobile Phone,3,9.0,E wallet,Male,3.0,5,Laptop & Accessory,4,Single,9,1,13.0,3.0,3.0,,224.07,3.0,3.0,4,4,5,13,Champions
54018,0,20.0,Mobile Phone,3,10.0,Cash on Delivery,Female,3.0,2,Grocery,5,Married,4,0,13.0,2.0,,9.0,257.25,9.0,2.0,1,3,5,9,Loyal Customers
54019,0,1.0,Mobile Phone,3,30.0,Credit Card,Female,3.0,5,Laptop & Accessory,3,Married,3,0,22.0,5.0,6.0,9.0,160.4,9.0,6.0,1,5,3,9,Loyal Customers
54020,0,3.0,Mobile Phone,2,13.0,Credit Card,Male,3.0,5,Mobile Phone,4,Married,3,0,12.0,2.0,2.0,1.0,153.04,1.0,2.0,5,3,2,10,Potential Loyalists
54021,0,17.0,Mobile Phone,1,13.0,Credit Card,Female,3.0,5,Others,3,Married,9,0,,4.0,7.0,15.0,318.92,15.0,7.0,1,5,5,11,Loyal Customers
54022,0,22.0,Mobile Phone,1,17.0,Debit Card,Male,4.0,5,Others,4,Married,6,0,,4.0,13.0,10.0,321.65,10.0,13.0,1,5,5,11,Loyal Customers
54023,1,1.0,Computer,1,31.0,Debit Card,Male,4.0,5,Mobile Phone,1,Single,3,1,25.0,2.0,2.0,1.0,149.39,1.0,2.0,5,3,2,10,Potential Loyalists
54024,1,10.0,Mobile Phone,3,17.0,Debit Card,Female,4.0,4,Fashion,4,Married,7,0,22.0,1.0,2.0,8.0,198.14,8.0,2.0,2,3,4,9,Loyal Customers
54025,0,1.0,Computer,1,22.0,Debit Card,Female,4.0,5,Mobile Phone,5,Married,2,0,20.0,8.0,8.0,4.0,172.74,4.0,8.0,3,5,3,11,Loyal Customers
54026,0,13.0,Mobile Phone,1,26.0,UPI,Male,3.0,4,Laptop & Accessory,1,Married,10,0,15.0,2.0,3.0,3.0,164.02,3.0,3.0,4,4,3,11,Loyal Customers
54027,0,29.0,Mobile Phone,1,9.0,Cash on Delivery,Male,4.0,5,Mobile Phone,1,Married,10,0,21.0,1.0,2.0,5.0,151.62,5.0,2.0,2,3,2,7,At Risk
54028,0,2.0,Mobile Phone,3,10.0,Credit Card,Female,4.0,4,Mobile Phone,4,Married,3,0,20.0,2.0,2.0,1.0,153.56,1.0,2.0,5,3,2,10,Potential Loyalists
54029,1,1.0,Mobile Phone,3,16.0,Credit Card,Male,3.0,4,Mobile Phone,1,Single,3,0,14.0,1.0,2.0,1.0,135.81,1.0,2.0,5,3,1,9,Potential Loyalists
54030,1,1.0,Mobile Phone,1,14.0,Debit Card,Male,4.0,4,Mobile Phone,4,Single,3,1,24.0,2.0,2.0,1.0,149.72,1.0,2.0,5,3,2,10,Potential Loyalists
54031,0,10.0,Mobile Phone,3,17.0,Cash on Delivery,Female,4.0,5,Laptop & Accessory,3,Married,3,1,14.0,2.0,2.0,8.0,181.73,8.0,2.0,2,3,4,9,Loyal Customers
54032,0,5.0,Mobile Phone,1,27.0,Debit Card,Male,3.0,4,Laptop & Accessory,3,Married,3,0,12.0,1.0,2.0,3.0,166.97,3.0,2.0,4,3,3,10,Loyal Customers
54033,0,8.0,Mobile Phone,3,11.0,Debit Card,Male,4.0,4,Fashion,1,Married,4,1,14.0,1.0,2.0,,222.13,3.0,2.0,4,3,5,12,Loyal Customers
54034,0,3.0,Mobile Phone,1,14.0,Debit Card,Male,3.0,4,Mobile Phone,5,Single,5,0,15.0,1.0,2.0,3.0,145.62,3.0,2.0,4,3,2,9,Potential Loyalists
54035,0,11.0,Mobile Phone,1,14.0,Credit Card,Male,4.0,4,Laptop & Accessory,5,Married,7,1,23.0,1.0,2.0,5.0,167.84,5.0,2.0,2,3,3,8,Loyal Customers
54036,0,9.0,Mobile Phone,1,23.0,UPI,Female,3.0,5,Laptop & Accessory,4,Married,2,1,12.0,2.0,2.0,3.0,172.88,3.0,2.0,4,3,3,10,Loyal Customers
54037,0,19.0,Mobile Phone,1,32.0,Debit Card,Female,4.0,5,Laptop & Accessory,1,Married,2,0,14.0,1.0,4.0,9.0,184.06,9.0,4.0,1,5,4,10,Loyal Customers
54038,0,10.0,Computer,2,9.0,UPI,Male,4.0,5,Laptop & Accessory,1,Single,3,0,22.0,2.0,2.0,9.0,163.86,9.0,2.0,1,3,3,7,Loyal Customers
54039,0,14.0,Mobile Phone,1,7.0,Debit Card,Male,4.0,4,Grocery,5,Married,4,0,,10.0,12.0,17.0,293.23,17.0,12.0,1,5,5,11,Loyal Customers
54040,0,1.0,Mobile Phone,1,7.0,Debit Card,Female,3.0,5,Mobile Phone,3,Married,3,1,14.0,1.0,2.0,1.0,154.33,1.0,2.0,5,3,3,11,Loyal Customers
54041,0,1.0,Mobile Phone,3,9.0,Credit Card,Female,3.0,2,Laptop & Accessory,3,Single,2,0,15.0,1.0,2.0,8.0,190.0,8.0,2.0,2,3,4,9,Loyal Customers
54042,0,22.0,Computer,1,29.0,Credit Card,Female,3.0,4,Grocery,1,Married,5,0,,1.0,5.0,8.0,296.74,8.0,5.0,2,5,5,12,Loyal Customers
54043,0,18.0,Mobile Phone,1,7.0,Debit Card,Male,4.0,2,Laptop & Accessory,5,Married,4,0,16.0,3.0,3.0,3.0,175.33,3.0,3.0,4,4,4,12,Champions
54044,1,1.0,Computer,1,23.0,Cash on Delivery,Male,3.0,6,Mobile Phone,5,Married,3,1,24.0,4.0,4.0,1.0,148.07,1.0,4.0,5,5,2,12,Potential Loyalists
54045,1,20.0,Mobile Phone,1,31.0,Debit Card,Male,4.0,4,Mobile Phone,1,Single,3,0,17.0,1.0,2.0,1.0,150.87,1.0,2.0,5,3,2,10,Potential Loyalists
54046,0,10.0,Mobile Phone,3,24.0,E wallet,Male,3.0,5,Laptop & Accessory,4,Married,4,0,17.0,2.0,2.0,4.0,180.07,4.0,2.0,3,3,4,10,Loyal Customers
54047,0,15.0,Mobile Phone,3,15.0,E wallet,Female,3.0,4,Laptop & Accessory,4,Married,7,0,22.0,2.0,2.0,5.0,168.93,5.0,2.0,2,3,3,8,Loyal Customers
54048,0,16.0,Mobile Phone,1,13.0,Credit Card,Male,3.0,4,Fashion,5,Married,11,0,14.0,4.0,,8.0,258.48,8.0,2.0,2,3,5,10,Loyal Customers
54049,0,5.0,Mobile Phone,3,17.0,Credit Card,Female,3.0,4,Laptop & Accessory,1,Married,4,1,12.0,1.0,2.0,5.0,190.83,5.0,2.0,2,3,4,9,Loyal Customers
54050,0,8.0,Mobile Phone,3,10.0,Credit Card,Female,4.0,5,Laptop & Accessory,1,Married,5,1,13.0,1.0,2.0,2.0,206.03,2.0,2.0,5,3,4,12,Loyal Customers
54051,0,5.0,Mobile Phone,1,11.0,Credit Card,Female,4.0,2,Mobile Phone,3,Married,10,0,13.0,3.0,3.0,3.0,164.78,3.0,3.0,4,4,3,11,Loyal Customers
54052,0,1.0,Computer,1,13.0,UPI,Male,4.0,2,Mobile Phone,1,Married,2,0,19.0,3.0,8.0,8.0,150.44,8.0,8.0,2,5,2,9,At Risk
54053,0,19.0,Computer,1,7.0,Credit Card,Male,3.0,4,Laptop & Accessory,3,Single,6,0,13.0,2.0,2.0,4.0,178.99,4.0,2.0,3,3,4,10,Loyal Customers
54054,0,7.0,Mobile Phone,3,17.0,E wallet,Male,3.0,4,Laptop & Accessory,3,Single,3,0,15.0,1.0,2.0,10.0,179.87,10.0,2.0,1,3,4,8,Loyal Customers
54055,0,2.0,Computer,3,7.0,Debit Card,Male,3.0,5,Laptop & Accessory,1,Married,3,1,13.0,1.0,2.0,8.0,193.34,8.0,2.0,2,3,4,9,Loyal Customers
54056,1,1.0,Computer,3,31.0,Cash on Delivery,Male,3.0,2,Mobile Phone,5,Single,3,0,18.0,2.0,2.0,1.0,135.91,1.0,2.0,5,3,1,9,Potential Loyalists
54057,0,13.0,Computer,3,28.0,Debit Card,Female,3.0,6,Laptop & Accessory,3,Married,8,0,20.0,1.0,2.0,3.0,182.36,3.0,2.0,4,3,4,11,Loyal Customers
54058,0,1.0,Mobile Phone,1,9.0,Cash on Delivery,Male,3.0,4,Mobile Phone,4,Married,3,0,12.0,2.0,2.0,3.0,147.26,3.0,2.0,4,3,2,9,Potential Loyalists
54059,0,8.0,Computer,1,29.0,UPI,Male,3.0,5,Laptop & Accessory,1,Married,3,1,16.0,4.0,7.0,12.0,182.47,12.0,7.0,1,5,4,10,Loyal Customers
54060,1,1.0,Mobile Phone,3,20.0,E wallet,Female,3.0,4,Laptop & Accessory,3,Single,5,1,12.0,3.0,3.0,,223.54,3.0,3.0,4,4,5,13,Champions
54061,0,21.0,Computer,1,21.0,Cash on Delivery,Male,4.0,4,Laptop & Accessory,4,Married,10,0,19.0,1.0,2.0,8.0,179.67,8.0,2.0,2,3,4,9,Loyal Customers
54062,0,30.0,Mobile Phone,3,18.0,E wallet,Female,3.0,5,Laptop & Accessory,5,Married,6,0,17.0,1.0,2.0,1.0,178.8,1.0,2.0,5,3,4,12,Loyal Customers
54063,0,13.0,Mobile Phone,1,16.0,Credit Card,Male,3.0,4,Laptop & Accessory,5,Married,3,0,26.0,5.0,8.0,10.0,176.51,10.0,8.0,1,5,4,10,Loyal Customers
54064,0,12.0,Computer,1,15.0,Credit Card,Female,3.0,5,Laptop & Accessory,4,Married,3,1,17.0,2.0,2.0,8.0,146.33,8.0,2.0,2,3,2,7,At Risk
54065,0,31.0,Mobile Phone,3,28.0,Debit Card,Female,4.0,4,Grocery,1,Married,6,1,,2.0,2.0,1.0,303.75,1.0,2.0,5,3,5,13,Loyal Customers
54066,1,1.0,Computer,1,12.0,Debit Card,Female,3.0,2,Mobile Phone,3,Single,5,1,15.0,1.0,2.0,4.0,149.32,4.0,2.0,3,3,2,8,Potential Loyalists
54067,0,12.0,Mobile Phone,1,16.0,Debit Card,Male,4.0,4,Mobile Phone,1,Married,4,0,20.0,2.0,2.0,4.0,172.71,4.0,2.0,3,3,3,9,Loyal Customers
54068,0,23.0,Computer,1,9.0,Debit Card,Male,3.0,4,Others,1,Married,5,0,,3.0,5.0,4.0,316.61,4.0,5.0,3,5,5,13,Loyal Customers
54069,0,16.0,Mobile Phone,3,19.0,E wallet,Male,4.0,4,Laptop & Accessory,1,Married,5,1,13.0,1.0,2.0,1.0,175.87,1.0,2.0,5,3,4,12,Loyal Customers
54070,1,1.0,Computer,2,29.0,UPI,Female,3.0,5,Mobile Phone,4,Married,3,0,13.0,2.0,2.0,1.0,153.63,1.0,2.0,5,3,2,10,Potential Loyalists
54071,0,9.0,Mobile Phone,3,25.0,Credit Card,Male,4.0,4,Laptop & Accessory,5,Married,2,0,17.0,1.0,2.0,5.0,25.0,5.0,2.0,2,3,1,6,At Risk
54072,0,2.0,Computer,1,23.0,Credit Card,Male,3.0,4,Mobile Phone,3,Single,3,0,15.0,1.0,2.0,5.0,146.44,5.0,2.0,2,3,2,7,At Risk
54073,0,5.0,Computer,1,10.0,Credit Card,Male,3.0,4,Mobile Phone,5,Married,3,1,14.0,1.0,3.0,4.0,155.65,4.0,3.0,3,4,3,10,Loyal Customers
54074,0,10.0,Computer,1,16.0,Debit Card,Male,4.0,2,Mobile Phone,4,Married,3,0,23.0,2.0,2.0,3.0,153.1,3.0,2.0,4,3,2,9,Potential Loyalists
54075,0,8.0,Mobile Phone,3,7.0,E wallet,Male,3.0,4,Fashion,1,Single,3,0,22.0,2.0,3.0,,223.88,3.0,3.0,4,4,5,13,Champions
54076,0,8.0,Mobile Phone,3,20.0,Credit Card,Male,3.0,4,Fashion,3,Married,3,0,19.0,2.0,2.0,,211.28,3.0,2.0,4,3,5,12,Loyal Customers
54077,0,1.0,Mobile Phone,1,7.0,Credit Card,Male,4.0,4,Mobile Phone,5,Single,2,0,14.0,4.0,8.0,7.0,153.67,7.0,8.0,2,5,3,10,Loyal Customers
54078,0,3.0,Mobile Phone,1,7.0,Debit Card,Male,3.0,4,Laptop & Accessory,5,Married,2,0,13.0,2.0,2.0,3.0,178.73,3.0,2.0,4,3,4,11,Loyal Customers
54079,0,6.0,Computer,1,22.0,Credit Card,Female,3.0,4,Laptop & Accessory,1,Married,7,0,19.0,1.0,2.0,3.0,191.67,3.0,2.0,4,3,4,11,Loyal Customers
54080,0,5.0,Computer,1,7.0,Debit Card,Male,3.0,6,Laptop & Accessory,5,Married,3,0,22.0,2.0,9.0,8.0,175.03,8.0,9.0,2,5,4,11,Loyal Customers
54081,1,1.0,Mobile Phone,1,24.0,Cash on Delivery,Male,3.0,5,Mobile Phone,1,Married,7,0,13.0,1.0,2.0,4.0,148.67,4.0,2.0,3,3,2,8,Potential Loyalists
54082,0,12.0,Mobile Phone,3,7.0,Debit Card,Male,3.0,5,Mobile Phone,5,Single,6,0,15.0,1.0,2.0,1.0,153.58,1.0,2.0,5,3,2,10,Potential Loyalists
54083,0,9.0,Mobile Phone,3,14.0,Debit Card,Female,3.0,4,Laptop & Accessory,1,Married,3,1,12.0,2.0,2.0,10.0,177.04,10.0,2.0,1,3,4,8,Loyal Customers
54084,0,1.0,Mobile Phone,3,16.0,E wallet,Male,3.0,4,Laptop & Accessory,1,Single,3,0,15.0,1.0,2.0,8.0,166.05,8.0,2.0,2,3,3,8,Loyal Customers
54085,0,6.0,Mobile Phone,1,12.0,Debit Card,Male,3.0,5,Laptop & Accessory,1,Single,10,0,25.0,1.0,2.0,,221.79,3.0,2.0,4,3,5,12,Loyal Customers
54086,1,1.0,Computer,3,33.0,E wallet,Male,4.0,4,Laptop & Accessory,1,Married,3,1,12.0,1.0,2.0,9.0,181.17,9.0,2.0,1,3,4,8,Loyal Customers
54087,1,17.0,Mobile Phone,3,31.0,Debit Card,Male,4.0,4,Fashion,5,Single,8,1,14.0,3.0,3.0,,229.48,3.0,3.0,4,4,5,13,Champions
54088,0,28.0,Mobile Phone,1,16.0,Debit Card,Female,4.0,4,Laptop & Accessory,3,Married,5,0,12.0,1.0,3.0,4.0,153.97,4.0,3.0,3,4,3,10,Loyal Customers
54089,0,7.0,Computer,1,14.0,Debit Card,Male,3.0,4,Laptop & Accessory,3,Married,3,0,21.0,3.0,3.0,9.0,184.68,9.0,3.0,1,4,4,9,Loyal Customers
54090,0,17.0,Mobile Phone,1,18.0,Debit Card,Male,2.0,4,Fashion,3,Married,3,0,18.0,2.0,2.0,10.0,200.1,10.0,2.0,1,3,4,8,Loyal Customers
54091,0,12.0,Computer,2,7.0,UPI,Male,3.0,4,Mobile Phone,4,Married,2,1,12.0,2.0,2.0,3.0,154.91,3.0,2.0,4,3,3,10,Loyal Customers
54092,0,29.0,Mobile Phone,2,33.0,UPI,Male,4.0,2,Others,4,Married,6,1,,2.0,2.0,5.0,321.36,5.0,2.0,2,3,5,10,Loyal Customers
54093,0,5.0,Mobile Phone,1,9.0,Credit Card,Female,3.0,6,Mobile Phone,1,Married,3,1,12.0,2.0,2.0,1.0,136.29,1.0,2.0,5,3,1,9,Potential Loyalists
54094,0,13.0,Mobile Phone,3,22.0,E wallet,Male,4.0,4,Grocery,5,Single,2,0,13.0,5.0,,11.0,258.41,11.0,2.0,1,3,5,9,Loyal Customers
54095,0,16.0,Computer,1,30.0,Debit Card,Male,3.0,5,Laptop & Accessory,3,Single,3,0,13.0,3.0,4.0,8.0,168.32,8.0,4.0,2,5,3,10,Loyal Customers
54096,0,5.0,Computer,1,17.0,Credit Card,Female,3.0,4,Fashion,3,Married,6,0,21.0,4.0,,9.0,235.31,9.0,2.0,1,3,5,9,Loyal Customers
54097,0,28.0,Mobile Phone,1,17.0,Credit Card,Female,4.0,4,Laptop & Accessory,5,Single,8,1,20.0,1.0,2.0,5.0,169.4,5.0,2.0,2,3,3,8,Loyal Customers
54098,0,1.0,Mobile Phone,1,7.0,Debit Card,Male,3.0,5,Laptop & Accessory,3,Single,3,0,13.0,2.0,2.0,3.0,171.17,3.0,2.0,4,3,3,10,Loyal Customers
54099,0,1.0,Mobile Phone,1,19.0,UPI,Male,4.0,4,Mobile Phone,1,Single,3,0,14.0,2.0,2.0,5.0,151.47,5.0,2.0,2,3,2,7,At Risk
54100,0,14.0,Computer,1,18.0,Cash on Delivery,Female,4.0,4,Laptop & Accessory,3,Married,3,0,12.0,3.0,10.0,5.0,188.23,5.0,10.0,2,5,4,11,Loyal Customers
54101,0,14.0,Mobile Phone,3,9.0,E wallet,Female,4.0,4,Laptop & Accessory,4,Married,5,0,15.0,2.0,6.0,11.0,181.77,11.0,6.0,1,5,4,10,Loyal Customers
54102,0,1.0,Mobile Phone,2,9.0,UPI,Female,3.0,4,Mobile Phone,4,Married,6,0,15.0,1.0,2.0,3.0,146.87,3.0,2.0,4,3,2,9,Potential Loyalists
54103,0,4.0,Mobile Phone,1,7.0,Credit Card,Male,4.0,4,Mobile Phone,4,Married,3,0,14.0,1.0,2.0,8.0,162.48,8.0,2.0,2,3,3,8,Loyal Customers
54104,0,1.0,Mobile Phone,1,9.0,UPI,Male,3.0,4,Mobile Phone,3,Married,8,1,20.0,1.0,2.0,3.0,164.77,3.0,2.0,4,3,3,10,Loyal Customers
54105,0,21.0,Mobile Phone,1,32.0,Credit Card,Male,3.0,4,Fashion,3,Single,4,0,24.0,2.0,13.0,,211.33,3.0,13.0,4,5,5,14,Champions
54106,0,7.0,Computer,1,7.0,Credit Card,Male,3.0,5,Mobile Phone,3,Married,3,0,13.0,1.0,2.0,1.0,145.08,1.0,2.0,5,3,2,10,Potential Loyalists
54107,0,12.0,Mobile Phone,3,7.0,Debit Card,Male,3.0,4,Laptop & Accessory,4,Married,2,0,16.0,5.0,6.0,9.0,169.4,9.0,6.0,1,5,3,9,Loyal Customers
54108,0,5.0,Mobile Phone,3,9.0,Debit Card,Male,3.0,4,Mobile Phone,3,Married,2,0,20.0,2.0,2.0,3.0,155.67,3.0,2.0,4,3,3,10,Loyal Customers
54109,0,12.0,Computer,1,13.0,Debit Card,Male,4.0,5,Laptop & Accessory,3,Married,4,0,12.0,3.0,8.0,8.0,178.21,8.0,8.0,2,5,4,11,Loyal Customers
54110,0,16.0,Mobile Phone,1,25.0,Debit Card,Male,3.0,4,Laptop & Accessory,5,Married,8,1,18.0,1.0,2.0,3.0,179.1,3.0,2.0,4,3,4,11,Loyal Customers
54111,0,15.0,Mobile Phone,1,7.0,Debit Card,Male,4.0,4,Mobile Phone,1,Married,5,0,23.0,1.0,2.0,1.0,152.82,1.0,2.0,5,3,2,10,Potential Loyalists
54112,0,21.0,Computer,1,7.0,Credit Card,Female,4.0,4,Fashion,4,Married,2,0,19.0,1.0,,13.0,244.57,13.0,2.0,1,3,5,9,Loyal Customers
54113,0,9.0,Mobile Phone,1,18.0,Credit Card,Male,3.0,4,Mobile Phone,3,Married,9,1,12.0,1.0,3.0,3.0,151.6,3.0,3.0,4,4,2,10,Potential Loyalists
54114,0,1.0,Mobile Phone,1,7.0,Debit Card,Male,4.0,4,Mobile Phone,3,Single,2,0,13.0,1.0,2.0,3.0,158.75,3.0,2.0,4,3,3,10,Loyal Customers
54115,0,9.0,Mobile Phone,1,16.0,Credit Card,Male,3.0,4,Laptop & Accessory,3,Single,3,0,20.0,1.0,2.0,9.0,175.98,9.0,2.0,1,3,4,8,Loyal Customers
54116,0,7.0,Mobile Phone,1,22.0,Credit Card,Female,4.0,4,Laptop & Accessory,1,Married,2,1,14.0,6.0,9.0,2.0,37.0,2.0,9.0,5,5,1,11,Potential Loyalists
54117,0,6.0,Mobile Phone,1,36.0,Debit Card,Female,3.0,5,Mobile Phone,4,Single,3,0,14.0,4.0,5.0,2.0,153.37,2.0,5.0,5,5,2,12,Potential Loyalists
54118,0,14.0,Mobile Phone,1,7.0,Debit Card,Male,3.0,4,Mobile Phone,1,Married,10,0,20.0,1.0,2.0,1.0,149.06,1.0,2.0,5,3,2,10,Potential Loyalists
54119,0,6.0,Mobile Phone,3,7.0,Credit Card,Male,4.0,5,Mobile Phone,4,Married,2,0,15.0,1.0,3.0,3.0,147.69,3.0,3.0,4,4,2,10,Potential Loyalists
54120,0,13.0,Mobile Phone,1,31.0,Debit Card,Male,3.0,4,Laptop & Accessory,1,Single,9,0,14.0,2.0,2.0,8.0,166.08,8.0,2.0,2,3,3,8,Loyal Customers
54121,0,12.0,Mobile Phone,1,17.0,Credit Card,Female,3.0,6,Fashion,3,Married,5,0,13.0,2.0,,12.0,257.06,12.0,2.0,1,3,5,9,Loyal Customers
54122,0,6.0,Mobile Phone,3,7.0,E wallet,Female,3.0,4,Fashion,1,Married,3,0,20.0,4.0,6.0,,229.22,3.0,6.0,4,5,5,14,Champions
54123,0,11.0,Mobile Phone,1,17.0,Debit Card,Female,3.0,2,Fashion,1,Married,3,1,26.0,,7.0,9.0,262.44,9.0,7.0,1,5,5,11,Loyal Customers
54124,0,1.0,Mobile Phone,3,15.0,UPI,Female,3.0,4,Laptop & Accessory,3,Married,2,1,23.0,2.0,2.0,5.0,174.07,5.0,2.0,2,3,4,9,Loyal Customers
54125,0,26.0,Computer,3,127.0,Debit Card,Male,3.0,4,Mobile Phone,1,Married,4,0,16.0,2.0,2.0,1.0,159.82,1.0,2.0,5,3,3,11,Loyal Customers
54126,0,18.0,Mobile Phone,1,7.0,Credit Card,Male,3.0,4,Mobile Phone,1,Single,8,1,13.0,1.0,2.0,3.0,149.36,3.0,2.0,4,3,2,9,Potential Loyalists
54127,0,1.0,Mobile Phone,3,12.0,Credit Card,Male,3.0,4,Mobile Phone,5,Single,3,1,12.0,2.0,2.0,3.0,148.8,3.0,2.0,4,3,2,9,Potential Loyalists
54128,0,13.0,Computer,1,16.0,Debit Card,Male,3.0,4,Others,1,Single,4,0,,1.0,2.0,4.0,319.31,4.0,2.0,3,3,5,11,Loyal Customers
54129,1,1.0,Computer,3,16.0,E wallet,Male,3.0,4,Mobile Phone,5,Married,3,0,20.0,2.0,2.0,1.0,142.9,1.0,2.0,5,3,2,10,Potential Loyalists
54130,0,10.0,Mobile Phone,3,10.0,Credit Card,Female,4.0,5,Fashion,1,Married,2,0,20.0,4.0,4.0,5.0,201.44,5.0,4.0,2,5,4,11,Loyal Customers
54131,0,10.0,Computer,1,11.0,Debit Card,Female,4.0,4,Laptop & Accessory,4,Married,9,0,14.0,2.0,2.0,3.0,176.31,3.0,2.0,4,3,4,11,Loyal Customers
54132,0,30.0,Computer,1,7.0,Debit Card,Male,3.0,4,Laptop & Accessory,3,Married,3,0,22.0,1.0,2.0,10.0,188.06,10.0,2.0,1,3,4,8,Loyal Customers
54133,1,1.0,Mobile Phone,1,7.0,Credit Card,Male,3.0,4,Mobile Phone,1,Married,11,1,15.0,3.0,3.0,3.0,172.87,3.0,3.0,4,4,3,11,Loyal Customers
54134,0,16.0,Mobile Phone,1,9.0,Debit Card,Male,3.0,4,Others,3,Married,7,0,,2.0,5.0,15.0,313.8,15.0,5.0,1,5,5,11,Loyal Customers
54135,1,20.0,Mobile Phone,1,14.0,Cash on Delivery,Male,4.0,4,Mobile Phone,3,Married,10,0,12.0,7.0,10.0,9.0,148.39,9.0,10.0,1,5,2,8,At Risk
54136,0,15.0,Mobile Phone,1,35.0,Debit Card,Female,3.0,5,Grocery,4,Married,2,0,24.0,2.0,,11.0,260.7,11.0,2.0,1,3,5,9,Loyal Customers
54137,0,8.0,Mobile Phone,3,35.0,E wallet,Female,4.0,5,Laptop & Accessory,3,Married,3,0,22.0,2.0,2.0,8.0,192.12,8.0,2.0,2,3,4,9,Loyal Customers
54138,0,10.0,Computer,3,22.0,E wallet,Male,3.0,6,Laptop & Accessory,1,Married,3,0,25.0,5.0,12.0,12.0,179.06,12.0,12.0,1,5,4,10,Loyal Customers
54139,0,15.0,Mobile Phone,3,10.0,Debit Card,Male,3.0,5,Laptop & Accessory,4,Married,4,0,12.0,1.0,2.0,,214.38,3.0,2.0,4,3,5,12,Loyal Customers
54140,0,6.0,Mobile Phone,1,9.0,Cash on Delivery,Male,4.0,4,Mobile Phone,5,Single,3,0,15.0,2.0,2.0,3.0,149.39,3.0,2.0,4,3,2,9,Potential Loyalists
54141,0,9.0,Mobile Phone,2,33.0,Debit Card,Female,3.0,4,Fashion,1,Single,3,1,17.0,2.0,2.0,,213.37,3.0,2.0,4,3,5,12,Loyal Customers
54142,0,12.0,Mobile Phone,3,17.0,Debit Card,Female,4.0,4,Laptop & Accessory,1,Married,3,0,12.0,1.0,2.0,10.0,178.43,10.0,2.0,1,3,4,8,Loyal Customers
54143,1,14.0,Computer,3,7.0,Debit Card,Male,4.0,4,Laptop & Accessory,3,Married,9,0,13.0,2.0,2.0,2.0,192.28,2.0,2.0,5,3,4,12,Loyal Customers
54144,0,10.0,Mobile Phone,3,18.0,E wallet,Female,4.0,5,Laptop & Accessory,1,Married,6,0,14.0,2.0,2.0,1.0,191.52,1.0,2.0,5,3,4,12,Loyal Customers
54145,0,19.0,Mobile Phone,3,27.0,Debit Card,Female,3.0,4,Laptop & Accessory,3,Single,10,0,16.0,2.0,2.0,2.0,173.5,2.0,2.0,5,3,4,12,Loyal Customers
54146,0,14.0,Mobile Phone,1,9.0,Debit Card,Male,3.0,5,Mobile Phone,3,Single,4,0,15.0,1.0,3.0,3.0,153.09,3.0,3.0,4,4,2,10,Potential Loyalists
54147,0,9.0,Computer,1,25.0,Debit Card,Male,4.0,4,Laptop & Accessory,3,Married,3,1,15.0,2.0,2.0,3.0,181.89,3.0,2.0,4,3,4,11,Loyal Customers
54148,0,14.0,Mobile Phone,1,9.0,Credit Card,Female,4.0,4,Mobile Phone,3,Married,4,0,15.0,2.0,2.0,3.0,145.01,3.0,2.0,4,3,2,9,Potential Loyalists
54149,0,9.0,Mobile Phone,1,7.0,Debit Card,Female,4.0,6,Mobile Phone,1,Married,3,0,13.0,1.0,2.0,2.0,154.77,2.0,2.0,5,3,3,11,Loyal Customers
54150,0,3.0,Mobile Phone,1,20.0,UPI,Male,3.0,5,Laptop & Accessory,4,Married,6,1,14.0,2.0,2.0,4.0,165.25,4.0,2.0,3,3,3,9,Loyal Customers
54151,0,3.0,Mobile Phone,1,35.0,Credit Card,Female,4.0,5,Mobile Phone,5,Single,3,0,15.0,1.0,2.0,5.0,162.85,5.0,2.0,2,3,3,8,Loyal Customers
54152,1,14.0,Mobile Phone,3,35.0,E wallet,Male,3.0,5,Fashion,5,Married,6,1,14.0,1.0,,1.0,233.54,1.0,2.0,5,3,5,13,Loyal Customers
54153,0,13.0,Mobile Phone,3,31.0,E wallet,Female,3.0,5,Grocery,1,Married,2,0,12.0,2.0,,7.0,245.31,7.0,2.0,2,3,5,10,Loyal Customers
54154,0,5.0,Computer,1,12.0,Credit Card,Male,4.0,4,Laptop & Accessory,5,Single,2,0,20.0,1.0,2.0,,224.36,3.0,2.0,4,3,5,12,Loyal Customers
54155,0,1.0,Mobile Phone,3,12.0,UPI,Female,2.0,5,Mobile Phone,3,Single,2,0,19.0,1.0,2.0,1.0,154.66,1.0,2.0,5,3,3,11,Loyal Customers
54156,0,10.0,Computer,1,30.0,Credit Card,Male,3.0,2,Laptop & Accessory,1,Married,6,0,18.0,1.0,2.0,4.0,150.71,4.0,2.0,3,3,2,8,Potential Loyalists
54157,0,13.0,Mobile Phone,1,13.0,Credit Card,Male,3.0,5,Fashion,5,Married,6,0,16.0,2.0,2.0,,224.91,3.0,2.0,4,3,5,12,Loyal Customers
54158,0,1.0,Mobile Phone,1,11.0,Debit Card,Male,3.0,2,Laptop & Accessory,4,Married,3,1,21.0,2.0,2.0,4.0,186.42,4.0,2.0,3,3,4,10,Loyal Customers
54159,0,23.0,Computer,3,9.0,Credit Card,Male,4.0,5,Laptop & Accessory,4,Married,4,0,15.0,2.0,2.0,9.0,178.9,9.0,2.0,1,3,4,8,Loyal Customers
54160,0,8.0,Mobile Phone,1,15.0,Credit Card,Male,3.0,2,Laptop & Accessory,3,Married,4,0,13.0,1.0,2.0,3.0,169.04,3.0,2.0,4,3,3,10,Loyal Customers
54161,1,5.0,Mobile Phone,3,7.0,Debit Card,Female,4.0,4,Laptop & Accessory,1,Single,10,1,12.0,1.0,2.0,6.0,184.93,6.0,2.0,2,3,4,9,Loyal Customers
54162,0,23.0,Computer,1,15.0,Debit Card,Male,4.0,5,Laptop & Accessory,4,Married,3,0,24.0,1.0,2.0,8.0,176.3,8.0,2.0,2,3,4,9,Loyal Customers
54163,1,1.0,Mobile Phone,1,9.0,UPI,Male,4.0,5,Mobile Phone,3,Single,8,1,16.0,1.0,2.0,1.0,145.9,1.0,2.0,5,3,2,10,Potential Loyalists
54164,0,7.0,Computer,1,10.0,Debit Card,Female,3.0,4,Mobile Phone,3,Married,3,1,12.0,3.0,4.0,1.0,154.09,1.0,4.0,5,5,3,13,Loyal Customers
54165,0,1.0,Mobile Phone,1,9.0,Credit Card,Male,3.0,4,Mobile Phone,4,Married,11,0,13.0,2.0,3.0,3.0,159.68,3.0,3.0,4,4,3,11,Loyal Customers
54166,0,6.0,Computer,1,9.0,Debit Card,Male,4.0,4,Mobile Phone,1,Single,2,0,14.0,2.0,4.0,7.0,155.68,7.0,4.0,2,5,3,10,Loyal Customers
54167,0,31.0,Mobile Phone,1,10.0,Credit Card,Female,3.0,2,Mobile Phone,5,Married,6,1,21.0,1.0,2.0,1.0,151.7,1.0,2.0,5,3,2,10,Potential Loyalists
54168,0,4.0,Mobile Phone,1,31.0,Debit Card,Male,4.0,4,Mobile Phone,3,Married,3,0,23.0,2.0,2.0,1.0,151.93,1.0,2.0,5,3,2,10,Potential Loyalists
54169,0,12.0,Computer,1,30.0,Debit Card,Male,3.0,5,Fashion,3,Single,2,0,22.0,2.0,2.0,,220.26,3.0,2.0,4,3,5,12,Loyal Customers
54170,0,10.0,Mobile Phone,1,34.0,Credit Card,Male,4.0,4,Laptop & Accessory,3,Married,8,0,14.0,1.0,8.0,8.0,177.37,8.0,8.0,2,5,4,11,Loyal Customers
54171,0,9.0,Mobile Phone,1,23.0,Credit Card,Male,3.0,2,Mobile Phone,4,Married,2,0,14.0,2.0,2.0,4.0,149.26,4.0,2.0,3,3,2,8,Potential Loyalists
54172,0,3.0,Mobile Phone,1,22.0,Debit Card,Female,3.0,5,Laptop & Accessory,3,Single,2,1,13.0,2.0,2.0,9.0,166.93,9.0,2.0,1,3,3,7,Loyal Customers
54173,0,5.0,Mobile Phone,1,33.0,Debit Card,Male,3.0,4,Mobile Phone,3,Married,3,0,18.0,4.0,5.0,4.0,154.11,4.0,5.0,3,5,3,11,Loyal Customers
54174,0,8.0,Mobile Phone,1,26.0,Credit Card,Male,4.0,4,Mobile Phone,1,Married,2,0,12.0,1.0,2.0,3.0,151.61,3.0,2.0,4,3,2,9,Potential Loyalists
54175,1,1.0,Mobile Phone,1,31.0,Debit Card,Male,3.0,5,Mobile Phone,3,Single,7,1,15.0,1.0,2.0,4.0,145.28,4.0,2.0,3,3,2,8,Potential Loyalists
54176,0,3.0,Mobile Phone,1,28.0,Debit Card,Female,3.0,2,Fashion,5,Married,3,0,12.0,7.0,9.0,,224.8,3.0,9.0,4,5,5,14,Champions
54177,0,6.0,Mobile Phone,1,12.0,Debit Card,Male,4.0,2,Mobile Phone,4,Married,2,1,13.0,2.0,2.0,6.0,157.98,6.0,2.0,2,3,3,8,Loyal Customers
54178,0,1.0,Computer,1,23.0,Credit Card,Male,4.0,2,Mobile Phone,1,Married,3,1,14.0,1.0,2.0,1.0,154.35,1.0,2.0,5,3,3,11,Loyal Customers
54179,0,27.0,Mobile Phone,3,9.0,Debit Card,Female,4.0,5,Grocery,1,Married,4,0,17.0,,4.0,8.0,279.27,8.0,4.0,2,5,5,12,Loyal Customers
54180,0,12.0,Mobile Phone,1,9.0,Debit Card,Male,3.0,4,Mobile Phone,1,Single,7,1,12.0,1.0,2.0,3.0,164.44,3.0,2.0,4,3,3,10,Loyal Customers
54181,0,1.0,Computer,1,18.0,UPI,Female,4.0,2,Laptop & Accessory,3,Married,2,0,19.0,1.0,2.0,4.0,165.11,4.0,2.0,3,3,3,9,Loyal Customers
54182,1,1.0,Mobile Phone,3,16.0,Debit Card,Male,3.0,5,Mobile Phone,5,Single,9,0,24.0,1.0,2.0,4.0,159.07,4.0,2.0,3,3,3,9,Loyal Customers
54183,0,8.0,Mobile Phone,1,14.0,Debit Card,Female,3.0,4,Fashion,4,Single,2,0,12.0,1.0,,12.0,244.94,12.0,2.0,1,3,5,9,Loyal Customers
54184,0,1.0,Mobile Phone,1,22.0,Debit Card,Male,4.0,4,Mobile Phone,1,Single,3,0,15.0,2.0,2.0,1.0,137.32,1.0,2.0,5,3,1,9,Potential Loyalists
54185,1,1.0,Mobile Phone,1,13.0,Credit Card,Male,3.0,4,Mobile Phone,5,Single,4,0,12.0,1.0,2.0,4.0,154.6,4.0,2.0,3,3,3,9,Loyal Customers
54186,0,27.0,Mobile Phone,1,12.0,UPI,Female,3.0,4,Others,3,Married,6,0,,2.0,5.0,9.0,315.94,9.0,5.0,1,5,5,11,Loyal Customers
54187,1,1.0,Computer,1,23.0,Debit Card,Female,4.0,6,Mobile Phone,5,Single,3,1,23.0,1.0,7.0,8.0,164.19,8.0,7.0,2,5,3,10,Loyal Customers
54188,0,16.0,Mobile Phone,3,15.0,E wallet,Male,3.0,4,Laptop & Accessory,4,Married,2,0,12.0,3.0,5.0,3.0,193.25,3.0,5.0,4,5,4,13,Champions
54189,0,18.0,Mobile Phone,1,14.0,Credit Card,Female,3.0,5,Fashion,1,Married,5,0,15.0,1.0,6.0,,227.48,3.0,6.0,4,5,5,14,Champions
54190,0,20.0,Mobile Phone,3,9.0,E wallet,Female,3.0,4,Others,5,Single,5,0,,3.0,3.0,2.0,314.47,2.0,3.0,5,4,5,14,Champions
54191,0,7.0,Mobile Phone,1,9.0,Credit Card,Male,4.0,4,Mobile Phone,1,Single,6,0,12.0,1.0,2.0,1.0,149.96,1.0,2.0,5,3,2,10,Potential Loyalists
54192,0,18.0,Mobile Phone,1,17.0,UPI,Male,3.0,4,Laptop & Accessory,1,Married,4,1,14.0,1.0,2.0,4.0,189.65,4.0,2.0,3,3,4,10,Loyal Customers
54193,0,4.0,Mobile Phone,1,16.0,Credit Card,Male,3.0,5,Mobile Phone,3,Single,3,0,14.0,1.0,2.0,9.0,147.06,9.0,2.0,1,3,2,6,At Risk
54194,1,3.0,Mobile Phone,3,12.0,Cash on Delivery,Male,3.0,4,Laptop & Accessory,1,Married,5,0,15.0,1.0,2.0,1.0,145.86,1.0,2.0,5,3,2,10,Potential Loyalists
54195,1,1.0,Mobile Phone,1,7.0,Credit Card,Male,4.0,4,Mobile Phone,1,Married,4,1,17.0,1.0,3.0,1.0,147.93,1.0,3.0,5,4,2,11,Potential Loyalists
54196,0,17.0,Mobile Phone,1,9.0,Credit Card,Female,4.0,2,Mobile Phone,3,Married,3,0,13.0,2.0,2.0,5.0,151.45,5.0,2.0,2,3,2,7,At Risk
54197,1,14.0,Mobile Phone,3,10.0,E wallet,Male,3.0,5,Mobile Phone,3,Married,3,1,15.0,2.0,2.0,3.0,151.83,3.0,2.0,4,3,2,9,Potential Loyalists
54198,0,9.0,Mobile Phone,3,9.0,E wallet,Female,4.0,4,Mobile Phone,1,Married,3,0,14.0,3.0,3.0,3.0,145.14,3.0,3.0,4,4,2,10,Potential Loyalists
54199,0,10.0,Mobile Phone,1,12.0,Debit Card,Female,3.0,5,Mobile Phone,5,Married,11,1,15.0,2.0,2.0,1.0,159.19,1.0,2.0,5,3,3,11,Loyal Customers
54200,0,7.0,Computer,3,7.0,Debit Card,Female,3.0,2,Laptop & Accessory,5,Married,4,0,20.0,1.0,2.0,4.0,178.76,4.0,2.0,3,3,4,10,Loyal Customers
54201,0,9.0,Mobile Phone,1,11.0,UPI,Male,4.0,4,Mobile Phone,1,Married,3,0,13.0,2.0,2.0,1.0,144.51,1.0,2.0,5,3,2,10,Potential Loyalists
54202,0,1.0,Mobile Phone,1,9.0,Debit Card,Female,3.0,4,Mobile Phone,5,Married,3,0,14.0,2.0,2.0,1.0,148.41,1.0,2.0,5,3,2,10,Potential Loyalists
54203,1,1.0,Mobile Phone,1,32.0,Debit Card,Male,3.0,6,Mobile Phone,3,Single,3,0,13.0,1.0,2.0,2.0,147.93,2.0,2.0,5,3,2,10,Potential Loyalists
54204,0,1.0,Computer,3,15.0,Debit Card,Male,3.0,4,Fashion,3,Single,3,0,16.0,2.0,2.0,,212.26,3.0,2.0,4,3,5,12,Loyal Customers
54205,0,4.0,Computer,1,7.0,Credit Card,Female,3.0,4,Laptop & Accessory,1,Single,3,0,24.0,2.0,4.0,8.0,165.11,8.0,4.0,2,5,3,10,Loyal Customers
54206,1,5.0,Mobile Phone,1,19.0,Cash on Delivery,Female,3.0,4,Others,3,Married,3,0,,2.0,16.0,9.0,320.45,9.0,16.0,1,5,5,11,Loyal Customers
54207,0,8.0,Computer,3,30.0,E wallet,Male,4.0,4,Laptop & Accessory,3,Single,2,0,21.0,1.0,9.0,8.0,170.68,8.0,9.0,2,5,3,10,Loyal Customers
54208,0,11.0,Mobile Phone,1,26.0,Debit Card,Male,4.0,4,Mobile Phone,4,Married,6,0,22.0,1.0,2.0,1.0,155.22,1.0,2.0,5,3,3,11,Loyal Customers
54209,0,20.0,Computer,3,12.0,E wallet,Male,4.0,4,Laptop & Accessory,1,Single,6,1,22.0,2.0,2.0,9.0,182.72,9.0,2.0,1,3,4,8,Loyal Customers
54210,0,9.0,Mobile Phone,1,15.0,Debit Card,Male,3.0,2,Mobile Phone,1,Married,3,0,20.0,2.0,2.0,2.0,147.69,2.0,2.0,5,3,2,10,Potential Loyalists
54211,1,12.0,Mobile Phone,1,7.0,Debit Card,Male,4.0,5,Fashion,3,Single,11,1,14.0,1.0,2.0,1.0,178.81,1.0,2.0,5,3,4,12,Loyal Customers
54212,1,1.0,Mobile Phone,1,12.0,Cash on Delivery,Male,3.0,4,Mobile Phone,3,Single,3,1,14.0,1.0,3.0,3.0,159.41,3.0,3.0,4,4,3,11,Loyal Customers
54213,0,18.0,Mobile Phone,3,7.0,E wallet,Female,4.0,4,Laptop & Accessory,5,Married,7,1,22.0,2.0,2.0,4.0,179.54,4.0,2.0,3,3,4,10,Loyal Customers
54214,0,9.0,Computer,1,18.0,Credit Card,Male,4.0,5,Fashion,5,Married,4,1,14.0,2.0,3.0,,223.84,3.0,3.0,4,4,5,13,Champions
54215,0,1.0,Mobile Phone,3,30.0,E wallet,Female,3.0,5,Laptop & Accessory,1,Married,9,1,20.0,1.0,2.0,1.0,166.57,1.0,2.0,5,3,3,11,Loyal Customers
54216,0,7.0,Computer,1,30.0,Debit Card,Female,4.0,4,Fashion,1,Single,3,1,13.0,4.0,,13.0,259.58,13.0,2.0,1,3,5,9,Loyal Customers
54217,0,9.0,Computer,3,6.0,Debit Card,Male,4.0,4,Fashion,5,Married,3,0,23.0,1.0,2.0,,215.69,3.0,2.0,4,3,5,12,Loyal Customers
54218,0,9.0,Mobile Phone,1,30.0,Credit Card,Female,2.0,4,Mobile Phone,5,Married,5,1,16.0,1.0,3.0,3.0,165.14,3.0,3.0,4,4,3,11,Loyal Customers
54219,0,5.0,Mobile Phone,1,14.0,Debit Card,Male,3.0,4,Laptop & Accessory,1,Married,5,0,23.0,1.0,2.0,8.0,184.15,8.0,2.0,2,3,4,9,Loyal Customers
54220,0,11.0,Mobile Phone,1,7.0,Debit Card,Male,3.0,5,Laptop & Accessory,3,Married,3,0,19.0,1.0,2.0,8.0,184.93,8.0,2.0,2,3,4,9,Loyal Customers
54221,0,6.0,Mobile Phone,1,7.0,Credit Card,Male,3.0,4,Laptop & Accessory,1,Married,3,1,23.0,6.0,8.0,9.0,186.62,9.0,8.0,1,5,4,10,Loyal Customers
54222,0,12.0,Computer,1,36.0,Debit Card,Female,3.0,4,Laptop & Accessory,1,Single,3,0,12.0,7.0,10.0,10.0,149.06,10.0,10.0,1,5,2,8,At Risk
54223,0,24.0,Mobile Phone,1,14.0,Credit Card,Female,3.0,5,Others,3,Married,7,1,,5.0,14.0,9.0,312.4,9.0,14.0,1,5,5,11,Loyal Customers
54224,0,31.0,Mobile Phone,3,32.0,Debit Card,Female,5.0,4,Fashion,5,Single,9,0,12.0,7.0,8.0,10.0,201.37,10.0,8.0,1,5,4,10,Loyal Customers
54225,0,10.0,Mobile Phone,1,15.0,Cash on Delivery,Female,3.0,4,Fashion,3,Married,3,0,14.0,8.0,13.0,,225.96,3.0,13.0,4,5,5,14,Champions
54226,0,29.0,Mobile Phone,1,15.0,Credit Card,Female,3.0,4,Grocery,3,Married,4,1,15.0,,2.0,3.0,272.56,3.0,2.0,4,3,5,12,Loyal Customers
54227,0,10.0,Computer,1,18.0,Debit Card,Male,4.0,5,Laptop & Accessory,4,Single,3,0,14.0,2.0,2.0,4.0,189.99,4.0,2.0,3,3,4,10,Loyal Customers
54228,0,19.0,Mobile Phone,1,14.0,Debit Card,Male,3.0,4,Fashion,5,Married,4,0,18.0,1.0,2.0,,222.24,3.0,2.0,4,3,5,12,Loyal Customers
54229,0,9.0,Computer,1,7.0,Credit Card,Male,4.0,4,Mobile Phone,5,Married,6,0,14.0,1.0,2.0,3.0,146.94,3.0,2.0,4,3,2,9,Potential Loyalists
54230,1,1.0,Mobile Phone,1,16.0,Credit Card,Male,4.0,5,Mobile Phone,3,Married,2,1,18.0,2.0,2.0,1.0,158.88,1.0,2.0,5,3,3,11,Loyal Customers
54231,0,31.0,Computer,3,7.0,Debit Card,Female,3.0,5,Laptop & Accessory,3,Single,9,0,12.0,2.0,2.0,4.0,179.73,4.0,2.0,3,3,4,10,Loyal Customers
54232,0,3.0,Mobile Phone,1,9.0,Debit Card,Male,4.0,4,Mobile Phone,4,Married,2,0,24.0,2.0,2.0,5.0,152.03,5.0,2.0,2,3,2,7,At Risk
54233,0,5.0,Mobile Phone,1,7.0,Credit Card,Male,3.0,4,Mobile Phone,4,Single,3,0,18.0,2.0,2.0,1.0,150.01,1.0,2.0,5,3,2,10,Potential Loyalists
54234,0,6.0,Mobile Phone,1,7.0,Debit Card,Male,4.0,4,Laptop & Accessory,4,Married,3,0,18.0,2.0,2.0,10.0,187.2,10.0,2.0,1,3,4,8,Loyal Customers
54235,0,10.0,Mobile Phone,1,13.0,Debit Card,Female,3.0,2,Mobile Phone,1,Married,5,0,13.0,1.0,2.0,1.0,155.38,1.0,2.0,5,3,3,11,Loyal Customers
54236,0,5.0,Mobile Phone,1,15.0,Debit Card,Female,4.0,4,Laptop & Accessory,1,Single,3,0,24.0,2.0,2.0,9.0,169.24,9.0,2.0,1,3,3,7,Loyal Customers
54237,0,9.0,Mobile Phone,3,7.0,E wallet,Male,3.0,5,Laptop & Accessory,5,Single,2,0,15.0,2.0,3.0,9.0,168.12,9.0,3.0,1,4,3,8,Loyal Customers
54238,0,19.0,Mobile Phone,1,13.0,UPI,Male,3.0,4,Fashion,5,Married,6,1,15.0,2.0,,1.0,257.45,1.0,2.0,5,3,5,13,Loyal Customers
54239,0,11.0,Mobile Phone,1,14.0,Credit Card,Male,2.0,4,Fashion,3,Single,6,0,14.0,,2.0,3.0,261.64,3.0,2.0,4,3,5,12,Loyal Customers
54240,0,20.0,Mobile Phone,2,12.0,Credit Card,Male,4.0,4,Laptop & Accessory,4,Married,3,1,23.0,2.0,2.0,3.0,175.21,3.0,2.0,4,3,4,11,Loyal Customers
54241,0,4.0,Mobile Phone,1,7.0,Debit Card,Male,3.0,5,Laptop & Accessory,1,Married,3,1,13.0,2.0,4.0,1.0,176.26,1.0,4.0,5,5,4,14,Champions
54242,0,9.0,Mobile Phone,1,7.0,Credit Card,Male,2.0,5,Mobile Phone,3,Single,3,0,19.0,2.0,2.0,5.0,153.59,5.0,2.0,2,3,2,7,At Risk
54243,0,29.0,Mobile Phone,3,7.0,Debit Card,Male,4.0,4,Fashion,1,Married,5,0,15.0,1.0,2.0,,227.39,3.0,2.0,4,3,5,12,Loyal Customers
54244,0,12.0,Computer,1,13.0,Credit Card,Female,4.0,6,Laptop & Accessory,1,Married,9,1,13.0,1.0,2.0,10.0,178.29,10.0,2.0,1,3,4,8,Loyal Customers
54245,0,8.0,Mobile Phone,1,7.0,Credit Card,Male,4.0,4,Laptop & Accessory,4,Married,3,0,16.0,2.0,2.0,4.0,168.25,4.0,2.0,3,3,3,9,Loyal Customers
54246,0,30.0,Mobile Phone,1,14.0,Debit Card,Male,3.0,6,Fashion,1,Single,6,0,12.0,1.0,2.0,3.0,197.6,3.0,2.0,4,3,4,11,Loyal Customers
54247,0,1.0,Mobile Phone,3,9.0,Cash on Delivery,Male,4.0,4,Mobile Phone,5,Married,5,0,14.0,2.0,2.0,1.0,148.22,1.0,2.0,5,3,2,10,Potential Loyalists
54248,0,25.0,Mobile Phone,1,16.0,Debit Card,Male,4.0,4,Mobile Phone,1,Married,5,0,24.0,2.0,2.0,4.0,145.75,4.0,2.0,3,3,2,8,Potential Loyalists
54249,0,4.0,Mobile Phone,1,9.0,Debit Card,Male,5.0,5,Laptop & Accessory,1,Married,3,0,20.0,4.0,11.0,9.0,166.52,9.0,11.0,1,5,3,9,Loyal Customers
54250,1,10.0,Mobile Phone,3,16.0,Credit Card,Male,4.0,5,Fashion,1,Single,3,0,17.0,4.0,5.0,,221.19,3.0,5.0,4,5,5,14,Champions
54251,0,14.0,Computer,1,7.0,Debit Card,Male,4.0,5,Grocery,4,Married,3,0,23.0,6.0,,12.0,260.03,12.0,2.0,1,3,5,9,Loyal Customers
54252,0,25.0,Mobile Phone,3,28.0,E wallet,Male,4.0,4,Laptop & Accessory,1,Single,2,1,23.0,1.0,2.0,1.0,179.41,1.0,2.0,5,3,4,12,Loyal Customers
54253,0,4.0,Mobile Phone,3,11.0,Credit Card,Female,4.0,5,Laptop & Accessory,4,Married,3,1,13.0,3.0,3.0,8.0,177.09,8.0,3.0,2,4,4,10,Loyal Customers
54254,0,20.0,Computer,1,7.0,Credit Card,Male,3.0,5,Fashion,5,Married,4,1,14.0,5.0,,6.0,231.73,6.0,2.0,2,3,5,10,Loyal Customers
54255,0,6.0,Mobile Phone,3,13.0,Credit Card,Male,3.0,4,Laptop & Accessory,3,Single,3,0,17.0,6.0,6.0,8.0,175.1,8.0,6.0,2,5,4,11,Loyal Customers
54256,0,28.0,Mobile Phone,1,9.0,Cash on Delivery,Female,3.0,4,Fashion,3,Married,11,0,13.0,1.0,,4.0,260.49,4.0,2.0,3,3,5,11,Loyal Customers
54257,0,1.0,Mobile Phone,3,10.0,UPI,Female,3.0,4,Laptop & Accessory,3,Married,2,0,22.0,1.0,2.0,3.0,174.99,3.0,2.0,4,3,4,11,Loyal Customers
54258,0,2.0,Computer,3,11.0,Credit Card,Male,3.0,4,Laptop & Accessory,3,Married,3,0,16.0,1.0,2.0,5.0,167.21,5.0,2.0,2,3,3,8,Loyal Customers
54259,0,31.0,Mobile Phone,3,17.0,Credit Card,Male,3.0,4,Grocery,3,Single,2,0,14.0,,2.0,9.0,263.72,9.0,2.0,1,3,5,9,Loyal Customers
54260,0,18.0,Computer,1,30.0,Credit Card,Male,4.0,4,Laptop & Accessory,4,Married,6,0,13.0,1.0,2.0,3.0,145.42,3.0,2.0,4,3,2,9,Potential Loyalists
54261,1,1.0,Mobile Phone,2,13.0,UPI,Male,4.0,4,Mobile Phone,5,Married,6,1,23.0,1.0,2.0,3.0,145.73,3.0,2.0,4,3,2,9,Potential Loyalists
54262,0,6.0,Mobile Phone,1,7.0,Debit Card,Male,4.0,4,Mobile Phone,5,Single,3,0,14.0,1.0,2.0,1.0,154.56,1.0,2.0,5,3,3,11,Loyal Customers
54263,1,1.0,Computer,1,13.0,Debit Card,Female,4.0,5,Mobile Phone,1,Single,3,1,19.0,1.0,2.0,1.0,154.26,1.0,2.0,5,3,3,11,Loyal Customers
54264,0,8.0,Mobile Phone,1,13.0,UPI,Female,3.0,4,Laptop & Accessory,3,Single,3,0,15.0,1.0,3.0,11.0,173.09,11.0,3.0,1,4,4,9,Loyal Customers
54265,0,11.0,Computer,1,9.0,Debit Card,Male,4.0,5,Laptop & Accessory,1,Married,7,0,15.0,2.0,2.0,1.0,176.63,1.0,2.0,5,3,4,12,Loyal Customers
54266,0,31.0,Computer,2,9.0,UPI,Female,3.0,5,Others,1,Married,11,0,,1.0,3.0,3.0,313.44,3.0,3.0,4,4,5,13,Champions
54267,0,24.0,Computer,1,7.0,Debit Card,Female,4.0,4,Others,4,Married,5,1,,1.0,2.0,8.0,306.72,8.0,2.0,2,3,5,10,Loyal Customers
54268,1,1.0,Mobile Phone,3,12.0,E wallet,Male,3.0,5,Laptop & Accessory,3,Single,3,1,12.0,1.0,2.0,4.0,182.44,4.0,2.0,3,3,4,10,Loyal Customers
54269,0,1.0,Mobile Phone,1,14.0,Credit Card,Male,4.0,5,Mobile Phone,1,Married,3,0,12.0,1.0,3.0,2.0,153.89,2.0,3.0,5,4,3,12,Loyal Customers
54270,0,1.0,Mobile Phone,1,22.0,Credit Card,Female,3.0,4,Mobile Phone,1,Single,3,0,16.0,2.0,2.0,1.0,153.71,1.0,2.0,5,3,3,11,Loyal Customers
54271,0,25.0,Computer,1,7.0,Credit Card,Female,2.0,5,Fashion,5,Single,5,0,21.0,5.0,13.0,9.0,199.84,9.0,13.0,1,5,4,10,Loyal Customers
54272,1,1.0,Computer,1,14.0,Debit Card,Male,4.0,6,Laptop & Accessory,3,Single,3,1,25.0,2.0,2.0,7.0,185.74,7.0,2.0,2,3,4,9,Loyal Customers
54273,0,28.0,Computer,2,33.0,UPI,Female,2.0,2,Grocery,1,Single,4,1,,3.0,5.0,5.0,298.28,5.0,5.0,2,5,5,12,Loyal Customers
54274,0,1.0,Mobile Phone,1,25.0,Debit Card,Male,3.0,4,Mobile Phone,3,Married,2,0,13.0,1.0,2.0,3.0,152.74,3.0,2.0,4,3,2,9,Potential Loyalists
54275,0,8.0,Mobile Phone,1,13.0,Debit Card,Female,3.0,5,Laptop & Accessory,4,Married,8,0,16.0,2.0,2.0,1.0,170.05,1.0,2.0,5,3,3,11,Loyal Customers
54276,0,11.0,Mobile Phone,3,10.0,Debit Card,Male,3.0,4,Fashion,1,Single,4,0,13.0,1.0,2.0,4.0,199.28,4.0,2.0,3,3,4,10,Loyal Customers
54277,0,8.0,Mobile Phone,1,12.0,Credit Card,Female,3.0,5,Fashion,5,Single,4,0,13.0,3.0,,9.0,241.31,9.0,2.0,1,3,5,9,Loyal Customers
54278,0,10.0,Computer,3,18.0,Cash on Delivery,Female,4.0,4,Fashion,1,Married,2,0,15.0,1.0,3.0,,222.38,3.0,3.0,4,4,5,13,Champions
54279,0,10.0,Mobile Phone,1,10.0,Debit Card,Female,3.0,4,Mobile Phone,1,Married,7,0,23.0,1.0,2.0,1.0,153.35,1.0,2.0,5,3,2,10,Potential Loyalists
54280,0,17.0,Computer,3,33.0,Debit Card,Male,4.0,4,Grocery,1,Married,3,1,,2.0,5.0,13.0,294.59,13.0,5.0,1,5,5,11,Loyal Customers
54281,0,4.0,Computer,1,30.0,Debit Card,Male,4.0,6,Mobile Phone,3,Married,3,0,26.0,1.0,2.0,10.0,151.13,10.0,2.0,1,3,2,6,At Risk
54282,0,7.0,Computer,3,29.0,E wallet,Male,4.0,4,Laptop & Accessory,4,Married,2,0,14.0,1.0,2.0,8.0,186.46,8.0,2.0,2,3,4,9,Loyal Customers
54283,1,20.0,Mobile Phone,1,21.0,Debit Card,Female,4.0,4,Mobile Phone,4,Married,11,1,19.0,4.0,5.0,4.0,174.63,4.0,5.0,3,5,4,12,Loyal Customers
54284,0,25.0,Mobile Phone,1,13.0,Debit Card,Male,3.0,4,Others,3,Single,9,0,,9.0,16.0,16.0,320.37,16.0,16.0,1,5,5,11,Loyal Customers
54285,1,1.0,Mobile Phone,3,13.0,Debit Card,Male,4.0,6,Laptop & Accessory,3,Married,6,1,19.0,1.0,8.0,8.0,186.72,8.0,8.0,2,5,4,11,Loyal Customers
54286,0,1.0,Mobile Phone,1,13.0,UPI,Female,3.0,5,Mobile Phone,4,Married,3,0,20.0,3.0,5.0,4.0,148.68,4.0,5.0,3,5,2,10,Potential Loyalists
54287,1,21.0,Mobile Phone,1,30.0,Credit Card,Female,4.0,4,Fashion,1,Married,3,0,13.0,8.0,16.0,,228.12,3.0,16.0,4,5,5,14,Champions
54288,1,1.0,Mobile Phone,3,29.0,E wallet,Male,3.0,4,Mobile Phone,3,Single,3,1,20.0,2.0,2.0,1.0,141.75,1.0,2.0,5,3,2,10,Potential Loyalists
54289,0,1.0,Mobile Phone,1,9.0,Cash on Delivery,Male,4.0,4,Mobile Phone,1,Married,2,0,15.0,3.0,3.0,2.0,150.23,2.0,3.0,5,4,2,11,Potential Loyalists
54290,0,23.0,Mobile Phone,1,27.0,Credit Card,Female,4.0,4,Laptop & Accessory,5,Married,3,0,15.0,6.0,6.0,12.0,190.67,12.0,6.0,1,5,4,10,Loyal Customers
54291,0,17.0,Computer,1,35.0,Credit Card,Female,4.0,2,Mobile Phone,3,Single,6,0,13.0,1.0,2.0,3.0,172.39,3.0,2.0,4,3,3,10,Loyal Customers
54292,0,24.0,Computer,3,19.0,E wallet,Female,4.0,4,Fashion,1,Single,6,0,12.0,2.0,3.0,,217.08,3.0,3.0,4,4,5,13,Champions
54293,1,1.0,Mobile Phone,3,27.0,Debit Card,Female,4.0,6,Laptop & Accessory,3,Married,5,1,12.0,1.0,3.0,3.0,170.59,3.0,3.0,4,4,3,11,Loyal Customers
54294,0,15.0,Mobile Phone,3,16.0,Debit Card,Male,4.0,4,Fashion,3,Married,5,1,14.0,1.0,2.0,8.0,206.89,8.0,2.0,2,3,4,9,Loyal Customers
54295,0,1.0,Mobile Phone,2,32.0,Debit Card,Female,4.0,4,Mobile Phone,3,Married,3,0,24.0,3.0,6.0,8.0,154.42,8.0,6.0,2,5,3,10,Loyal Customers
54296,0,10.0,Mobile Phone,1,13.0,Credit Card,Male,3.0,4,Laptop & Accessory,4,Married,8,0,21.0,1.0,2.0,2.0,174.41,2.0,2.0,5,3,4,12,Loyal Customers
54297,1,15.0,Computer,1,15.0,Debit Card,Male,3.0,6,Fashion,1,Single,4,0,16.0,2.0,2.0,4.0,231.5,4.0,2.0,3,3,5,11,Loyal Customers
54298,0,13.0,Mobile Phone,3,11.0,Debit Card,Female,3.0,5,Laptop & Accessory,3,Married,6,0,15.0,6.0,6.0,10.0,184.02,10.0,6.0,1,5,4,10,Loyal Customers
54299,0,1.0,Mobile Phone,3,35.0,Debit Card,Male,3.0,5,Laptop & Accessory,3,Married,4,0,19.0,2.0,3.0,,211.39,3.0,3.0,4,4,5,13,Champions
54300,0,4.0,Mobile Phone,2,16.0,UPI,Male,3.0,4,Laptop & Accessory,1,Married,2,1,20.0,5.0,5.0,8.0,188.47,8.0,5.0,2,5,4,11,Loyal Customers
54301,1,1.0,Mobile Phone,1,16.0,Credit Card,Female,3.0,4,Mobile Phone,5,Single,9,0,23.0,2.0,2.0,5.0,167.0,5.0,2.0,2,3,3,8,Loyal Customers
54302,0,19.0,Mobile Phone,1,36.0,Credit Card,Male,3.0,4,Mobile Phone,1,Single,7,0,14.0,2.0,2.0,4.0,159.52,4.0,2.0,3,3,3,9,Loyal Customers
54303,0,12.0,Mobile Phone,1,10.0,Cash on Delivery,Female,3.0,4,Laptop & Accessory,3,Single,5,1,21.0,3.0,3.0,3.0,168.17,3.0,3.0,4,4,3,11,Loyal Customers
54304,0,4.0,Mobile Phone,1,25.0,Debit Card,Female,4.0,4,Mobile Phone,3,Single,3,0,15.0,2.0,2.0,5.0,151.32,5.0,2.0,2,3,2,7,At Risk
54305,0,6.0,Computer,3,16.0,Credit Card,Male,3.0,6,Laptop & Accessory,1,Married,2,0,18.0,1.0,2.0,8.0,171.68,8.0,2.0,2,3,3,8,Loyal Customers
54306,0,4.0,Mobile Phone,1,12.0,Cash on Delivery,Female,3.0,4,Mobile Phone,5,Married,7,0,15.0,1.0,3.0,31.0,157.04,31.0,3.0,1,4,3,8,Loyal Customers
54307,0,4.0,Mobile Phone,1,9.0,Credit Card,Male,3.0,5,Mobile Phone,1,Single,2,0,14.0,1.0,2.0,3.0,152.2,3.0,2.0,4,3,2,9,Potential Loyalists
54308,0,15.0,Computer,1,17.0,Debit Card,Male,4.0,5,Grocery,5,Married,6,0,,3.0,8.0,8.0,296.81,8.0,8.0,2,5,5,12,Loyal Customers
54309,0,15.0,Mobile Phone,1,16.0,Debit Card,Male,4.0,4,Mobile Phone,5,Married,4,0,22.0,1.0,2.0,5.0,147.38,5.0,2.0,2,3,2,7,At Risk
54310,0,1.0,Mobile Phone,1,10.0,Credit Card,Female,4.0,4,Mobile Phone,4,Single,3,0,15.0,2.0,2.0,1.0,139.83,1.0,2.0,5,3,1,9,Potential Loyalists
54311,0,14.0,Computer,1,33.0,Credit Card,Female,3.0,4,Laptop & Accessory,4,Married,3,0,12.0,1.0,3.0,14.0,181.05,14.0,3.0,1,4,4,9,Loyal Customers
54312,0,9.0,Mobile Phone,3,7.0,E wallet,Male,4.0,4,Fashion,4,Married,3,0,14.0,1.0,2.0,7.0,197.95,7.0,2.0,2,3,4,9,Loyal Customers
54313,0,27.0,Mobile Phone,3,13.0,E wallet,Male,3.0,4,Laptop & Accessory,3,Married,4,1,21.0,1.0,5.0,6.0,148.06,6.0,5.0,2,5,2,9,At Risk
54314,0,19.0,Mobile Phone,1,16.0,Debit Card,Male,3.0,4,Laptop & Accessory,4,Married,10,0,19.0,2.0,2.0,16.0,148.48,16.0,2.0,1,3,2,6,At Risk
54315,0,6.0,Computer,3,15.0,E wallet,Female,3.0,4,Fashion,1,Single,3,0,15.0,3.0,4.0,,214.98,3.0,4.0,4,5,5,14,Champions
54316,0,3.0,Computer,1,7.0,Cash on Delivery,Male,3.0,4,Laptop & Accessory,3,Married,3,0,14.0,1.0,2.0,10.0,168.19,10.0,2.0,1,3,3,7,Loyal Customers
54317,0,25.0,Mobile Phone,1,14.0,Credit Card,Male,3.0,5,Laptop & Accessory,3,Married,4,0,18.0,2.0,2.0,1.0,186.32,1.0,2.0,5,3,4,12,Loyal Customers
54318,0,31.0,Mobile Phone,1,16.0,Credit Card,Female,4.0,5,Mobile Phone,4,Married,6,1,21.0,2.0,2.0,1.0,158.46,1.0,2.0,5,3,3,11,Loyal Customers
54319,0,14.0,Mobile Phone,3,11.0,E wallet,Male,4.0,5,Fashion,1,Married,9,0,12.0,2.0,,12.0,233.55,12.0,2.0,1,3,5,9,Loyal Customers
54320,0,8.0,Computer,3,9.0,E wallet,Female,4.0,4,Mobile Phone,3,Married,8,0,19.0,1.0,2.0,3.0,147.31,3.0,2.0,4,3,2,9,Potential Loyalists
54321,0,1.0,Mobile Phone,1,26.0,Credit Card,Male,4.0,4,Mobile Phone,1,Married,3,0,25.0,3.0,3.0,3.0,148.23,3.0,3.0,4,4,2,10,Potential Loyalists
54322,0,1.0,Computer,1,16.0,Credit Card,Male,3.0,4,Mobile Phone,4,Married,8,0,19.0,3.0,3.0,3.0,145.24,3.0,3.0,4,4,2,10,Potential Loyalists
54323,0,2.0,Mobile Phone,1,28.0,Credit Card,Male,3.0,4,Mobile Phone,1,Married,3,0,12.0,1.0,2.0,3.0,152.13,3.0,2.0,4,3,2,9,Potential Loyalists
54324,0,31.0,Mobile Phone,1,31.0,Debit Card,Male,3.0,2,Fashion,1,Married,5,1,17.0,2.0,2.0,,219.39,3.0,2.0,4,3,5,12,Loyal Customers
54325,0,1.0,Computer,1,10.0,Credit Card,Male,4.0,5,Mobile Phone,3,Married,3,1,16.0,1.0,2.0,2.0,150.66,2.0,2.0,5,3,2,10,Potential Loyalists
54326,0,24.0,Mobile Phone,1,18.0,Debit Card,Female,3.0,4,Others,4,Single,5,0,16.0,1.0,5.0,5.0,324.26,5.0,5.0,2,5,5,12,Loyal Customers
54327,0,15.0,Mobile Phone,1,21.0,Debit Card,Male,3.0,4,Mobile Phone,3,Married,6,0,13.0,2.0,2.0,9.0,149.51,9.0,2.0,1,3,2,6,At Risk
54328,0,4.0,Mobile Phone,3,12.0,Debit Card,Female,3.0,4,Fashion,1,Married,4,0,13.0,2.0,8.0,,219.19,3.0,8.0,4,5,5,14,Champions
54329,0,12.0,Mobile Phone,3,7.0,Debit Card,Female,3.0,5,Laptop & Accessory,1,Single,6,0,23.0,1.0,2.0,,211.86,3.0,2.0,4,3,5,12,Loyal Customers
54330,0,6.0,Mobile Phone,1,13.0,Debit Card,Male,3.0,4,Mobile Phone,3,Single,5,0,21.0,1.0,2.0,5.0,155.38,5.0,2.0,2,3,3,8,Loyal Customers
54331,0,1.0,Mobile Phone,1,24.0,Cash on Delivery,Male,3.0,4,Mobile Phone,4,Married,2,1,17.0,1.0,2.0,2.0,155.58,2.0,2.0,5,3,3,11,Loyal Customers
54332,1,1.0,Computer,3,7.0,Cash on Delivery,Female,4.0,6,Mobile Phone,5,Single,2,0,22.0,2.0,2.0,1.0,148.25,1.0,2.0,5,3,2,10,Potential Loyalists
54333,0,10.0,Computer,1,10.0,Credit Card,Male,2.0,4,Mobile Phone,4,Single,6,0,13.0,3.0,8.0,3.0,145.88,3.0,8.0,4,5,2,11,Potential Loyalists
54334,0,4.0,Computer,1,16.0,Credit Card,Male,4.0,4,Laptop & Accessory,5,Married,3,0,12.0,6.0,7.0,11.0,155.72,11.0,7.0,1,5,3,9,Loyal Customers
54335,0,19.0,Mobile Phone,3,11.0,Debit Card,Female,2.0,4,Laptop & Accessory,5,Married,6,1,12.0,1.0,2.0,4.0,175.06,4.0,2.0,3,3,4,10,Loyal Customers
54336,0,30.0,Mobile Phone,1,15.0,Debit Card,Female,4.0,4,Mobile Phone,5,Married,6,1,19.0,3.0,3.0,3.0,167.57,3.0,3.0,4,4,3,11,Loyal Customers
54337,0,7.0,Mobile Phone,1,9.0,Debit Card,Male,3.0,4,Mobile Phone,1,Single,2,0,15.0,2.0,2.0,3.0,150.0,3.0,2.0,4,3,2,9,Potential Loyalists
54338,1,1.0,Mobile Phone,1,9.0,Debit Card,Male,3.0,5,Mobile Phone,1,Single,3,0,23.0,2.0,2.0,1.0,136.02,1.0,2.0,5,3,1,9,Potential Loyalists
54339,0,20.0,Mobile Phone,3,7.0,E wallet,Female,4.0,4,Fashion,5,Married,3,0,26.0,9.0,16.0,,229.53,3.0,16.0,4,5,5,14,Champions
54340,0,12.0,Mobile Phone,1,16.0,Debit Card,Female,4.0,4,Mobile Phone,1,Single,3,0,13.0,2.0,3.0,2.0,147.88,2.0,3.0,5,4,2,11,Potential Loyalists
54341,0,5.0,Mobile Phone,1,19.0,Credit Card,Female,4.0,4,Mobile Phone,1,Married,10,1,24.0,2.0,2.0,3.0,164.29,3.0,2.0,4,3,3,10,Loyal Customers
54342,0,8.0,Mobile Phone,1,34.0,Credit Card,Female,4.0,4,Mobile Phone,4,Single,4,0,16.0,1.0,2.0,3.0,148.11,3.0,2.0,4,3,2,9,Potential Loyalists
54343,1,5.0,Mobile Phone,3,27.0,E wallet,Female,4.0,4,Mobile Phone,4,Single,3,1,23.0,1.0,2.0,3.0,156.4,3.0,2.0,4,3,3,10,Loyal Customers
54344,0,24.0,Mobile Phone,1,7.0,Credit Card,Male,3.0,5,Mobile Phone,3,Married,4,0,16.0,2.0,2.0,3.0,161.9,3.0,2.0,4,3,3,10,Loyal Customers
54345,0,27.0,Mobile Phone,1,20.0,Credit Card,Female,3.0,2,Laptop & Accessory,5,Married,3,0,12.0,2.0,2.0,4.0,169.5,4.0,2.0,3,3,3,9,Loyal Customers
54346,0,7.0,Mobile Phone,1,21.0,Credit Card,Female,4.0,4,Mobile Phone,4,Married,3,0,14.0,2.0,2.0,7.0,152.56,7.0,2.0,2,3,2,7,At Risk
54347,0,14.0,Mobile Phone,1,11.0,Credit Card,Female,3.0,4,Others,3,Married,3,0,,2.0,10.0,10.0,315.33,10.0,10.0,1,5,5,11,Loyal Customers
54348,0,29.0,Mobile Phone,1,21.0,Credit Card,Male,4.0,2,Others,4,Single,10,0,,3.0,3.0,16.0,312.22,16.0,3.0,1,4,5,10,Loyal Customers
54349,0,8.0,Computer,1,9.0,Debit Card,Male,3.0,5,Laptop & Accessory,3,Married,3,0,18.0,1.0,2.0,,220.47,3.0,2.0,4,3,5,12,Loyal Customers
54350,0,25.0,Mobile Phone,1,10.0,Credit Card,Female,4.0,4,Grocery,4,Single,5,0,19.0,,2.0,1.0,262.34,1.0,2.0,5,3,5,13,Loyal Customers
54351,0,26.0,Mobile Phone,1,7.0,Debit Card,Male,4.0,5,Others,3,Married,2,0,15.0,8.0,12.0,10.0,324.99,10.0,12.0,1,5,5,11,Loyal Customers
54352,0,1.0,Mobile Phone,1,16.0,Credit Card,Female,5.0,4,Mobile Phone,4,Single,3,0,17.0,1.0,2.0,4.0,147.79,4.0,2.0,3,3,2,8,Potential Loyalists
54353,1,1.0,Mobile Phone,1,30.0,Debit Card,Male,3.0,5,Laptop & Accessory,3,Married,5,1,14.0,2.0,2.0,2.0,184.16,2.0,2.0,5,3,4,12,Loyal Customers
54354,0,17.0,Computer,1,14.0,Credit Card,Male,3.0,2,Mobile Phone,1,Married,6,0,15.0,2.0,3.0,3.0,145.89,3.0,3.0,4,4,2,10,Potential Loyalists
54355,0,19.0,Computer,1,9.0,Credit Card,Male,4.0,5,Grocery,1,Married,11,0,,2.0,12.0,9.0,292.92,9.0,12.0,1,5,5,11,Loyal Customers
54356,0,11.0,Mobile Phone,1,28.0,Debit Card,Male,4.0,2,Mobile Phone,5,Married,3,1,13.0,2.0,2.0,8.0,160.64,8.0,2.0,2,3,3,8,Loyal Customers
54357,0,9.0,Computer,1,9.0,Credit Card,Female,3.0,4,Laptop & Accessory,4,Single,7,0,12.0,1.0,2.0,3.0,169.25,3.0,2.0,4,3,3,10,Loyal Customers
54358,0,16.0,Computer,1,28.0,Credit Card,Female,3.0,4,Laptop & Accessory,3,Married,4,0,17.0,1.0,2.0,3.0,177.65,3.0,2.0,4,3,4,11,Loyal Customers
54359,0,12.0,Mobile Phone,1,9.0,Debit Card,Male,3.0,4,Laptop & Accessory,3,Married,11,0,15.0,2.0,2.0,1.0,190.53,1.0,2.0,5,3,4,12,Loyal Customers
54360,0,12.0,Mobile Phone,1,36.0,Cash on Delivery,Male,3.0,4,Laptop & Accessory,1,Married,5,0,19.0,1.0,2.0,8.0,187.61,8.0,2.0,2,3,4,9,Loyal Customers
54361,0,1.0,Computer,1,7.0,Cash on Delivery,Male,3.0,5,Laptop & Accessory,5,Married,7,0,20.0,3.0,3.0,1.0,167.98,1.0,3.0,5,4,3,12,Loyal Customers
54362,0,23.0,Computer,1,25.0,Debit Card,Male,4.0,4,Laptop & Accessory,1,Married,3,1,16.0,1.0,2.0,8.0,193.04,8.0,2.0,2,3,4,9,Loyal Customers
54363,0,8.0,Computer,1,17.0,Credit Card,Male,3.0,4,Mobile Phone,3,Married,3,1,18.0,3.0,3.0,1.0,163.15,1.0,3.0,5,4,3,12,Loyal Customers
54364,0,14.0,Mobile Phone,1,26.0,Credit Card,Male,2.0,4,Laptop & Accessory,1,Married,10,1,16.0,4.0,4.0,8.0,152.41,8.0,4.0,2,5,2,9,At Risk
54365,1,2.0,Mobile Phone,1,36.0,Credit Card,Male,4.0,4,Laptop & Accessory,5,Married,9,1,20.0,2.0,2.0,1.0,191.73,1.0,2.0,5,3,4,12,Loyal Customers
54366,1,1.0,Mobile Phone,3,34.0,E wallet,Female,3.0,4,Fashion,1,Married,3,0,23.0,1.0,2.0,10.0,201.39,10.0,2.0,1,3,4,8,Loyal Customers
54367,0,1.0,Mobile Phone,1,12.0,Debit Card,Male,3.0,2,Mobile Phone,4,Married,3,1,17.0,3.0,3.0,3.0,148.28,3.0,3.0,4,4,2,10,Potential Loyalists
54368,0,10.0,Computer,1,25.0,Credit Card,Female,4.0,4,Mobile Phone,1,Single,3,0,14.0,1.0,2.0,8.0,146.53,8.0,2.0,2,3,2,7,At Risk
54369,0,14.0,Computer,1,16.0,Debit Card,Male,4.0,5,Laptop & Accessory,1,Married,11,0,15.0,1.0,2.0,3.0,173.76,3.0,2.0,4,3,4,11,Loyal Customers
54370,0,20.0,Mobile Phone,1,7.0,Credit Card,Male,4.0,4,Fashion,5,Married,9,0,17.0,1.0,2.0,,218.96,3.0,2.0,4,3,5,12,Loyal Customers
54371,1,1.0,Mobile Phone,3,11.0,Credit Card,Male,3.0,6,Fashion,1,Married,3,0,12.0,7.0,10.0,,229.0,3.0,10.0,4,5,5,14,Champions
54372,0,4.0,Computer,1,7.0,Debit Card,Male,3.0,5,Fashion,3,Single,3,0,23.0,5.0,6.0,,209.74,3.0,6.0,4,5,5,14,Champions
54373,0,1.0,Computer,3,27.0,Debit Card,Female,3.0,4,Laptop & Accessory,3,Single,3,0,15.0,2.0,2.0,,224.81,3.0,2.0,4,3,5,12,Loyal Customers
54374,0,25.0,Mobile Phone,1,15.0,Debit Card,Male,3.0,5,Fashion,4,Married,7,0,17.0,3.0,,8.0,249.9,8.0,2.0,2,3,5,10,Loyal Customers
54375,1,1.0,Mobile Phone,1,10.0,Cash on Delivery,Female,3.0,4,Mobile Phone,5,Single,7,1,12.0,1.0,2.0,5.0,151.57,5.0,2.0,2,3,2,7,At Risk
54376,0,15.0,Mobile Phone,3,13.0,Debit Card,Female,4.0,4,Fashion,1,Single,5,1,19.0,,2.0,1.0,260.91,1.0,2.0,5,3,5,13,Loyal Customers
54377,1,1.0,Computer,3,33.0,E wallet,Female,3.0,5,Laptop & Accessory,5,Single,7,0,16.0,2.0,2.0,2.0,191.96,2.0,2.0,5,3,4,12,Loyal Customers
54378,1,1.0,Mobile Phone,1,7.0,Cash on Delivery,Male,3.0,4,Mobile Phone,3,Single,2,0,15.0,1.0,2.0,6.0,145.58,6.0,2.0,2,3,2,7,At Risk
54379,0,19.0,Computer,3,13.0,Credit Card,Female,3.0,5,Fashion,1,Single,8,0,13.0,6.0,13.0,,213.65,3.0,13.0,4,5,5,14,Champions
54380,0,28.0,Mobile Phone,3,10.0,E wallet,Female,3.0,4,Laptop & Accessory,5,Married,4,0,15.0,2.0,2.0,6.0,184.4,6.0,2.0,2,3,4,9,Loyal Customers
54381,0,10.0,Mobile Phone,1,12.0,Debit Card,Male,4.0,4,Laptop & Accessory,4,Single,10,0,17.0,3.0,4.0,8.0,184.14,8.0,4.0,2,5,4,11,Loyal Customers
54382,0,7.0,Mobile Phone,1,11.0,Credit Card,Female,3.0,5,Mobile Phone,4,Married,8,0,22.0,1.0,2.0,2.0,151.22,2.0,2.0,5,3,2,10,Potential Loyalists
54383,0,11.0,Computer,1,18.0,UPI,Male,3.0,4,Fashion,1,Married,3,1,15.0,2.0,,8.0,246.85,8.0,2.0,2,3,5,10,Loyal Customers
54384,0,12.0,Mobile Phone,3,10.0,Debit Card,Male,4.0,4,Fashion,3,Married,2,0,13.0,2.0,6.0,,231.09,3.0,6.0,4,5,5,14,Champions
54385,0,5.0,Computer,1,7.0,Credit Card,Male,3.0,6,Laptop & Accessory,3,Married,2,0,13.0,1.0,2.0,5.0,168.45,5.0,2.0,2,3,3,8,Loyal Customers
54386,0,31.0,Mobile Phone,1,10.0,Debit Card,Male,4.0,5,Mobile Phone,1,Married,5,0,18.0,1.0,2.0,1.0,146.77,1.0,2.0,5,3,2,10,Potential Loyalists
54387,0,11.0,Computer,3,11.0,E wallet,Male,3.0,4,Mobile Phone,1,Married,6,0,18.0,4.0,6.0,9.0,152.93,9.0,6.0,1,5,2,8,At Risk
54388,0,3.0,Computer,3,7.0,Credit Card,Female,3.0,4,Fashion,1,Married,3,0,15.0,5.0,5.0,2.0,204.18,2.0,5.0,5,5,4,14,Champions
54389,0,9.0,Computer,3,7.0,E wallet,Female,4.0,4,Fashion,3,Single,3,0,15.0,2.0,2.0,,212.89,3.0,2.0,4,3,5,12,Loyal Customers
54390,1,1.0,Mobile Phone,1,25.0,Credit Card,Male,3.0,5,Mobile Phone,1,Single,3,1,14.0,1.0,2.0,2.0,148.89,2.0,2.0,5,3,2,10,Potential Loyalists
54391,0,26.0,Mobile Phone,1,9.0,Debit Card,Female,3.0,5,Mobile Phone,1,Single,9,0,16.0,3.0,3.0,3.0,157.12,3.0,3.0,4,4,3,11,Loyal Customers
54392,0,16.0,Mobile Phone,1,11.0,Cash on Delivery,Male,3.0,4,Others,1,Married,3,0,,1.0,12.0,16.0,317.32,16.0,12.0,1,5,5,11,Loyal Customers
54393,0,31.0,Mobile Phone,2,13.0,Credit Card,Male,3.0,4,Mobile Phone,3,Married,10,0,18.0,1.0,3.0,3.0,147.67,3.0,3.0,4,4,2,10,Potential Loyalists
54394,0,24.0,Mobile Phone,3,7.0,Credit Card,Female,4.0,4,Others,1,Married,5,0,,2.0,2.0,7.0,320.17,7.0,2.0,2,3,5,10,Loyal Customers
54395,1,1.0,Mobile Phone,1,21.0,Credit Card,Male,3.0,4,Mobile Phone,1,Married,7,1,14.0,2.0,2.0,5.0,149.36,5.0,2.0,2,3,2,7,At Risk
54396,0,17.0,Mobile Phone,3,23.0,E wallet,Female,4.0,4,Grocery,1,Married,7,1,23.0,,2.0,10.0,285.64,10.0,2.0,1,3,5,9,Loyal Customers
54397,1,1.0,Mobile Phone,1,9.0,Debit Card,Female,3.0,4,Mobile Phone,5,Married,9,0,21.0,2.0,2.0,8.0,152.07,8.0,2.0,2,3,2,7,At Risk
54398,0,26.0,Computer,3,9.0,Debit Card,Male,4.0,5,Others,3,Single,3,1,,2.0,16.0,13.0,315.68,13.0,16.0,1,5,5,11,Loyal Customers
54399,0,6.0,Mobile Phone,3,11.0,Debit Card,Female,3.0,4,Mobile Phone,4,Married,4,0,12.0,2.0,2.0,3.0,164.31,3.0,2.0,4,3,3,10,Loyal Customers
54400,1,1.0,Mobile Phone,1,7.0,Debit Card,Male,4.0,5,Mobile Phone,3,Single,2,1,15.0,1.0,2.0,3.0,162.3,3.0,2.0,4,3,3,10,Loyal Customers
54401,0,13.0,Mobile Phone,1,7.0,Credit Card,Female,4.0,4,Mobile Phone,3,Married,9,0,15.0,2.0,2.0,3.0,147.32,3.0,2.0,4,3,2,9,Potential Loyalists
54402,0,6.0,Computer,3,33.0,E wallet,Male,4.0,4,Laptop & Accessory,1,Married,2,0,19.0,3.0,3.0,3.0,169.65,3.0,3.0,4,4,3,11,Loyal Customers
54403,0,15.0,Mobile Phone,1,26.0,Debit Card,Male,3.0,4,Laptop & Accessory,5,Married,4,0,17.0,1.0,2.0,1.0,155.72,1.0,2.0,5,3,3,11,Loyal Customers
54404,0,14.0,Mobile Phone,1,31.0,Cash on Delivery,Male,4.0,4,Laptop & Accessory,1,Married,3,0,18.0,3.0,5.0,8.0,158.19,8.0,5.0,2,5,3,10,Loyal Customers
54405,0,19.0,Mobile Phone,1,7.0,UPI,Male,4.0,2,Others,1,Married,2,0,,2.0,2.0,8.0,317.02,8.0,2.0,2,3,5,10,Loyal Customers
54406,0,5.0,Computer,1,10.0,Credit Card,Male,4.0,4,Fashion,3,Married,11,0,13.0,,3.0,3.0,261.75,3.0,3.0,4,4,5,13,Champions
54407,0,7.0,Mobile Phone,1,12.0,Debit Card,Female,4.0,5,Mobile Phone,1,Married,3,0,14.0,1.0,2.0,3.0,154.11,3.0,2.0,4,3,3,10,Loyal Customers
54408,0,8.0,Mobile Phone,1,9.0,Debit Card,Male,3.0,5,Laptop & Accessory,5,Married,8,0,14.0,1.0,6.0,10.0,184.57,10.0,6.0,1,5,4,10,Loyal Customers
54409,0,11.0,Mobile Phone,1,7.0,Credit Card,Female,3.0,5,Mobile Phone,5,Married,4,0,15.0,1.0,2.0,3.0,164.2,3.0,2.0,4,3,3,10,Loyal Customers
54410,0,19.0,Computer,1,14.0,Debit Card,Male,4.0,2,Laptop & Accessory,3,Married,6,0,18.0,2.0,2.0,3.0,189.34,3.0,2.0,4,3,4,11,Loyal Customers
54411,1,1.0,Computer,1,17.0,Credit Card,Male,4.0,4,Fashion,3,Married,8,0,12.0,1.0,2.0,,225.48,3.0,2.0,4,3,5,12,Loyal Customers
54412,0,13.0,Computer,1,9.0,Cash on Delivery,Female,4.0,4,Fashion,3,Single,2,0,26.0,7.0,,9.0,234.38,9.0,2.0,1,3,5,9,Loyal Customers
54413,0,3.0,Mobile Phone,1,22.0,Debit Card,Male,3.0,4,Mobile Phone,1,Single,3,0,20.0,2.0,2.0,6.0,148.4,6.0,2.0,2,3,2,7,At Risk
54414,0,16.0,Mobile Phone,1,24.0,Debit Card,Female,3.0,2,Laptop & Accessory,5,Single,5,1,14.0,2.0,2.0,3.0,190.45,3.0,2.0,4,3,4,11,Loyal Customers
54415,0,3.0,Mobile Phone,3,27.0,E wallet,Male,3.0,4,Laptop & Accessory,1,Married,4,0,15.0,2.0,2.0,3.0,194.31,3.0,2.0,4,3,4,11,Loyal Customers
54416,0,1.0,Mobile Phone,1,7.0,Debit Card,Female,4.0,4,Laptop & Accessory,3,Married,2,0,13.0,2.0,2.0,3.0,173.98,3.0,2.0,4,3,4,11,Loyal Customers
54417,0,16.0,Mobile Phone,1,9.0,Credit Card,Female,3.0,5,Mobile Phone,5,Married,2,1,12.0,8.0,8.0,9.0,150.93,9.0,8.0,1,5,2,8,At Risk
54418,0,14.0,Mobile Phone,1,9.0,Credit Card,Male,3.0,4,Others,3,Married,2,0,,4.0,4.0,10.0,319.36,10.0,4.0,1,5,5,11,Loyal Customers
54419,0,25.0,Mobile Phone,1,7.0,Debit Card,Male,4.0,4,Mobile Phone,1,Married,3,0,12.0,2.0,2.0,1.0,152.23,1.0,2.0,5,3,2,10,Potential Loyalists
54420,1,1.0,Computer,1,36.0,Credit Card,Male,4.0,5,Mobile Phone,4,Single,2,0,12.0,1.0,2.0,5.0,159.79,5.0,2.0,2,3,3,8,Loyal Customers
54421,0,6.0,Computer,1,14.0,Debit Card,Male,4.0,2,Mobile Phone,4,Married,3,0,21.0,1.0,2.0,4.0,152.94,4.0,2.0,3,3,2,8,Potential Loyalists
54422,0,12.0,Computer,3,9.0,Debit Card,Male,3.0,5,Laptop & Accessory,1,Married,5,0,19.0,2.0,8.0,6.0,177.49,6.0,8.0,2,5,4,11,Loyal Customers
54423,0,6.0,Mobile Phone,1,9.0,Cash on Delivery,Male,3.0,5,Laptop & Accessory,5,Single,6,0,14.0,1.0,2.0,5.0,146.76,5.0,2.0,2,3,2,7,At Risk
54424,0,20.0,Mobile Phone,3,9.0,Cash on Delivery,Female,4.0,6,Grocery,4,Married,5,1,,7.0,8.0,8.0,293.72,8.0,8.0,2,5,5,12,Loyal Customers
54425,1,1.0,Mobile Phone,1,9.0,Debit Card,Male,4.0,4,Mobile Phone,3,Single,4,0,12.0,1.0,2.0,1.0,159.85,1.0,2.0,5,3,3,11,Loyal Customers
54426,0,3.0,Mobile Phone,3,9.0,Credit Card,Male,4.0,5,Laptop & Accessory,4,Married,4,0,20.0,2.0,2.0,1.0,191.44,1.0,2.0,5,3,4,12,Loyal Customers
54427,0,5.0,Mobile Phone,1,30.0,Credit Card,Male,4.0,5,Laptop & Accessory,1,Married,2,0,22.0,1.0,8.0,9.0,180.82,9.0,8.0,1,5,4,10,Loyal Customers
54428,0,1.0,Computer,1,12.0,Debit Card,Male,3.0,2,Laptop & Accessory,5,Married,3,0,13.0,2.0,2.0,6.0,165.0,6.0,2.0,2,3,3,8,Loyal Customers
54429,0,19.0,Mobile Phone,1,27.0,Credit Card,Male,4.0,4,Grocery,1,Married,2,1,15.0,3.0,,11.0,259.96,11.0,2.0,1,3,5,9,Loyal Customers
54430,0,10.0,Mobile Phone,1,13.0,Debit Card,Male,3.0,4,Mobile Phone,1,Married,2,0,12.0,2.0,11.0,12.0,157.1,12.0,11.0,1,5,3,9,Loyal Customers
54431,0,29.0,Mobile Phone,1,7.0,Credit Card,Male,3.0,4,Others,5,Single,2,1,,4.0,5.0,14.0,315.45,14.0,5.0,1,5,5,11,Loyal Customers
54432,1,11.0,Computer,1,36.0,Debit Card,Male,3.0,4,Fashion,4,Married,3,1,13.0,5.0,,10.0,243.49,10.0,2.0,1,3,5,9,Loyal Customers
54433,0,2.0,Mobile Phone,1,16.0,Credit Card,Male,4.0,4,Mobile Phone,1,Married,3,0,24.0,2.0,2.0,5.0,145.7,5.0,2.0,2,3,2,7,At Risk
54434,0,11.0,Mobile Phone,3,13.0,Credit Card,Male,4.0,4,Laptop & Accessory,1,Married,6,0,15.0,2.0,2.0,2.0,190.02,2.0,2.0,5,3,4,12,Loyal Customers
54435,0,1.0,Mobile Phone,1,10.0,Credit Card,Male,4.0,5,Mobile Phone,3,Single,3,0,18.0,2.0,2.0,1.0,157.3,1.0,2.0,5,3,3,11,Loyal Customers
54436,0,11.0,Computer,1,7.0,Credit Card,Female,4.0,4,Fashion,1,Married,4,1,19.0,,2.0,3.0,261.03,3.0,2.0,4,3,5,12,Loyal Customers
54437,0,9.0,Mobile Phone,1,29.0,Debit Card,Female,4.0,2,Fashion,4,Married,9,0,19.0,6.0,,3.0,244.96,3.0,2.0,4,3,5,12,Loyal Customers
54438,0,12.0,Mobile Phone,3,14.0,Credit Card,Female,3.0,2,Laptop & Accessory,5,Married,3,1,25.0,5.0,8.0,8.0,181.05,8.0,8.0,2,5,4,11,Loyal Customers
54439,0,1.0,Computer,1,7.0,Debit Card,Female,3.0,4,Laptop & Accessory,4,Married,3,0,21.0,2.0,2.0,5.0,188.97,5.0,2.0,2,3,4,9,Loyal Customers
54440,0,24.0,Mobile Phone,1,11.0,Debit Card,Male,4.0,4,Others,4,Married,5,0,,1.0,2.0,7.0,316.44,7.0,2.0,2,3,5,10,Loyal Customers
54441,0,27.0,Mobile Phone,1,10.0,Credit Card,Male,3.0,4,Grocery,3,Married,5,1,,2.0,2.0,4.0,300.84,4.0,2.0,3,3,5,11,Loyal Customers
54442,0,16.0,Mobile Phone,3,7.0,Debit Card,Male,2.0,4,Laptop & Accessory,3,Married,3,0,26.0,7.0,12.0,7.0,174.07,7.0,12.0,2,5,4,11,Loyal Customers
54443,0,3.0,Computer,3,9.0,Debit Card,Male,3.0,4,Laptop & Accessory,1,Single,3,0,19.0,1.0,2.0,10.0,170.54,10.0,2.0,1,3,3,7,Loyal Customers
54444,0,29.0,Mobile Phone,1,27.0,Cash on Delivery,Male,3.0,4,Laptop & Accessory,1,Married,5,1,20.0,1.0,2.0,9.0,179.15,9.0,2.0,1,3,4,8,Loyal Customers
54445,0,1.0,Computer,1,18.0,Credit Card,Male,3.0,4,Laptop & Accessory,5,Married,3,1,14.0,2.0,4.0,4.0,172.41,4.0,4.0,3,5,3,11,Loyal Customers
54446,0,11.0,Mobile Phone,1,7.0,Debit Card,Female,3.0,4,Mobile Phone,1,Single,3,0,13.0,2.0,6.0,8.0,146.15,8.0,6.0,2,5,2,9,At Risk
54447,1,8.0,Computer,1,31.0,Debit Card,Male,3.0,4,Mobile Phone,3,Married,5,1,23.0,1.0,2.0,1.0,156.61,1.0,2.0,5,3,3,11,Loyal Customers
54448,0,12.0,Mobile Phone,1,30.0,Debit Card,Male,3.0,4,Laptop & Accessory,1,Married,11,0,15.0,1.0,2.0,3.0,182.45,3.0,2.0,4,3,4,11,Loyal Customers
54449,1,1.0,Mobile Phone,1,23.0,Credit Card,Male,3.0,4,Mobile Phone,4,Married,4,1,14.0,2.0,2.0,3.0,148.73,3.0,2.0,4,3,2,9,Potential Loyalists
54450,0,2.0,Mobile Phone,1,15.0,Debit Card,Female,4.0,4,Mobile Phone,1,Single,3,0,22.0,2.0,2.0,3.0,158.1,3.0,2.0,4,3,3,10,Loyal Customers
54451,0,23.0,Computer,1,17.0,Debit Card,Female,3.0,4,Others,5,Single,11,1,,1.0,2.0,3.0,311.65,3.0,2.0,4,3,5,12,Loyal Customers
54452,0,10.0,Mobile Phone,1,10.0,Cash on Delivery,Male,2.0,4,Laptop & Accessory,4,Single,6,0,13.0,3.0,8.0,8.0,169.85,8.0,8.0,2,5,3,10,Loyal Customers
54453,0,5.0,Computer,3,12.0,E wallet,Female,3.0,4,Mobile Phone,4,Married,3,0,12.0,1.0,3.0,3.0,152.89,3.0,3.0,4,4,2,10,Potential Loyalists
54454,1,1.0,Mobile Phone,3,11.0,E wallet,Male,3.0,5,Laptop & Accessory,1,Single,3,1,13.0,5.0,8.0,5.0,183.28,5.0,8.0,2,5,4,11,Loyal Customers
54455,0,11.0,Computer,1,16.0,Credit Card,Male,3.0,4,Mobile Phone,1,Married,3,1,13.0,1.0,2.0,3.0,148.26,3.0,2.0,4,3,2,9,Potential Loyalists
54456,0,16.0,Computer,3,33.0,E wallet,Female,4.0,4,Grocery,4,Married,7,0,15.0,4.0,,9.0,260.25,9.0,2.0,1,3,5,9,Loyal Customers
54457,1,1.0,Mobile Phone,1,10.0,Debit Card,Male,3.0,4,Mobile Phone,3,Single,3,0,14.0,2.0,2.0,1.0,139.2,1.0,2.0,5,3,1,9,Potential Loyalists
54458,0,9.0,Mobile Phone,3,23.0,E wallet,Male,4.0,4,Fashion,4,Married,2,0,16.0,4.0,7.0,10.0,205.2,10.0,7.0,1,5,4,10,Loyal Customers
54459,0,10.0,Computer,1,25.0,Debit Card,Male,3.0,2,Mobile Phone,1,Married,6,0,19.0,2.0,2.0,1.0,161.88,1.0,2.0,5,3,3,11,Loyal Customers
54460,0,25.0,Mobile Phone,1,9.0,Credit Card,Male,3.0,6,Laptop & Accessory,4,Married,7,0,19.0,1.0,2.0,3.0,179.82,3.0,2.0,4,3,4,11,Loyal Customers
54461,0,15.0,Mobile Phone,3,9.0,Debit Card,Male,3.0,4,Grocery,4,Single,3,0,20.0,,2.0,5.0,285.15,5.0,2.0,2,3,5,10,Loyal Customers
54462,0,1.0,Mobile Phone,3,17.0,Credit Card,Female,4.0,5,Mobile Phone,3,Single,3,0,13.0,1.0,2.0,1.0,137.0,1.0,2.0,5,3,1,9,Potential Loyalists
54463,0,2.0,Mobile Phone,1,23.0,Credit Card,Male,4.0,2,Laptop & Accessory,5,Single,2,0,20.0,1.0,2.0,8.0,181.61,8.0,2.0,2,3,4,9,Loyal Customers
54464,0,5.0,Mobile Phone,3,14.0,Cash on Delivery,Male,4.0,2,Laptop & Accessory,1,Married,6,0,12.0,4.0,8.0,8.0,194.29,8.0,8.0,2,5,4,11,Loyal Customers
54465,0,13.0,Mobile Phone,1,7.0,Credit Card,Male,3.0,2,Fashion,1,Married,2,0,18.0,2.0,4.0,,221.13,3.0,4.0,4,5,5,14,Champions
54466,0,10.0,Computer,1,31.0,Debit Card,Female,3.0,4,Laptop & Accessory,4,Married,9,0,16.0,2.0,2.0,9.0,181.74,9.0,2.0,1,3,4,8,Loyal Customers
54467,0,6.0,Mobile Phone,3,14.0,Debit Card,Male,4.0,5,Laptop & Accessory,3,Married,3,0,15.0,4.0,5.0,9.0,179.84,9.0,5.0,1,5,4,10,Loyal Customers
54468,0,12.0,Mobile Phone,1,32.0,Debit Card,Female,3.0,5,Fashion,4,Married,5,0,18.0,1.0,,2.0,245.61,2.0,2.0,5,3,5,13,Loyal Customers
54469,0,31.0,Computer,1,7.0,Debit Card,Male,3.0,6,Laptop & Accessory,3,Married,4,1,14.0,2.0,2.0,3.0,181.6,3.0,2.0,4,3,4,11,Loyal Customers
54470,0,5.0,Mobile Phone,1,12.0,Cash on Delivery,Male,3.0,4,Mobile Phone,1,Married,2,1,13.0,2.0,2.0,4.0,173.21,4.0,2.0,3,3,4,10,Loyal Customers
54471,0,5.0,Mobile Phone,2,9.0,UPI,Male,4.0,5,Laptop & Accessory,5,Married,5,0,13.0,1.0,2.0,1.0,189.1,1.0,2.0,5,3,4,12,Loyal Customers
54472,0,19.0,Computer,1,14.0,Debit Card,Male,4.0,4,Fashion,5,Married,3,0,19.0,3.0,10.0,12.0,177.1,12.0,10.0,1,5,4,10,Loyal Customers
54473,0,5.0,Mobile Phone,1,9.0,Debit Card,Male,3.0,4,Mobile Phone,1,Married,2,1,19.0,3.0,3.0,3.0,151.95,3.0,3.0,4,4,2,10,Potential Loyalists
54474,0,7.0,Computer,1,12.0,Debit Card,Female,4.0,4,Fashion,4,Married,8,0,12.0,8.0,,9.0,243.78,9.0,2.0,1,3,5,9,Loyal Customers
54475,0,1.0,Mobile Phone,1,17.0,Credit Card,Male,4.0,4,Grocery,5,Married,3,1,,2.0,12.0,11.0,295.68,11.0,12.0,1,5,5,11,Loyal Customers
54476,0,17.0,Computer,1,17.0,Debit Card,Female,3.0,4,Mobile Phone,1,Single,2,0,20.0,1.0,2.0,8.0,149.55,8.0,2.0,2,3,2,7,At Risk
54477,0,23.0,Mobile Phone,1,7.0,Cash on Delivery,Female,3.0,5,Grocery,3,Single,9,1,13.0,,2.0,8.0,264.64,8.0,2.0,2,3,5,10,Loyal Customers
54478,1,16.0,Mobile Phone,1,15.0,Credit Card,Male,3.0,5,Laptop & Accessory,4,Married,4,0,16.0,8.0,8.0,8.0,174.41,8.0,8.0,2,5,4,11,Loyal Customers
54479,0,1.0,Mobile Phone,1,12.0,Debit Card,Female,3.0,4,Mobile Phone,4,Single,3,1,13.0,1.0,2.0,3.0,149.78,3.0,2.0,4,3,2,9,Potential Loyalists
54480,0,6.0,Mobile Phone,3,15.0,Cash on Delivery,Female,4.0,5,Laptop & Accessory,4,Married,3,1,12.0,12.0,12.0,10.0,177.28,10.0,12.0,1,5,4,10,Loyal Customers
54481,0,1.0,Mobile Phone,3,9.0,Debit Card,Male,4.0,4,Laptop & Accessory,3,Single,3,1,12.0,1.0,2.0,5.0,169.78,5.0,2.0,2,3,3,8,Loyal Customers
54482,0,5.0,Mobile Phone,3,14.0,E wallet,Male,4.0,4,Laptop & Accessory,1,Married,6,0,13.0,1.0,2.0,8.0,200.47,8.0,2.0,2,3,4,9,Loyal Customers
54483,0,6.0,Mobile Phone,1,9.0,Credit Card,Female,4.0,2,Laptop & Accessory,1,Single,9,0,17.0,1.0,2.0,8.0,175.55,8.0,2.0,2,3,4,9,Loyal Customers
54484,1,1.0,Mobile Phone,1,9.0,Credit Card,Male,3.0,6,Mobile Phone,1,Married,7,1,14.0,2.0,3.0,3.0,159.64,3.0,3.0,4,4,3,11,Loyal Customers
54485,0,4.0,Mobile Phone,1,35.0,Credit Card,Female,4.0,4,Laptop & Accessory,1,Married,3,0,14.0,2.0,2.0,10.0,182.75,10.0,2.0,1,3,4,8,Loyal Customers
54486,0,5.0,Computer,1,14.0,Debit Card,Female,3.0,5,Fashion,3,Married,3,0,25.0,8.0,9.0,,214.43,3.0,9.0,4,5,5,14,Champions
54487,0,13.0,Computer,1,14.0,Credit Card,Male,3.0,5,Others,1,Married,3,0,,7.0,14.0,4.0,317.72,4.0,14.0,3,5,5,13,Loyal Customers
54488,1,3.0,Mobile Phone,3,10.0,Credit Card,Female,3.0,4,Laptop & Accessory,3,Married,6,1,19.0,2.0,2.0,1.0,177.38,1.0,2.0,5,3,4,12,Loyal Customers
54489,0,7.0,Computer,3,17.0,E wallet,Male,3.0,5,Laptop & Accessory,1,Single,5,0,15.0,2.0,2.0,2.0,171.82,2.0,2.0,5,3,3,11,Loyal Customers
54490,0,21.0,Mobile Phone,1,12.0,Debit Card,Male,3.0,4,Others,3,Married,6,0,,2.0,2.0,2.0,308.0,2.0,2.0,5,3,5,13,Loyal Customers
54491,0,17.0,Computer,1,17.0,Debit Card,Female,3.0,5,Laptop & Accessory,3,Married,3,0,12.0,2.0,2.0,1.0,177.57,1.0,2.0,5,3,4,12,Loyal Customers
54492,0,1.0,Computer,3,7.0,E wallet,Male,4.0,4,Laptop & Accessory,4,Married,2,1,14.0,1.0,2.0,5.0,188.49,5.0,2.0,2,3,4,9,Loyal Customers
54493,0,28.0,Computer,1,27.0,Debit Card,Female,3.0,4,Laptop & Accessory,3,Single,5,0,13.0,1.0,2.0,4.0,173.69,4.0,2.0,3,3,4,10,Loyal Customers
54494,0,17.0,Mobile Phone,1,14.0,Debit Card,Female,3.0,4,Fashion,5,Married,10,0,17.0,2.0,2.0,,224.85,3.0,2.0,4,3,5,12,Loyal Customers
54495,0,19.0,Mobile Phone,1,15.0,UPI,Male,4.0,4,Laptop & Accessory,1,Married,11,0,15.0,9.0,10.0,9.0,161.97,9.0,10.0,1,5,3,9,Loyal Customers
54496,0,14.0,Mobile Phone,3,7.0,Credit Card,Male,3.0,6,Laptop & Accessory,1,Married,4,1,23.0,2.0,2.0,3.0,199.57,3.0,2.0,4,3,4,11,Loyal Customers
54497,1,1.0,Mobile Phone,1,15.0,UPI,Male,4.0,6,Mobile Phone,5,Married,3,1,12.0,1.0,2.0,8.0,146.19,8.0,2.0,2,3,2,7,At Risk
54498,0,3.0,Mobile Phone,1,16.0,UPI,Male,2.0,5,Mobile Phone,1,Single,2,0,18.0,2.0,3.0,3.0,164.83,3.0,3.0,4,4,3,11,Loyal Customers
54499,0,4.0,Mobile Phone,3,12.0,E wallet,Female,2.0,5,Laptop & Accessory,3,Married,3,0,14.0,2.0,2.0,3.0,186.18,3.0,2.0,4,3,4,11,Loyal Customers
54500,0,1.0,Mobile Phone,3,15.0,E wallet,Female,3.0,4,Laptop & Accessory,4,Married,3,0,19.0,1.0,2.0,8.0,187.14,8.0,2.0,2,3,4,9,Loyal Customers
54501,0,11.0,Mobile Phone,1,12.0,Credit Card,Male,4.0,4,Laptop & Accessory,1,Married,9,0,17.0,2.0,2.0,5.0,188.47,5.0,2.0,2,3,4,9,Loyal Customers
54502,0,12.0,Mobile Phone,1,22.0,Debit Card,Male,4.0,5,Fashion,1,Married,2,1,15.0,3.0,,10.0,240.1,10.0,2.0,1,3,5,9,Loyal Customers
54503,0,5.0,Mobile Phone,1,14.0,Credit Card,Female,3.0,4,Fashion,1,Single,3,1,15.0,5.0,5.0,11.0,196.43,11.0,5.0,1,5,4,10,Loyal Customers
54504,0,3.0,Mobile Phone,3,17.0,E wallet,Female,3.0,5,Laptop & Accessory,4,Married,3,1,15.0,2.0,2.0,8.0,207.68,8.0,2.0,2,3,4,9,Loyal Customers
54505,0,9.0,Mobile Phone,1,12.0,Cash on Delivery,Male,4.0,4,Fashion,4,Single,2,0,14.0,2.0,2.0,14.0,205.95,14.0,2.0,1,3,4,8,Loyal Customers
54506,0,1.0,Mobile Phone,1,33.0,Debit Card,Male,3.0,4,Mobile Phone,1,Married,3,0,13.0,1.0,2.0,3.0,154.04,3.0,2.0,4,3,3,10,Loyal Customers
54507,0,15.0,Mobile Phone,1,13.0,Credit Card,Male,4.0,5,Laptop & Accessory,4,Single,8,1,16.0,2.0,2.0,3.0,185.32,3.0,2.0,4,3,4,11,Loyal Customers
54508,0,21.0,Computer,3,11.0,Credit Card,Male,4.0,4,Laptop & Accessory,3,Single,5,0,20.0,1.0,2.0,1.0,154.76,1.0,2.0,5,3,3,11,Loyal Customers
54509,0,16.0,Mobile Phone,1,30.0,Debit Card,Female,3.0,4,Grocery,1,Single,4,0,15.0,,2.0,1.0,284.92,1.0,2.0,5,3,5,13,Loyal Customers
54510,0,3.0,Computer,3,9.0,Debit Card,Male,4.0,4,Laptop & Accessory,3,Married,3,0,15.0,2.0,2.0,3.0,171.49,3.0,2.0,4,3,3,10,Loyal Customers
54511,0,16.0,Mobile Phone,2,9.0,Cash on Delivery,Male,3.0,4,Mobile Phone,3,Married,2,1,12.0,2.0,2.0,1.0,151.96,1.0,2.0,5,3,2,10,Potential Loyalists
54512,0,6.0,Mobile Phone,1,9.0,Credit Card,Female,4.0,4,Mobile Phone,4,Married,3,0,14.0,1.0,2.0,8.0,148.7,8.0,2.0,2,3,2,7,At Risk
54513,0,22.0,Mobile Phone,3,36.0,Credit Card,Female,4.0,4,Fashion,3,Married,5,0,22.0,1.0,,1.0,250.04,1.0,2.0,5,3,5,13,Loyal Customers
54514,0,11.0,Mobile Phone,1,13.0,Credit Card,Male,3.0,2,Laptop & Accessory,5,Married,6,1,14.0,7.0,7.0,8.0,184.74,8.0,7.0,2,5,4,11,Loyal Customers
54515,0,4.0,Computer,3,32.0,Cash on Delivery,Female,3.0,4,Laptop & Accessory,3,Married,9,1,13.0,3.0,3.0,3.0,172.36,3.0,3.0,4,4,3,11,Loyal Customers
54516,0,1.0,Mobile Phone,3,7.0,Debit Card,Male,3.0,4,Laptop & Accessory,3,Married,3,0,18.0,1.0,8.0,8.0,177.96,8.0,8.0,2,5,4,11,Loyal Customers
54517,0,16.0,Mobile Phone,1,9.0,UPI,Male,4.0,5,Laptop & Accessory,1,Single,5,0,24.0,2.0,2.0,1.0,192.81,1.0,2.0,5,3,4,12,Loyal Customers
54518,1,1.0,Computer,3,7.0,Cash on Delivery,Female,4.0,5,Mobile Phone,4,Single,3,1,12.0,2.0,2.0,3.0,146.74,3.0,2.0,4,3,2,9,Potential Loyalists
54519,0,10.0,Computer,3,7.0,Credit Card,Female,3.0,4,Laptop & Accessory,1,Single,6,0,16.0,2.0,2.0,1.0,191.53,1.0,2.0,5,3,4,12,Loyal Customers
54520,0,10.0,Computer,3,10.0,Credit Card,Male,3.0,5,Fashion,1,Married,6,0,12.0,1.0,2.0,,221.99,3.0,2.0,4,3,5,12,Loyal Customers
54521,0,31.0,Mobile Phone,1,7.0,Credit Card,Male,3.0,4,Laptop & Accessory,3,Married,4,0,12.0,1.0,2.0,3.0,192.55,3.0,2.0,4,3,4,11,Loyal Customers
54522,0,14.0,Mobile Phone,1,17.0,Debit Card,Female,3.0,2,Mobile Phone,3,Married,5,1,14.0,1.0,2.0,8.0,147.13,8.0,2.0,2,3,2,7,At Risk
54523,0,1.0,Computer,3,16.0,Credit Card,Male,3.0,4,Mobile Phone,1,Single,3,0,25.0,3.0,3.0,3.0,151.1,3.0,3.0,4,4,2,10,Potential Loyalists
54524,1,1.0,Mobile Phone,3,12.0,E wallet,Female,3.0,4,Mobile Phone,3,Single,3,1,14.0,1.0,2.0,1.0,153.51,1.0,2.0,5,3,2,10,Potential Loyalists
54525,0,11.0,Mobile Phone,1,17.0,Credit Card,Female,4.0,4,Mobile Phone,5,Married,8,0,21.0,2.0,2.0,4.0,159.52,4.0,2.0,3,3,3,9,Loyal Customers
54526,0,20.0,Computer,1,14.0,Credit Card,Female,2.0,4,Laptop & Accessory,3,Married,4,0,15.0,2.0,2.0,1.0,177.58,1.0,2.0,5,3,4,12,Loyal Customers
54527,1,5.0,Computer,3,11.0,E wallet,Male,3.0,4,Laptop & Accessory,4,Single,3,0,19.0,5.0,8.0,,218.55,3.0,8.0,4,5,5,14,Champions
54528,0,24.0,Mobile Phone,1,17.0,Cash on Delivery,Male,4.0,5,Fashion,1,Single,8,0,16.0,2.0,2.0,,229.96,3.0,2.0,4,3,5,12,Loyal Customers
54529,1,4.0,Mobile Phone,3,29.0,E wallet,Male,4.0,5,Laptop & Accessory,3,Married,4,1,13.0,2.0,2.0,1.0,188.8,1.0,2.0,5,3,4,12,Loyal Customers
54530,0,5.0,Mobile Phone,1,16.0,Debit Card,Male,3.0,5,Mobile Phone,4,Single,2,1,17.0,3.0,3.0,3.0,151.57,3.0,3.0,4,4,2,10,Potential Loyalists
54531,1,1.0,Mobile Phone,3,19.0,Debit Card,Female,3.0,2,Mobile Phone,4,Single,3,0,16.0,1.0,2.0,1.0,152.16,1.0,2.0,5,3,2,10,Potential Loyalists
54532,0,3.0,Mobile Phone,1,30.0,Debit Card,Male,3.0,4,Mobile Phone,1,Single,11,0,17.0,1.0,2.0,3.0,147.01,3.0,2.0,4,3,2,9,Potential Loyalists
54533,0,9.0,Mobile Phone,1,16.0,Debit Card,Male,4.0,5,Laptop & Accessory,4,Single,11,0,20.0,1.0,2.0,1.0,190.4,1.0,2.0,5,3,4,12,Loyal Customers
54534,0,1.0,Mobile Phone,1,7.0,Credit Card,Male,3.0,4,Mobile Phone,4,Married,3,0,12.0,1.0,2.0,5.0,163.16,5.0,2.0,2,3,3,8,Loyal Customers
54535,0,2.0,Mobile Phone,3,16.0,Debit Card,Male,4.0,4,Laptop & Accessory,1,Single,3,0,17.0,2.0,2.0,8.0,177.53,8.0,2.0,2,3,4,9,Loyal Customers
54536,0,23.0,Mobile Phone,1,14.0,UPI,Male,3.0,5,Fashion,3,Single,10,0,25.0,2.0,,1.0,234.65,1.0,2.0,5,3,5,13,Loyal Customers
54537,0,25.0,Mobile Phone,3,21.0,Debit Card,Female,3.0,4,Laptop & Accessory,1,Married,6,0,12.0,2.0,2.0,8.0,174.36,8.0,2.0,2,3,4,9,Loyal Customers
54538,0,10.0,Mobile Phone,1,9.0,Debit Card,Female,4.0,4,Mobile Phone,3,Married,6,0,14.0,3.0,3.0,3.0,150.43,3.0,3.0,4,4,2,10,Potential Loyalists
54539,1,1.0,Computer,3,26.0,E wallet,Male,4.0,2,Laptop & Accessory,1,Single,10,1,14.0,1.0,2.0,5.0,178.04,5.0,2.0,2,3,4,9,Loyal Customers
54540,0,29.0,Mobile Phone,1,9.0,Debit Card,Female,4.0,4,Grocery,1,Single,4,1,14.0,,2.0,3.0,291.59,3.0,2.0,4,3,5,12,Loyal Customers
54541,0,1.0,Mobile Phone,3,17.0,E wallet,Female,4.0,4,Laptop & Accessory,3,Married,3,1,13.0,1.0,2.0,4.0,167.6,4.0,2.0,3,3,3,9,Loyal Customers
54542,0,4.0,Mobile Phone,3,9.0,Cash on Delivery,Male,4.0,4,Mobile Phone,4,Married,3,0,19.0,2.0,2.0,1.0,149.76,1.0,2.0,5,3,2,10,Potential Loyalists
54543,1,1.0,Computer,1,10.0,Cash on Delivery,Male,4.0,4,Mobile Phone,5,Single,2,0,23.0,1.0,2.0,5.0,156.02,5.0,2.0,2,3,3,8,Loyal Customers
54544,0,1.0,Mobile Phone,1,18.0,Credit Card,Female,3.0,4,Mobile Phone,4,Married,3,0,14.0,2.0,2.0,3.0,147.44,3.0,2.0,4,3,2,9,Potential Loyalists
54545,0,10.0,Mobile Phone,3,9.0,Credit Card,Male,4.0,5,Fashion,3,Married,3,0,14.0,9.0,10.0,1.0,200.96,1.0,10.0,5,5,4,14,Champions
54546,1,1.0,Computer,1,11.0,Cash on Delivery,Male,3.0,4,Mobile Phone,1,Single,11,1,24.0,2.0,2.0,1.0,147.85,1.0,2.0,5,3,2,10,Potential Loyalists
54547,0,11.0,Mobile Phone,1,21.0,Debit Card,Female,4.0,4,Mobile Phone,5,Married,3,0,13.0,11.0,13.0,18.0,155.34,18.0,13.0,1,5,3,9,Loyal Customers
54548,0,14.0,Mobile Phone,3,9.0,E wallet,Female,3.0,4,Laptop & Accessory,4,Married,9,0,13.0,1.0,2.0,4.0,182.15,4.0,2.0,3,3,4,10,Loyal Customers
54549,0,16.0,Mobile Phone,1,7.0,Debit Card,Female,4.0,4,Mobile Phone,5,Married,5,0,17.0,1.0,2.0,3.0,150.76,3.0,2.0,4,3,2,9,Potential Loyalists
54550,0,11.0,Mobile Phone,1,17.0,Debit Card,Male,3.0,4,Laptop & Accessory,4,Single,4,1,13.0,1.0,2.0,2.0,166.97,2.0,2.0,5,3,3,11,Loyal Customers
54551,0,17.0,Mobile Phone,1,19.0,Debit Card,Male,3.0,5,Grocery,4,Married,3,0,12.0,,4.0,10.0,268.36,10.0,4.0,1,5,5,11,Loyal Customers
54552,0,14.0,Mobile Phone,1,9.0,Credit Card,Female,4.0,5,Laptop & Accessory,3,Married,8,0,23.0,2.0,2.0,1.0,159.48,1.0,2.0,5,3,3,11,Loyal Customers
54553,0,28.0,Mobile Phone,1,12.0,Credit Card,Male,3.0,4,Others,5,Married,6,0,,2.0,2.0,3.0,319.06,3.0,2.0,4,3,5,12,Loyal Customers
54554,0,8.0,Computer,3,11.0,E wallet,Female,4.0,4,Laptop & Accessory,3,Married,11,0,16.0,1.0,2.0,3.0,190.38,3.0,2.0,4,3,4,11,Loyal Customers
54555,0,5.0,Mobile Phone,1,14.0,Credit Card,Female,3.0,4,Laptop & Accessory,5,Married,3,0,13.0,4.0,4.0,13.0,168.06,13.0,4.0,1,5,3,9,Loyal Customers
54556,0,17.0,Computer,1,28.0,Credit Card,Male,4.0,4,Mobile Phone,1,Married,9,0,21.0,2.0,2.0,3.0,147.58,3.0,2.0,4,3,2,9,Potential Loyalists
54557,0,17.0,Mobile Phone,1,15.0,UPI,Female,4.0,4,Laptop & Accessory,3,Married,6,1,15.0,2.0,2.0,3.0,170.22,3.0,2.0,4,3,3,10,Loyal Customers
54558,0,1.0,Mobile Phone,3,11.0,Debit Card,Female,4.0,5,Laptop & Accessory,1,Single,3,1,12.0,1.0,2.0,4.0,169.87,4.0,2.0,3,3,3,9,Loyal Customers
54559,0,11.0,Computer,1,32.0,Credit Card,Female,4.0,4,Laptop & Accessory,3,Married,5,1,16.0,5.0,11.0,8.0,169.49,8.0,11.0,2,5,3,10,Loyal Customers
54560,0,5.0,Mobile Phone,1,7.0,Debit Card,Male,4.0,5,Mobile Phone,5,Married,3,0,13.0,4.0,4.0,3.0,147.18,3.0,4.0,4,5,2,11,Potential Loyalists
54561,0,13.0,Computer,1,7.0,Debit Card,Male,3.0,4,Others,3,Married,3,1,,1.0,2.0,7.0,316.97,7.0,2.0,2,3,5,10,Loyal Customers
54562,0,30.0,Computer,3,13.0,Debit Card,Female,3.0,2,Grocery,5,Married,11,0,12.0,7.0,,8.0,257.12,8.0,2.0,2,3,5,10,Loyal Customers
54563,0,4.0,Mobile Phone,3,19.0,Cash on Delivery,Female,3.0,4,Laptop & Accessory,3,Single,2,0,12.0,4.0,5.0,5.0,190.77,5.0,5.0,2,5,4,11,Loyal Customers
54564,0,15.0,Mobile Phone,3,7.0,E wallet,Male,3.0,2,Fashion,5,Married,3,0,17.0,2.0,2.0,8.0,208.92,8.0,2.0,2,3,5,10,Loyal Customers
54565,0,2.0,Mobile Phone,1,24.0,Credit Card,Male,4.0,4,Laptop & Accessory,5,Married,3,0,13.0,1.0,2.0,9.0,170.58,9.0,2.0,1,3,3,7,Loyal Customers
54566,1,1.0,Mobile Phone,1,10.0,Credit Card,Male,4.0,4,Mobile Phone,5,Married,7,0,14.0,2.0,2.0,3.0,165.31,3.0,2.0,4,3,3,10,Loyal Customers
54567,0,26.0,Mobile Phone,1,10.0,Credit Card,Male,3.0,5,Fashion,3,Married,4,1,15.0,2.0,2.0,5.0,204.69,5.0,2.0,2,3,4,9,Loyal Customers
54568,0,19.0,Mobile Phone,1,17.0,Debit Card,Male,4.0,4,Mobile Phone,1,Married,5,0,22.0,1.0,2.0,3.0,151.54,3.0,2.0,4,3,2,9,Potential Loyalists
54569,0,26.0,Mobile Phone,1,11.0,Debit Card,Female,2.0,4,Grocery,1,Married,4,0,14.0,,2.0,5.0,290.55,5.0,2.0,2,3,5,10,Loyal Customers
54570,0,16.0,Computer,1,36.0,Debit Card,Female,4.0,4,Laptop & Accessory,3,Married,4,0,12.0,2.0,2.0,3.0,170.56,3.0,2.0,4,3,3,10,Loyal Customers
54571,0,4.0,Mobile Phone,1,9.0,Debit Card,Female,3.0,6,Laptop & Accessory,1,Single,4,0,21.0,2.0,2.0,3.0,185.91,3.0,2.0,4,3,4,11,Loyal Customers
54572,0,31.0,Mobile Phone,1,14.0,Debit Card,Female,3.0,4,Others,5,Married,7,0,,2.0,12.0,11.0,320.66,11.0,12.0,1,5,5,11,Loyal Customers
54573,0,20.0,Mobile Phone,1,25.0,Credit Card,Female,3.0,4,Laptop & Accessory,3,Married,4,0,15.0,2.0,2.0,9.0,173.1,9.0,2.0,1,3,4,8,Loyal Customers
54574,0,16.0,Computer,1,35.0,Cash on Delivery,Female,3.0,5,Laptop & Accessory,1,Married,2,0,12.0,1.0,2.0,5.0,170.23,5.0,2.0,2,3,3,8,Loyal Customers
54575,1,1.0,Mobile Phone,3,7.0,Cash on Delivery,Female,4.0,4,Mobile Phone,4,Single,3,1,17.0,1.0,2.0,5.0,157.02,5.0,2.0,2,3,3,8,Loyal Customers
54576,1,1.0,Computer,3,13.0,E wallet,Female,3.0,6,Mobile Phone,3,Married,2,0,17.0,1.0,2.0,1.0,148.51,1.0,2.0,5,3,2,10,Potential Loyalists
54577,0,12.0,Computer,1,9.0,Debit Card,Male,3.0,4,Mobile Phone,1,Married,3,1,24.0,2.0,2.0,1.0,142.02,1.0,2.0,5,3,2,10,Potential Loyalists
54578,0,14.0,Mobile Phone,3,9.0,Debit Card,Female,4.0,4,Others,3,Married,2,0,,2.0,2.0,13.0,305.41,13.0,2.0,1,3,5,9,Loyal Customers
54579,0,1.0,Mobile Phone,1,30.0,Debit Card,Female,3.0,4,Mobile Phone,1,Married,3,0,23.0,1.0,2.0,3.0,153.86,3.0,2.0,4,3,3,10,Loyal Customers
54580,0,4.0,Computer,1,10.0,Debit Card,Male,3.0,4,Mobile Phone,1,Married,6,0,16.0,2.0,2.0,5.0,145.97,5.0,2.0,2,3,2,7,At Risk
54581,0,3.0,Mobile Phone,1,10.0,Credit Card,Male,4.0,5,Fashion,3,Married,3,0,19.0,1.0,,8.0,244.35,8.0,2.0,2,3,5,10,Loyal Customers
54582,1,1.0,Mobile Phone,1,32.0,Cash on Delivery,Female,4.0,5,Mobile Phone,4,Married,7,0,17.0,2.0,2.0,2.0,150.46,2.0,2.0,5,3,2,10,Potential Loyalists
54583,1,1.0,Mobile Phone,2,9.0,Cash on Delivery,Male,3.0,5,Mobile Phone,1,Single,3,0,13.0,1.0,2.0,1.0,150.64,1.0,2.0,5,3,2,10,Potential Loyalists
54584,0,4.0,Computer,3,29.0,UPI,Female,4.0,4,Fashion,5,Married,2,0,12.0,4.0,8.0,9.0,209.12,9.0,8.0,1,5,5,11,Loyal Customers
54585,0,31.0,Mobile Phone,3,36.0,E wallet,Male,3.0,5,Grocery,1,Married,5,0,13.0,,2.0,1.0,266.18,1.0,2.0,5,3,5,13,Loyal Customers
54586,0,24.0,Mobile Phone,1,36.0,Debit Card,Male,3.0,5,Grocery,3,Married,2,0,,16.0,16.0,8.0,295.46,8.0,16.0,2,5,5,12,Loyal Customers
54587,0,4.0,Computer,1,9.0,Credit Card,Female,3.0,4,Mobile Phone,1,Single,2,0,15.0,2.0,7.0,8.0,150.64,8.0,7.0,2,5,2,9,At Risk
54588,0,31.0,Computer,3,35.0,E wallet,Female,4.0,5,Fashion,5,Married,6,0,20.0,4.0,14.0,,227.66,3.0,14.0,4,5,5,14,Champions
54589,0,21.0,Mobile Phone,1,9.0,Credit Card,Female,4.0,4,Laptop & Accessory,1,Married,7,0,14.0,1.0,2.0,5.0,175.7,5.0,2.0,2,3,4,9,Loyal Customers
54590,0,20.0,Mobile Phone,1,9.0,Debit Card,Male,3.0,4,Grocery,3,Married,8,0,,2.0,2.0,2.0,303.61,2.0,2.0,5,3,5,13,Loyal Customers
54591,0,9.0,Mobile Phone,1,29.0,Debit Card,Male,3.0,6,Mobile Phone,3,Single,2,0,16.0,2.0,5.0,4.0,167.3,4.0,5.0,3,5,3,11,Loyal Customers
54592,0,28.0,Mobile Phone,1,6.0,Debit Card,Female,3.0,4,Laptop & Accessory,3,Single,9,0,12.0,1.0,2.0,1.0,162.8,1.0,2.0,5,3,3,11,Loyal Customers
54593,0,8.0,Mobile Phone,1,9.0,Debit Card,Male,4.0,5,Mobile Phone,3,Married,5,0,13.0,4.0,6.0,8.0,152.68,8.0,6.0,2,5,2,9,At Risk
54594,0,6.0,Mobile Phone,3,17.0,E wallet,Female,4.0,5,Fashion,1,Married,4,1,20.0,1.0,2.0,,215.71,3.0,2.0,4,3,5,12,Loyal Customers
54595,0,5.0,Mobile Phone,1,16.0,Debit Card,Male,3.0,4,Fashion,4,Married,3,0,26.0,1.0,2.0,9.0,231.48,9.0,2.0,1,3,5,9,Loyal Customers
54596,1,1.0,Mobile Phone,1,22.0,Credit Card,Male,3.0,4,Fashion,3,Married,9,1,13.0,,8.0,8.0,261.1,8.0,8.0,2,5,5,12,Loyal Customers
54597,1,1.0,Mobile Phone,1,17.0,Credit Card,Male,3.0,6,Mobile Phone,1,Married,9,0,14.0,1.0,2.0,4.0,159.08,4.0,2.0,3,3,3,9,Loyal Customers
54598,0,4.0,Mobile Phone,3,14.0,E wallet,Male,3.0,4,Mobile Phone,4,Single,2,0,15.0,1.0,2.0,3.0,154.83,3.0,2.0,4,3,3,10,Loyal Customers
54599,0,9.0,Mobile Phone,1,23.0,Debit Card,Male,4.0,4,Fashion,3,Married,6,1,13.0,1.0,2.0,1.0,201.32,1.0,2.0,5,3,4,12,Loyal Customers
54600,1,1.0,Computer,1,27.0,Debit Card,Male,4.0,4,Fashion,3,Married,5,0,13.0,2.0,2.0,,223.24,3.0,2.0,4,3,5,12,Loyal Customers
54601,1,1.0,Computer,2,30.0,UPI,Female,3.0,4,Fashion,5,Married,11,1,16.0,2.0,2.0,,224.5,3.0,2.0,4,3,5,12,Loyal Customers
54602,0,16.0,Computer,1,12.0,UPI,Male,4.0,4,Mobile Phone,3,Married,6,0,18.0,1.0,3.0,1.0,145.93,1.0,3.0,5,4,2,11,Potential Loyalists
54603,0,10.0,Computer,3,17.0,Credit Card,Male,3.0,4,Fashion,1,Single,3,0,15.0,9.0,10.0,,224.8,3.0,10.0,4,5,5,14,Champions
54604,1,1.0,Computer,1,11.0,Cash on Delivery,Male,4.0,5,Mobile Phone,3,Single,7,0,17.0,1.0,2.0,3.0,163.94,3.0,2.0,4,3,3,10,Loyal Customers
54605,0,22.0,Mobile Phone,3,9.0,E wallet,Female,3.0,4,Laptop & Accessory,1,Married,4,0,15.0,7.0,7.0,8.0,165.51,8.0,7.0,2,5,3,10,Loyal Customers
54606,0,29.0,Mobile Phone,3,25.0,Debit Card,Female,3.0,4,Grocery,4,Single,5,0,,2.0,8.0,9.0,293.35,9.0,8.0,1,5,5,11,Loyal Customers
54607,0,15.0,Computer,3,17.0,Debit Card,Male,3.0,4,Laptop & Accessory,1,Single,9,0,15.0,1.0,2.0,11.0,187.3,11.0,2.0,1,3,4,8,Loyal Customers
54608,0,9.0,Mobile Phone,3,7.0,E wallet,Male,3.0,4,Laptop & Accessory,3,Married,11,0,12.0,1.0,7.0,10.0,172.17,10.0,7.0,1,5,3,9,Loyal Customers
54609,0,14.0,Mobile Phone,1,13.0,Debit Card,Female,4.0,4,Grocery,3,Single,9,0,16.0,5.0,,14.0,257.37,14.0,2.0,1,3,5,9,Loyal Customers
54610,0,13.0,Computer,1,15.0,Debit Card,Female,3.0,4,Mobile Phone,3,Married,3,0,12.0,2.0,2.0,8.0,162.55,8.0,2.0,2,3,3,8,Loyal Customers
54611,0,5.0,Mobile Phone,3,9.0,Debit Card,Male,4.0,4,Laptop & Accessory,1,Single,6,1,14.0,2.0,2.0,6.0,190.82,6.0,2.0,2,3,4,9,Loyal Customers
54612,0,16.0,Mobile Phone,1,31.0,Credit Card,Male,3.0,4,Fashion,5,Married,3,1,22.0,6.0,6.0,9.0,199.06,9.0,6.0,1,5,4,10,Loyal Customers
54613,0,19.0,Mobile Phone,3,9.0,UPI,Male,4.0,4,Laptop & Accessory,4,Married,2,0,20.0,4.0,4.0,8.0,173.05,8.0,4.0,2,5,3,10,Loyal Customers
54614,1,1.0,Computer,2,24.0,Debit Card,Female,3.0,4,Mobile Phone,3,Married,2,1,12.0,1.0,2.0,1.0,152.41,1.0,2.0,5,3,2,10,Potential Loyalists
54615,0,3.0,Mobile Phone,1,26.0,Cash on Delivery,Male,3.0,4,Laptop & Accessory,1,Married,6,0,13.0,2.0,2.0,3.0,167.62,3.0,2.0,4,3,3,10,Loyal Customers
54616,0,7.0,Mobile Phone,1,7.0,Credit Card,Female,4.0,2,Grocery,3,Married,6,0,20.0,,2.0,6.0,286.84,6.0,2.0,2,3,5,10,Loyal Customers
54617,0,5.0,Mobile Phone,3,14.0,Debit Card,Male,3.0,5,Fashion,1,Married,11,0,22.0,2.0,,2.0,240.57,2.0,2.0,5,3,5,13,Loyal Customers
54618,1,1.0,Computer,3,12.0,E wallet,Male,4.0,4,Mobile Phone,4,Single,3,1,15.0,2.0,2.0,1.0,143.78,1.0,2.0,5,3,2,10,Potential Loyalists
54619,0,14.0,Computer,3,35.0,UPI,Male,3.0,6,Fashion,5,Married,5,0,16.0,1.0,,2.0,234.32,2.0,2.0,5,3,5,13,Loyal Customers
54620,0,15.0,Computer,1,9.0,UPI,Female,4.0,5,Laptop & Accessory,3,Single,4,1,18.0,1.0,2.0,8.0,193.11,8.0,2.0,2,3,4,9,Loyal Customers
54621,0,1.0,Mobile Phone,3,36.0,Credit Card,Male,3.0,4,Laptop & Accessory,3,Married,7,0,13.0,1.0,2.0,1.0,168.06,1.0,2.0,5,3,3,11,Loyal Customers
54622,0,9.0,Mobile Phone,3,7.0,Credit Card,Female,4.0,4,Laptop & Accessory,3,Single,3,0,17.0,2.0,2.0,4.0,173.59,4.0,2.0,3,3,4,10,Loyal Customers
54623,0,8.0,Mobile Phone,3,28.0,Debit Card,Male,4.0,2,Laptop & Accessory,1,Single,3,0,13.0,1.0,6.0,8.0,178.37,8.0,6.0,2,5,4,11,Loyal Customers
54624,1,1.0,Mobile Phone,1,31.0,Cash on Delivery,Male,4.0,6,Mobile Phone,1,Single,3,1,19.0,1.0,2.0,1.0,148.4,1.0,2.0,5,3,2,10,Potential Loyalists
54625,0,11.0,Mobile Phone,1,7.0,Cash on Delivery,Female,3.0,4,Fashion,1,Single,6,0,18.0,2.0,2.0,3.0,199.91,3.0,2.0,4,3,4,11,Loyal Customers
54626,0,20.0,Computer,1,25.0,Credit Card,Female,3.0,4,Fashion,3,Married,7,0,12.0,1.0,2.0,,230.27,3.0,2.0,4,3,5,12,Loyal Customers
54627,0,15.0,Mobile Phone,3,9.0,Debit Card,Female,4.0,4,Grocery,5,Married,9,0,17.0,,12.0,9.0,290.95,9.0,12.0,1,5,5,11,Loyal Customers
54628,0,11.0,Computer,3,16.0,Credit Card,Male,4.0,4,Fashion,4,Married,3,0,14.0,2.0,8.0,,213.34,3.0,8.0,4,5,5,14,Champions
54629,0,26.0,Mobile Phone,1,13.0,Cash on Delivery,Male,4.0,4,Laptop & Accessory,5,Married,5,1,13.0,3.0,7.0,10.0,180.77,10.0,7.0,1,5,4,10,Loyal Customers
54630,1,1.0,Computer,3,18.0,UPI,Male,3.0,2,Laptop & Accessory,3,Married,10,0,13.0,2.0,2.0,3.0,172.07,3.0,2.0,4,3,3,10,Loyal Customers
54631,0,1.0,Computer,3,31.0,Credit Card,Male,3.0,4,Mobile Phone,1,Married,2,0,14.0,2.0,3.0,2.0,149.0,2.0,3.0,5,4,2,11,Potential Loyalists
54632,0,12.0,Mobile Phone,1,17.0,Credit Card,Female,4.0,4,Laptop & Accessory,3,Married,5,0,20.0,1.0,2.0,,223.24,3.0,2.0,4,3,5,12,Loyal Customers
54633,0,11.0,Mobile Phone,1,7.0,Debit Card,Female,4.0,4,Laptop & Accessory,4,Married,8,0,13.0,5.0,5.0,4.0,189.47,4.0,5.0,3,5,4,12,Loyal Customers
54634,0,23.0,Mobile Phone,1,25.0,Debit Card,Male,3.0,5,Others,3,Married,3,1,,2.0,2.0,10.0,320.02,10.0,2.0,1,3,5,9,Loyal Customers
54635,0,1.0,Mobile Phone,1,30.0,Credit Card,Male,3.0,2,Mobile Phone,1,Married,3,1,12.0,1.0,2.0,5.0,152.25,5.0,2.0,2,3,2,7,At Risk
54636,0,1.0,Mobile Phone,3,35.0,E wallet,Male,4.0,4,Laptop & Accessory,4,Married,3,0,21.0,1.0,2.0,5.0,187.72,5.0,2.0,2,3,4,9,Loyal Customers
54637,0,1.0,Mobile Phone,1,24.0,UPI,Male,4.0,5,Mobile Phone,4,Married,3,0,22.0,2.0,2.0,1.0,146.27,1.0,2.0,5,3,2,10,Potential Loyalists
54638,0,24.0,Computer,2,10.0,Credit Card,Male,4.0,4,Others,4,Married,3,0,,2.0,11.0,8.0,307.0,8.0,11.0,2,5,5,12,Loyal Customers
54639,0,1.0,Mobile Phone,3,20.0,Credit Card,Male,3.0,4,Mobile Phone,3,Married,3,0,12.0,2.0,2.0,7.0,145.96,7.0,2.0,2,3,2,7,At Risk
54640,1,1.0,Computer,1,14.0,Debit Card,Female,3.0,4,Mobile Phone,3,Married,3,1,17.0,1.0,2.0,3.0,153.86,3.0,2.0,4,3,3,10,Loyal Customers
54641,1,1.0,Computer,3,19.0,Debit Card,Male,4.0,5,Mobile Phone,5,Married,3,0,19.0,2.0,2.0,1.0,145.33,1.0,2.0,5,3,2,10,Potential Loyalists
54642,0,8.0,Mobile Phone,1,7.0,Debit Card,Male,3.0,5,Mobile Phone,1,Married,3,1,14.0,2.0,2.0,4.0,161.22,4.0,2.0,3,4,3,10,Loyal Customers
54643,1,1.0,Mobile Phone,3,20.0,Credit Card,Male,3.0,4,Laptop & Accessory,5,Married,4,0,18.0,1.0,2.0,3.0,167.33,3.0,2.0,4,4,3,11,Loyal Customers
54644,0,9.0,Mobile Phone,1,32.0,UPI,Male,3.0,5,Laptop & Accessory,1,Single,6,0,15.0,2.0,2.0,3.0,161.81,3.0,2.0,4,4,3,11,Loyal Customers
54645,0,5.0,Mobile Phone,3,13.0,Credit Card,Male,4.0,2,Laptop & Accessory,1,Married,6,0,23.0,6.0,6.0,8.0,179.6,8.0,6.0,2,5,4,11,Loyal Customers
54646,0,1.0,Mobile Phone,1,13.0,Credit Card,Female,4.0,5,Mobile Phone,3,Married,2,0,13.0,1.0,2.0,4.0,146.87,4.0,2.0,3,4,2,9,Potential Loyalists
54647,0,11.0,Mobile Phone,3,9.0,E wallet,Male,4.0,4,Laptop & Accessory,3,Married,6,1,12.0,1.0,2.0,,221.02,3.0,2.0,4,4,5,13,Champions
54648,0,1.0,Mobile Phone,1,7.0,Debit Card,Female,3.0,5,Mobile Phone,4,Single,3,0,14.0,1.0,2.0,1.0,153.36,1.0,2.0,5,4,2,11,Potential Loyalists
54649,0,16.0,Mobile Phone,1,9.0,Debit Card,Female,3.0,4,Laptop & Accessory,1,Married,3,0,14.0,1.0,3.0,3.0,165.89,3.0,3.0,4,4,3,11,Loyal Customers
54650,0,17.0,Mobile Phone,1,13.0,UPI,Male,3.0,5,Grocery,1,Married,6,1,15.0,,2.0,1.0,291.27,1.0,2.0,5,4,5,14,Champions
54651,0,12.0,Mobile Phone,1,7.0,Debit Card,Female,3.0,4,Mobile Phone,5,Single,5,0,18.0,1.0,2.0,1.0,151.19,1.0,2.0,5,4,2,11,Potential Loyalists
54652,0,17.0,Computer,1,16.0,Credit Card,Male,4.0,4,Laptop & Accessory,3,Married,5,1,14.0,2.0,5.0,8.0,181.79,8.0,5.0,2,5,4,11,Loyal Customers
54653,0,22.0,Mobile Phone,1,7.0,Debit Card,Female,3.0,5,Grocery,5,Married,9,0,12.0,,2.0,3.0,279.02,3.0,2.0,4,4,5,13,Champions
54654,0,18.0,Mobile Phone,2,7.0,Debit Card,Female,3.0,5,Laptop & Accessory,3,Single,6,0,12.0,2.0,2.0,3.0,184.85,3.0,2.0,4,4,4,12,Champions
54655,0,8.0,Mobile Phone,3,21.0,Cash on Delivery,Female,3.0,4,Mobile Phone,3,Married,3,1,19.0,2.0,2.0,7.0,150.79,7.0,2.0,2,4,2,8,At Risk
54656,1,1.0,Mobile Phone,3,9.0,E wallet,Male,3.0,4,Mobile Phone,5,Married,2,0,12.0,2.0,2.0,3.0,155.41,3.0,2.0,4,4,3,11,Loyal Customers
54657,0,1.0,Mobile Phone,3,29.0,Cash on Delivery,Male,3.0,4,Mobile Phone,3,Single,3,0,12.0,1.0,2.0,3.0,159.47,3.0,2.0,4,4,3,11,Loyal Customers
54658,0,18.0,Mobile Phone,1,10.0,UPI,Male,3.0,4,Others,1,Married,6,1,,1.0,2.0,2.0,320.13,2.0,2.0,5,4,5,14,Champions
54659,0,1.0,Mobile Phone,1,13.0,Credit Card,Male,4.0,4,Mobile Phone,3,Married,2,0,21.0,2.0,3.0,3.0,152.73,3.0,3.0,4,4,2,10,Potential Loyalists
54660,0,7.0,Mobile Phone,3,15.0,E wallet,Male,3.0,4,Laptop & Accessory,3,Married,2,0,13.0,1.0,2.0,3.0,196.04,3.0,2.0,4,4,4,12,Champions
54661,0,6.0,Mobile Phone,1,16.0,Debit Card,Female,4.0,4,Laptop & Accessory,1,Married,3,1,13.0,2.0,2.0,6.0,188.22,6.0,2.0,2,4,4,10,Loyal Customers
54662,0,4.0,Computer,1,10.0,Credit Card,Female,4.0,4,Mobile Phone,3,Married,3,0,21.0,2.0,2.0,1.0,145.83,1.0,2.0,5,4,2,11,Potential Loyalists
54663,0,27.0,Mobile Phone,3,7.0,Credit Card,Female,3.0,4,Laptop & Accessory,5,Single,9,0,21.0,5.0,9.0,11.0,208.81,11.0,9.0,1,5,4,10,Loyal Customers
54664,0,8.0,Mobile Phone,1,7.0,Debit Card,Male,3.0,4,Mobile Phone,1,Married,3,0,13.0,2.0,9.0,9.0,151.91,9.0,9.0,1,5,2,8,At Risk
54665,1,9.0,Computer,3,33.0,Debit Card,Female,4.0,4,Laptop & Accessory,5,Married,4,0,15.0,1.0,2.0,1.0,167.86,1.0,2.0,5,4,3,12,Loyal Customers
54666,0,1.0,Mobile Phone,1,13.0,Debit Card,Female,4.0,4,Mobile Phone,1,Married,3,1,14.0,1.0,2.0,3.0,81.0,3.0,2.0,4,4,1,9,Potential Loyalists
54667,0,11.0,Mobile Phone,1,10.0,UPI,Male,3.0,4,Fashion,3,Married,3,0,16.0,8.0,8.0,,219.34,3.0,8.0,4,5,5,14,Champions
54668,0,3.0,Mobile Phone,3,10.0,Credit Card,Female,4.0,4,Laptop & Accessory,3,Married,3,0,15.0,1.0,2.0,3.0,180.61,3.0,2.0,4,4,4,12,Champions
54669,0,9.0,Mobile Phone,1,13.0,Debit Card,Male,3.0,6,Laptop & Accessory,1,Single,3,0,14.0,1.0,12.0,9.0,191.46,9.0,12.0,1,5,4,10,Loyal Customers
54670,0,7.0,Computer,1,13.0,Debit Card,Male,2.0,4,Laptop & Accessory,1,Married,5,0,24.0,4.0,5.0,8.0,202.25,8.0,5.0,2,5,4,11,Loyal Customers
54671,0,28.0,Mobile Phone,2,26.0,Credit Card,Male,3.0,4,Fashion,4,Married,4,0,16.0,3.0,,2.0,232.25,2.0,2.0,5,4,5,14,Champions
54672,0,10.0,Mobile Phone,1,16.0,Credit Card,Male,3.0,5,Laptop & Accessory,4,Married,4,1,12.0,1.0,2.0,,213.47,3.0,2.0,4,4,5,13,Champions
54673,0,1.0,Mobile Phone,1,10.0,Credit Card,Male,3.0,5,Mobile Phone,1,Single,2,0,14.0,2.0,2.0,2.0,145.45,2.0,2.0,5,4,2,11,Potential Loyalists
54674,1,1.0,Mobile Phone,1,17.0,Credit Card,Male,3.0,4,Mobile Phone,3,Single,3,1,12.0,2.0,2.0,2.0,135.09,2.0,2.0,5,4,1,10,Potential Loyalists
54675,1,1.0,Computer,1,10.0,Debit Card,Male,4.0,4,Mobile Phone,5,Single,3,1,12.0,6.0,10.0,8.0,158.48,8.0,10.0,2,5,3,10,Loyal Customers
54676,0,9.0,Computer,1,10.0,Debit Card,Male,3.0,5,Mobile Phone,3,Married,3,0,19.0,2.0,2.0,1.0,137.81,1.0,2.0,5,4,1,10,Potential Loyalists
54677,0,1.0,Mobile Phone,1,11.0,Credit Card,Male,3.0,2,Mobile Phone,5,Married,4,0,17.0,1.0,2.0,3.0,153.19,3.0,2.0,4,4,2,10,Potential Loyalists
54678,0,1.0,Mobile Phone,3,15.0,Debit Card,Male,3.0,2,Laptop & Accessory,4,Married,2,0,23.0,2.0,2.0,3.0,173.51,3.0,2.0,4,4,4,12,Champions
54679,0,12.0,Mobile Phone,3,14.0,E wallet,Female,3.0,5,Laptop & Accessory,1,Single,2,0,21.0,2.0,2.0,6.0,165.28,6.0,2.0,2,4,3,9,Loyal Customers
54680,0,3.0,Computer,1,7.0,Debit Card,Male,4.0,6,Mobile Phone,1,Married,3,0,19.0,1.0,3.0,9.0,152.2,9.0,3.0,1,4,2,7,At Risk
54681,0,22.0,Mobile Phone,3,9.0,E wallet,Male,3.0,2,Laptop & Accessory,4,Married,5,0,13.0,1.0,3.0,3.0,206.2,3.0,3.0,4,4,4,12,Champions
54682,0,1.0,Computer,3,10.0,Credit Card,Female,4.0,2,Laptop & Accessory,1,Married,3,1,21.0,2.0,2.0,5.0,171.47,5.0,2.0,2,4,3,9,Loyal Customers
54683,0,11.0,Mobile Phone,1,17.0,Debit Card,Male,4.0,2,Mobile Phone,1,Single,5,0,18.0,2.0,2.0,1.0,171.8,1.0,2.0,5,4,3,12,Loyal Customers
54684,0,24.0,Mobile Phone,1,35.0,Credit Card,Male,4.0,2,Mobile Phone,3,Married,3,1,12.0,1.0,4.0,9.0,157.21,9.0,4.0,1,5,3,9,Loyal Customers
54685,0,8.0,Mobile Phone,1,16.0,Credit Card,Female,3.0,5,Fashion,4,Single,3,0,15.0,5.0,8.0,,211.21,3.0,8.0,4,5,5,14,Champions
54686,1,1.0,Mobile Phone,3,10.0,Debit Card,Female,4.0,4,Laptop & Accessory,3,Single,11,0,15.0,2.0,3.0,1.0,170.77,1.0,3.0,5,4,3,12,Loyal Customers
54687,0,13.0,Mobile Phone,1,9.0,Cash on Delivery,Female,4.0,5,Laptop & Accessory,3,Single,3,0,12.0,2.0,12.0,11.0,170.53,11.0,12.0,1,5,3,9,Loyal Customers
54688,0,6.0,Mobile Phone,3,17.0,E wallet,Male,3.0,4,Laptop & Accessory,1,Single,3,0,13.0,2.0,2.0,9.0,178.96,9.0,2.0,1,4,4,9,Loyal Customers
54689,1,14.0,Computer,3,15.0,Cash on Delivery,Male,3.0,4,Laptop & Accessory,3,Married,5,1,15.0,1.0,2.0,4.0,192.96,4.0,2.0,3,4,4,11,Loyal Customers
54690,0,12.0,Mobile Phone,1,7.0,Debit Card,Female,3.0,2,Laptop & Accessory,1,Single,2,0,14.0,1.0,2.0,9.0,201.25,9.0,2.0,1,4,4,9,Loyal Customers
54691,0,1.0,Mobile Phone,1,7.0,Debit Card,Female,4.0,4,Fashion,5,Married,3,0,12.0,1.0,2.0,8.0,199.12,8.0,2.0,2,4,4,10,Loyal Customers
54692,0,6.0,Mobile Phone,1,10.0,Debit Card,Female,3.0,4,Fashion,1,Single,5,0,16.0,7.0,,8.0,236.59,8.0,2.0,2,4,5,11,Loyal Customers
54693,0,21.0,Mobile Phone,3,21.0,E wallet,Male,3.0,4,Laptop & Accessory,5,Single,4,0,13.0,2.0,2.0,8.0,174.6,8.0,2.0,2,4,4,10,Loyal Customers
54694,0,14.0,Computer,3,12.0,Debit Card,Male,3.0,5,Fashion,5,Married,7,1,22.0,1.0,2.0,,229.75,3.0,2.0,4,4,5,13,Champions
54695,0,27.0,Mobile Phone,1,14.0,Debit Card,Male,3.0,2,Grocery,3,Married,5,0,20.0,,2.0,4.0,273.14,4.0,2.0,3,4,5,12,Loyal Customers
54696,0,15.0,Mobile Phone,2,17.0,UPI,Male,4.0,5,Others,1,Married,5,0,,4.0,13.0,7.0,316.41,7.0,13.0,2,5,5,12,Loyal Customers
54697,0,31.0,Mobile Phone,3,23.0,E wallet,Male,3.0,4,Laptop & Accessory,5,Single,10,0,15.0,3.0,3.0,3.0,179.05,3.0,3.0,4,4,4,12,Champions
54698,0,1.0,Computer,1,17.0,Debit Card,Male,3.0,4,Fashion,5,Married,3,0,22.0,1.0,2.0,,212.93,3.0,2.0,4,4,5,13,Champions
54699,0,15.0,Mobile Phone,2,7.0,UPI,Male,3.0,5,Others,3,Married,3,0,,2.0,3.0,11.0,316.89,11.0,3.0,1,4,5,10,Loyal Customers
54700,0,24.0,Mobile Phone,3,15.0,E wallet,Male,3.0,4,Mobile Phone,4,Married,9,0,16.0,1.0,3.0,3.0,163.75,3.0,3.0,4,4,3,11,Loyal Customers
54701,1,1.0,Mobile Phone,1,7.0,Debit Card,Female,4.0,6,Mobile Phone,4,Single,9,1,14.0,2.0,4.0,8.0,147.16,8.0,4.0,2,5,2,9,At Risk
54702,0,10.0,Computer,1,15.0,Debit Card,Female,4.0,2,Fashion,5,Married,11,0,15.0,1.0,,6.0,242.13,6.0,2.0,2,4,5,11,Loyal Customers
54703,0,12.0,Mobile Phone,1,7.0,Debit Card,Female,3.0,4,Fashion,3,Single,6,1,15.0,1.0,2.0,1.0,203.61,1.0,2.0,5,4,4,13,Champions
54704,0,18.0,Computer,1,31.0,Credit Card,Male,3.0,6,Mobile Phone,3,Single,4,0,15.0,1.0,2.0,5.0,162.08,5.0,2.0,2,4,3,9,Loyal Customers
54705,0,21.0,Computer,3,10.0,Credit Card,Female,3.0,4,Grocery,3,Married,11,1,13.0,,12.0,14.0,262.7,14.0,12.0,1,5,5,11,Loyal Customers
54706,0,4.0,Mobile Phone,3,34.0,E wallet,Male,4.0,4,Laptop & Accessory,1,Married,9,0,24.0,3.0,8.0,8.0,178.04,8.0,8.0,2,5,4,11,Loyal Customers
54707,0,3.0,Mobile Phone,3,17.0,Debit Card,Male,4.0,4,Mobile Phone,3,Single,3,0,12.0,2.0,2.0,1.0,151.42,1.0,2.0,5,4,2,11,Potential Loyalists
54708,1,6.0,Computer,1,26.0,Credit Card,Male,3.0,2,Mobile Phone,3,Married,8,1,13.0,1.0,3.0,3.0,152.59,3.0,3.0,4,4,2,10,Potential Loyalists
54709,0,17.0,Computer,3,22.0,Debit Card,Male,3.0,5,Laptop & Accessory,1,Married,5,0,19.0,2.0,3.0,3.0,193.04,3.0,3.0,4,4,4,12,Champions
54710,0,8.0,Mobile Phone,1,15.0,Credit Card,Female,4.0,4,Laptop & Accessory,3,Single,5,0,12.0,1.0,5.0,4.0,186.42,4.0,5.0,3,5,4,12,Loyal Customers
54711,0,1.0,Mobile Phone,1,16.0,Credit Card,Male,3.0,4,Mobile Phone,5,Married,3,0,15.0,2.0,2.0,3.0,150.0,3.0,2.0,4,4,2,10,Potential Loyalists
54712,0,13.0,Mobile Phone,2,10.0,UPI,Female,3.0,2,Laptop & Accessory,4,Married,11,0,16.0,1.0,4.0,7.0,188.89,7.0,4.0,2,5,4,11,Loyal Customers
54713,0,30.0,Mobile Phone,1,16.0,Credit Card,Male,3.0,4,Grocery,1,Married,9,0,12.0,1.0,,2.0,236.03,2.0,2.0,5,4,5,14,Champions
54714,0,14.0,Mobile Phone,1,9.0,Credit Card,Female,3.0,5,Mobile Phone,1,Single,2,1,21.0,1.0,3.0,4.0,148.42,4.0,3.0,3,4,2,9,Potential Loyalists
54715,0,1.0,Mobile Phone,1,14.0,Credit Card,Female,3.0,5,Laptop & Accessory,5,Single,10,0,20.0,2.0,2.0,8.0,193.11,8.0,2.0,2,4,4,10,Loyal Customers
54716,0,3.0,Mobile Phone,3,17.0,E wallet,Male,3.0,4,Mobile Phone,4,Married,3,0,15.0,3.0,3.0,3.0,147.97,3.0,3.0,4,4,2,10,Potential Loyalists
54717,0,27.0,Mobile Phone,1,13.0,Debit Card,Male,3.0,4,Laptop & Accessory,1,Single,4,0,18.0,3.0,3.0,3.0,149.5,3.0,3.0,4,4,2,10,Potential Loyalists
54718,0,9.0,Computer,1,9.0,Debit Card,Female,4.0,4,Laptop & Accessory,5,Married,4,0,12.0,2.0,2.0,1.0,175.93,1.0,2.0,5,4,4,13,Champions
54719,0,6.0,Computer,1,31.0,Debit Card,Male,4.0,4,Laptop & Accessory,1,Married,3,0,16.0,2.0,5.0,8.0,178.09,8.0,5.0,2,5,4,11,Loyal Customers
54720,0,12.0,Mobile Phone,1,9.0,Credit Card,Male,4.0,4,Mobile Phone,3,Married,8,1,14.0,1.0,2.0,2.0,155.57,2.0,2.0,5,4,3,12,Loyal Customers
54721,0,8.0,Mobile Phone,1,15.0,Debit Card,Female,3.0,4,Laptop & Accessory,5,Married,5,0,15.0,2.0,2.0,1.0,176.21,1.0,2.0,5,4,4,13,Champions
54722,0,26.0,Mobile Phone,3,10.0,E wallet,Male,3.0,5,Grocery,5,Married,3,0,,2.0,2.0,17.0,293.56,17.0,2.0,1,4,5,10,Loyal Customers
54723,1,1.0,Mobile Phone,1,7.0,UPI,Male,4.0,4,Mobile Phone,1,Single,3,1,14.0,7.0,8.0,9.0,151.86,9.0,8.0,1,5,2,8,At Risk
54724,0,1.0,Mobile Phone,3,33.0,Credit Card,Female,3.0,4,Laptop & Accessory,1,Single,3,0,24.0,1.0,2.0,5.0,186.8,5.0,2.0,2,4,4,10,Loyal Customers
54725,0,19.0,Mobile Phone,3,9.0,Cash on Delivery,Male,3.0,6,Laptop & Accessory,3,Single,2,0,14.0,2.0,4.0,2.0,191.32,2.0,4.0,5,5,4,14,Champions
54726,0,1.0,Mobile Phone,1,17.0,Credit Card,Male,4.0,2,Mobile Phone,3,Single,3,0,19.0,1.0,2.0,3.0,160.05,3.0,2.0,4,4,3,11,Loyal Customers
54727,1,11.0,Computer,3,34.0,Debit Card,Female,4.0,2,Laptop & Accessory,3,Single,6,1,13.0,1.0,2.0,4.0,188.97,4.0,2.0,3,4,4,11,Loyal Customers
54728,0,8.0,Mobile Phone,3,9.0,UPI,Male,3.0,4,Laptop & Accessory,1,Single,3,0,23.0,1.0,2.0,5.0,187.74,5.0,2.0,2,4,4,10,Loyal Customers
54729,1,19.0,Mobile Phone,1,9.0,Credit Card,Male,4.0,4,Others,5,Married,7,1,14.0,2.0,2.0,5.0,323.59,5.0,2.0,2,4,5,11,Loyal Customers
54730,0,10.0,Computer,3,15.0,Debit Card,Male,4.0,5,Fashion,5,Single,3,0,16.0,1.0,2.0,10.0,200.87,10.0,2.0,1,4,4,9,Loyal Customers
54731,0,26.0,Computer,1,26.0,Credit Card,Male,3.0,4,Mobile Phone,1,Married,2,0,19.0,2.0,2.0,3.0,167.58,3.0,2.0,4,4,3,11,Loyal Customers
54732,0,1.0,Computer,1,7.0,Debit Card,Female,4.0,6,Mobile Phone,1,Married,5,0,15.0,3.0,3.0,1.0,168.64,1.0,3.0,5,4,3,12,Loyal Customers
54733,0,3.0,Mobile Phone,1,34.0,Credit Card,Female,4.0,4,Laptop & Accessory,3,Married,6,0,13.0,1.0,2.0,2.0,168.35,2.0,2.0,5,4,3,12,Loyal Customers
54734,1,1.0,Mobile Phone,3,15.0,Cash on Delivery,Male,3.0,5,Laptop & Accessory,5,Single,8,0,18.0,1.0,2.0,3.0,178.26,3.0,2.0,4,4,4,12,Champions
54735,0,8.0,Mobile Phone,1,7.0,Debit Card,Female,4.0,2,Mobile Phone,1,Single,4,0,17.0,2.0,2.0,4.0,157.8,4.0,2.0,3,4,3,10,Loyal Customers
54736,0,28.0,Mobile Phone,1,26.0,Credit Card,Female,4.0,4,Laptop & Accessory,5,Married,11,1,12.0,1.0,2.0,5.0,179.85,5.0,2.0,2,4,4,10,Loyal Customers
54737,0,1.0,Computer,3,15.0,E wallet,Male,3.0,4,Laptop & Accessory,1,Married,2,0,20.0,2.0,2.0,2.0,168.42,2.0,2.0,5,4,3,12,Loyal Customers
54738,0,11.0,Mobile Phone,1,17.0,Debit Card,Female,3.0,4,Mobile Phone,5,Married,2,1,14.0,5.0,5.0,4.0,152.82,4.0,5.0,3,5,2,10,Potential Loyalists
54739,0,12.0,Computer,1,9.0,Debit Card,Female,4.0,2,Laptop & Accessory,5,Single,8,1,13.0,1.0,5.0,13.0,184.8,13.0,5.0,1,5,4,10,Loyal Customers
54740,0,8.0,Mobile Phone,1,9.0,Credit Card,Female,3.0,5,Mobile Phone,5,Single,3,0,12.0,2.0,2.0,4.0,168.81,4.0,2.0,3,4,3,10,Loyal Customers
54741,0,9.0,Mobile Phone,3,15.0,Debit Card,Female,4.0,4,Mobile Phone,1,Married,3,0,17.0,2.0,2.0,3.0,150.72,3.0,2.0,4,4,2,10,Potential Loyalists
54742,0,4.0,Mobile Phone,1,7.0,Debit Card,Male,3.0,6,Mobile Phone,3,Married,5,0,22.0,2.0,2.0,3.0,163.33,3.0,2.0,4,4,3,11,Loyal Customers
54743,0,14.0,Computer,1,9.0,Credit Card,Female,3.0,2,Laptop & Accessory,4,Married,3,0,25.0,1.0,4.0,8.0,167.44,8.0,4.0,2,5,3,10,Loyal Customers
54744,0,8.0,Mobile Phone,3,15.0,Debit Card,Female,4.0,4,Laptop & Accessory,5,Married,7,0,18.0,2.0,2.0,3.0,190.0,3.0,2.0,4,4,4,12,Champions
54745,0,16.0,Computer,1,15.0,Debit Card,Male,4.0,4,Others,1,Married,3,0,,6.0,15.0,10.0,309.3,10.0,15.0,1,5,5,11,Loyal Customers
54746,1,1.0,Mobile Phone,1,13.0,Debit Card,Male,4.0,2,Mobile Phone,5,Married,3,1,22.0,1.0,2.0,1.0,141.01,1.0,2.0,5,4,2,11,Potential Loyalists
54747,0,1.0,Computer,1,16.0,Debit Card,Male,3.0,5,Mobile Phone,4,Married,3,0,12.0,1.0,2.0,1.0,151.94,1.0,2.0,5,4,2,11,Potential Loyalists
54748,0,26.0,Mobile Phone,1,18.0,Debit Card,Female,3.0,4,Laptop & Accessory,3,Married,10,0,21.0,2.0,2.0,5.0,156.49,5.0,2.0,2,4,3,9,Loyal Customers
54749,0,24.0,Mobile Phone,1,9.0,Credit Card,Male,4.0,4,Grocery,3,Married,7,0,,1.0,2.0,4.0,301.39,4.0,2.0,3,4,5,12,Loyal Customers
54750,1,1.0,Mobile Phone,1,7.0,Debit Card,Female,3.0,5,Mobile Phone,5,Married,3,1,12.0,1.0,2.0,1.0,148.19,1.0,2.0,5,4,2,11,Potential Loyalists
54751,0,7.0,Mobile Phone,1,14.0,Credit Card,Male,3.0,4,Fashion,3,Married,2,0,12.0,2.0,,8.0,241.91000000000005,8.0,2.0,2,4,5,11,Loyal Customers
54752,1,1.0,Mobile Phone,3,23.0,E wallet,Female,4.0,4,Laptop & Accessory,5,Single,7,0,16.0,2.0,2.0,3.0,178.24,3.0,2.0,4,4,4,12,Champions
54753,0,21.0,Mobile Phone,1,9.0,UPI,Female,3.0,4,Grocery,1,Married,3,1,,4.0,4.0,1.0,292.52,1.0,4.0,5,5,5,15,Champions
54754,0,10.0,Mobile Phone,1,7.0,UPI,Female,3.0,4,Laptop & Accessory,4,Married,2,0,16.0,2.0,2.0,6.0,177.28,6.0,2.0,2,4,4,10,Loyal Customers
54755,0,3.0,Mobile Phone,1,30.0,Debit Card,Male,3.0,2,Mobile Phone,3,Married,3,0,25.0,2.0,2.0,8.0,152.0,8.0,2.0,2,4,2,8,At Risk
54756,1,21.0,Mobile Phone,1,9.0,Debit Card,Male,3.0,4,Others,4,Single,9,1,,8.0,14.0,9.0,317.46,9.0,14.0,1,5,5,11,Loyal Customers
54757,0,9.0,Mobile Phone,1,7.0,Debit Card,Female,3.0,2,Mobile Phone,3,Single,5,0,14.0,3.0,3.0,3.0,150.06,3.0,3.0,4,4,2,10,Potential Loyalists
54758,0,16.0,Mobile Phone,1,7.0,Debit Card,Female,3.0,5,Laptop & Accessory,1,Married,11,1,14.0,1.0,2.0,3.0,185.62,3.0,2.0,4,4,4,12,Champions
54759,1,1.0,Mobile Phone,1,9.0,Credit Card,Male,3.0,4,Mobile Phone,3,Single,8,0,18.0,3.0,3.0,2.0,168.82,2.0,3.0,5,4,3,12,Loyal Customers
54760,0,10.0,Mobile Phone,2,20.0,UPI,Male,3.0,4,Mobile Phone,4,Married,6,0,14.0,2.0,2.0,5.0,146.43,5.0,2.0,2,4,2,8,At Risk
54761,0,6.0,Mobile Phone,1,11.0,Debit Card,Female,4.0,5,Laptop & Accessory,3,Married,3,0,13.0,6.0,7.0,9.0,186.62,9.0,7.0,1,5,4,10,Loyal Customers
54762,0,14.0,Computer,1,23.0,Credit Card,Male,3.0,5,Laptop & Accessory,3,Single,8,0,15.0,1.0,2.0,1.0,175.94,1.0,2.0,5,4,4,13,Champions
54763,0,4.0,Mobile Phone,1,9.0,Credit Card,Female,3.0,5,Laptop & Accessory,1,Single,7,1,25.0,2.0,2.0,1.0,193.77,1.0,2.0,5,4,4,13,Champions
54764,0,19.0,Mobile Phone,1,9.0,Debit Card,Female,4.0,5,Mobile Phone,3,Single,3,0,15.0,2.0,2.0,1.0,147.74,1.0,2.0,5,4,2,11,Potential Loyalists
54765,0,16.0,Mobile Phone,1,36.0,Debit Card,Male,4.0,4,Laptop & Accessory,4,Married,3,0,14.0,6.0,8.0,9.0,169.34,9.0,8.0,1,5,3,9,Loyal Customers
54766,0,12.0,Computer,1,19.0,Debit Card,Male,1.0,5,Laptop & Accessory,5,Married,4,0,16.0,2.0,2.0,3.0,187.88,3.0,2.0,4,4,4,12,Champions
54767,0,8.0,Computer,1,23.0,Debit Card,Female,4.0,5,Mobile Phone,1,Single,3,0,17.0,2.0,2.0,4.0,150.53,4.0,2.0,3,4,2,9,Potential Loyalists
54768,1,13.0,Mobile Phone,3,18.0,E wallet,Female,3.0,4,Fashion,1,Married,3,0,19.0,1.0,8.0,8.0,201.54,8.0,8.0,2,5,4,11,Loyal Customers
54769,1,19.0,Mobile Phone,3,9.0,Credit Card,Male,3.0,4,Laptop & Accessory,1,Single,6,0,17.0,2.0,8.0,4.0,176.6,4.0,8.0,3,5,4,12,Loyal Customers
54770,0,17.0,Mobile Phone,1,21.0,Debit Card,Male,4.0,4,Grocery,5,Married,8,0,,2.0,2.0,1.0,296.59,1.0,2.0,5,4,5,14,Champions
54771,0,1.0,Mobile Phone,1,12.0,Cash on Delivery,Male,3.0,5,Fashion,1,Married,3,1,17.0,2.0,,9.0,253.08,9.0,2.0,1,4,5,10,Loyal Customers
54772,0,9.0,Mobile Phone,1,14.0,UPI,Male,3.0,4,Fashion,3,Single,5,0,22.0,1.0,2.0,,227.21,3.0,2.0,4,4,5,13,Champions
54773,0,2.0,Mobile Phone,3,9.0,E wallet,Female,3.0,4,Laptop & Accessory,4,Married,3,1,21.0,7.0,8.0,6.0,172.79,6.0,8.0,2,5,3,10,Loyal Customers
54774,0,8.0,Mobile Phone,2,10.0,UPI,Male,3.0,4,Mobile Phone,1,Married,2,0,20.0,2.0,2.0,3.0,162.37,3.0,2.0,4,4,3,11,Loyal Customers
54775,1,1.0,Computer,1,12.0,Credit Card,Female,3.0,5,Mobile Phone,3,Married,3,1,15.0,1.0,2.0,8.0,148.66,8.0,2.0,2,4,2,8,At Risk
54776,0,1.0,Computer,1,10.0,Credit Card,Male,3.0,4,Mobile Phone,1,Married,3,0,12.0,1.0,2.0,1.0,142.06,1.0,2.0,5,4,2,11,Potential Loyalists
54777,0,25.0,Mobile Phone,3,33.0,E wallet,Female,4.0,4,Grocery,3,Married,4,0,15.0,,5.0,18.0,288.07,18.0,5.0,1,5,5,11,Loyal Customers
54778,0,18.0,Mobile Phone,1,11.0,Credit Card,Male,3.0,4,Laptop & Accessory,4,Single,11,0,13.0,2.0,3.0,4.0,184.33,4.0,3.0,3,4,4,11,Loyal Customers
54779,0,1.0,Mobile Phone,1,9.0,Credit Card,Male,4.0,2,Mobile Phone,5,Single,9,0,14.0,1.0,2.0,2.0,159.24,2.0,2.0,5,4,3,12,Loyal Customers
54780,0,7.0,Mobile Phone,3,7.0,Credit Card,Male,3.0,2,Laptop & Accessory,5,Married,3,0,23.0,1.0,2.0,9.0,165.37,9.0,2.0,1,4,3,8,Loyal Customers
54781,0,9.0,Mobile Phone,1,34.0,Credit Card,Female,3.0,5,Mobile Phone,5,Single,3,0,12.0,1.0,2.0,2.0,150.59,2.0,2.0,5,4,2,11,Potential Loyalists
54782,0,10.0,Mobile Phone,3,7.0,Debit Card,Male,3.0,4,Laptop & Accessory,1,Married,3,1,15.0,4.0,5.0,12.0,187.01,12.0,5.0,1,5,4,10,Loyal Customers
54783,0,6.0,Mobile Phone,3,20.0,Debit Card,Male,4.0,4,Laptop & Accessory,1,Married,4,0,12.0,1.0,2.0,4.0,169.03,4.0,2.0,3,4,3,10,Loyal Customers
54784,0,4.0,Computer,1,12.0,Debit Card,Male,4.0,5,Mobile Phone,1,Married,11,0,13.0,1.0,2.0,4.0,162.61,4.0,2.0,3,4,3,10,Loyal Customers
54785,0,27.0,Mobile Phone,3,14.0,E wallet,Female,4.0,5,Fashion,1,Married,9,1,19.0,1.0,,5.0,234.34,5.0,2.0,2,4,5,11,Loyal Customers
54786,0,19.0,Mobile Phone,3,16.0,E wallet,Male,4.0,4,Fashion,5,Married,6,1,13.0,1.0,,3.0,232.61,3.0,2.0,4,4,5,13,Champions
54787,0,6.0,Mobile Phone,1,15.0,Credit Card,Female,4.0,2,Laptop & Accessory,3,Married,7,0,13.0,2.0,2.0,4.0,176.75,4.0,2.0,3,4,4,11,Loyal Customers
54788,0,26.0,Computer,1,32.0,Credit Card,Female,3.0,5,Grocery,1,Married,5,0,23.0,,2.0,1.0,263.26,1.0,2.0,5,4,5,14,Champions
54789,0,11.0,Mobile Phone,3,23.0,E wallet,Male,4.0,5,Laptop & Accessory,3,Married,6,0,20.0,2.0,2.0,1.0,188.34,1.0,2.0,5,4,4,13,Champions
54790,0,2.0,Mobile Phone,2,15.0,Credit Card,Male,4.0,5,Mobile Phone,1,Married,3,0,14.0,2.0,2.0,5.0,174.36,5.0,2.0,2,4,4,10,Loyal Customers
54791,0,1.0,Mobile Phone,1,7.0,Debit Card,Male,3.0,5,Laptop & Accessory,1,Married,8,0,23.0,3.0,3.0,3.0,172.75,3.0,3.0,4,4,3,11,Loyal Customers
54792,0,18.0,Mobile Phone,1,15.0,Debit Card,Male,4.0,2,Mobile Phone,1,Married,4,1,25.0,2.0,2.0,3.0,153.18,3.0,2.0,4,4,2,10,Potential Loyalists
54793,0,16.0,Computer,1,9.0,Credit Card,Male,3.0,4,Mobile Phone,1,Single,7,1,15.0,2.0,3.0,3.0,150.15,3.0,3.0,4,4,2,10,Potential Loyalists
54794,0,10.0,Mobile Phone,2,15.0,Debit Card,Male,4.0,5,Mobile Phone,5,Married,2,0,22.0,1.0,2.0,4.0,148.42,4.0,2.0,3,4,2,9,Potential Loyalists
54795,0,1.0,Mobile Phone,3,10.0,UPI,Male,4.0,4,Laptop & Accessory,5,Married,3,1,19.0,1.0,2.0,4.0,166.94,4.0,2.0,3,4,3,10,Loyal Customers
54796,0,9.0,Mobile Phone,1,16.0,Debit Card,Female,4.0,5,Fashion,3,Married,3,1,21.0,4.0,,16.0,231.85,16.0,2.0,1,4,5,10,Loyal Customers
54797,1,1.0,Computer,1,32.0,Debit Card,Female,4.0,4,Mobile Phone,4,Married,3,1,20.0,7.0,8.0,9.0,145.22,9.0,8.0,1,5,2,8,At Risk
54798,0,6.0,Computer,1,7.0,Debit Card,Male,4.0,4,Mobile Phone,1,Married,2,0,13.0,2.0,2.0,3.0,148.14,3.0,2.0,4,4,2,10,Potential Loyalists
54799,0,1.0,Mobile Phone,3,11.0,E wallet,Male,3.0,5,Laptop & Accessory,5,Married,3,0,13.0,2.0,2.0,4.0,167.56,4.0,2.0,3,4,3,10,Loyal Customers
54800,0,23.0,Mobile Phone,1,7.0,Cash on Delivery,Female,3.0,4,Mobile Phone,5,Married,4,0,17.0,1.0,2.0,3.0,160.8,3.0,2.0,4,4,3,11,Loyal Customers
54801,0,1.0,Computer,1,11.0,Debit Card,Male,3.0,5,Mobile Phone,1,Married,2,0,18.0,1.0,4.0,5.0,156.62,5.0,4.0,2,5,3,10,Loyal Customers
54802,0,6.0,Computer,3,12.0,Debit Card,Male,3.0,4,Laptop & Accessory,4,Married,3,0,15.0,3.0,6.0,4.0,190.24,4.0,6.0,3,5,4,12,Loyal Customers
54803,0,12.0,Mobile Phone,3,16.0,E wallet,Male,4.0,5,Mobile Phone,4,Married,2,0,20.0,1.0,2.0,3.0,153.99,3.0,2.0,4,4,3,11,Loyal Customers
54804,0,16.0,Mobile Phone,1,10.0,Debit Card,Female,4.0,2,Laptop & Accessory,1,Married,4,1,14.0,2.0,2.0,4.0,177.31,4.0,2.0,3,4,4,11,Loyal Customers
54805,0,5.0,Mobile Phone,1,18.0,Debit Card,Male,3.0,4,Mobile Phone,1,Married,5,1,20.0,1.0,2.0,3.0,148.56,3.0,2.0,4,4,2,10,Potential Loyalists
54806,1,1.0,Mobile Phone,3,7.0,Credit Card,Female,3.0,5,Mobile Phone,3,Married,8,1,20.0,2.0,2.0,3.0,153.0,3.0,2.0,4,4,2,10,Potential Loyalists
54807,0,27.0,Mobile Phone,3,15.0,E wallet,Male,4.0,4,Grocery,1,Married,7,0,15.0,3.0,,3.0,243.36,3.0,2.0,4,4,5,13,Champions
54808,0,9.0,Mobile Phone,1,32.0,Cash on Delivery,Male,4.0,5,Fashion,4,Married,5,0,17.0,3.0,,9.0,234.03,9.0,2.0,1,4,5,10,Loyal Customers
54809,0,11.0,Computer,3,28.0,Credit Card,Female,3.0,4,Mobile Phone,1,Married,7,0,16.0,2.0,2.0,1.0,154.73,1.0,2.0,5,4,3,12,Loyal Customers
54810,0,27.0,Mobile Phone,1,30.0,Debit Card,Female,4.0,4,Grocery,1,Single,8,0,19.0,,4.0,9.0,267.75,9.0,4.0,1,5,5,11,Loyal Customers
54811,0,17.0,Computer,1,7.0,Debit Card,Female,3.0,4,Laptop & Accessory,1,Married,6,0,14.0,2.0,3.0,3.0,180.62,3.0,3.0,4,4,4,12,Champions
54812,0,21.0,Mobile Phone,3,9.0,E wallet,Female,3.0,4,Laptop & Accessory,1,Married,2,1,23.0,4.0,8.0,8.0,170.37,8.0,8.0,2,5,3,10,Loyal Customers
54813,0,11.0,Computer,3,26.0,Credit Card,Male,3.0,4,Fashion,4,Single,3,1,14.0,1.0,2.0,10.0,201.42,10.0,2.0,1,4,4,9,Loyal Customers
54814,0,24.0,Computer,1,9.0,Debit Card,Male,4.0,4,Grocery,5,Married,3,0,,14.0,15.0,8.0,304.24,8.0,15.0,2,5,5,12,Loyal Customers
54815,0,13.0,Mobile Phone,2,9.0,Debit Card,Female,3.0,5,Laptop & Accessory,1,Married,10,0,12.0,2.0,2.0,5.0,177.04,5.0,2.0,2,4,4,10,Loyal Customers
54816,0,7.0,Mobile Phone,2,10.0,UPI,Male,3.0,4,Mobile Phone,4,Married,5,1,12.0,1.0,2.0,4.0,147.77,4.0,2.0,3,4,2,9,Potential Loyalists
54817,1,1.0,Mobile Phone,1,32.0,Debit Card,Male,3.0,4,Mobile Phone,1,Single,3,1,25.0,1.0,2.0,2.0,152.95,2.0,2.0,5,4,2,11,Potential Loyalists
54818,0,3.0,Mobile Phone,1,14.0,Credit Card,Female,4.0,5,Mobile Phone,1,Married,8,0,15.0,2.0,2.0,4.0,150.32,4.0,2.0,3,4,2,9,Potential Loyalists
54819,0,18.0,Mobile Phone,1,16.0,Debit Card,Male,4.0,4,Mobile Phone,5,Married,3,1,14.0,6.0,8.0,2.0,150.59,2.0,8.0,5,5,2,12,Potential Loyalists
54820,0,2.0,Mobile Phone,3,12.0,Credit Card,Male,4.0,4,Laptop & Accessory,1,Single,3,0,15.0,1.0,2.0,3.0,174.08,3.0,2.0,4,4,4,12,Champions
54821,1,21.0,Computer,1,9.0,Debit Card,Male,3.0,5,Mobile Phone,1,Married,11,1,15.0,2.0,2.0,1.0,148.8,1.0,2.0,5,4,2,11,Potential Loyalists
54822,0,17.0,Mobile Phone,1,15.0,Debit Card,Female,3.0,4,Laptop & Accessory,4,Married,6,0,22.0,2.0,2.0,1.0,172.65,1.0,2.0,5,4,3,12,Loyal Customers
54823,1,1.0,Mobile Phone,3,9.0,Credit Card,Female,3.0,5,Mobile Phone,3,Single,3,0,14.0,2.0,2.0,3.0,145.44,3.0,2.0,4,4,2,10,Potential Loyalists
54824,1,1.0,Mobile Phone,1,25.0,UPI,Female,4.0,4,Mobile Phone,1,Single,3,0,20.0,2.0,2.0,1.0,151.93,1.0,2.0,5,4,2,11,Potential Loyalists
54825,0,10.0,Mobile Phone,1,21.0,Debit Card,Male,4.0,4,Laptop & Accessory,1,Married,2,1,18.0,3.0,5.0,12.0,190.86,12.0,5.0,1,5,4,10,Loyal Customers
54826,0,21.0,Mobile Phone,3,9.0,Debit Card,Female,4.0,5,Mobile Phone,1,Single,3,1,19.0,1.0,2.0,3.0,157.94,3.0,2.0,4,4,3,11,Loyal Customers
54827,1,1.0,Mobile Phone,1,10.0,Debit Card,Female,3.0,4,Laptop & Accessory,3,Married,2,1,20.0,2.0,2.0,3.0,166.71,3.0,2.0,4,4,3,11,Loyal Customers
54828,1,5.0,Mobile Phone,1,9.0,Debit Card,Female,3.0,6,Mobile Phone,1,Married,6,1,14.0,1.0,2.0,1.0,152.78,1.0,2.0,5,4,2,11,Potential Loyalists
54829,0,2.0,Mobile Phone,1,16.0,Credit Card,Female,4.0,4,Mobile Phone,3,Married,7,0,19.0,1.0,3.0,3.0,148.77,3.0,3.0,4,4,2,10,Potential Loyalists
54830,1,3.0,Mobile Phone,1,13.0,Credit Card,Male,4.0,4,Mobile Phone,5,Married,9,1,22.0,2.0,3.0,3.0,149.04,3.0,3.0,4,4,2,10,Potential Loyalists
54831,0,1.0,Mobile Phone,1,11.0,Debit Card,Female,4.0,4,Mobile Phone,3,Single,3,0,20.0,1.0,2.0,1.0,148.18,1.0,2.0,5,4,2,11,Potential Loyalists
54832,0,8.0,Mobile Phone,1,17.0,Debit Card,Male,3.0,4,Mobile Phone,4,Married,3,0,15.0,2.0,2.0,1.0,145.08,1.0,2.0,5,4,2,11,Potential Loyalists
54833,0,16.0,Mobile Phone,3,21.0,Credit Card,Female,4.0,5,Laptop & Accessory,3,Single,9,0,18.0,2.0,2.0,4.0,187.44,4.0,2.0,3,4,4,11,Loyal Customers
54834,0,7.0,Mobile Phone,1,7.0,UPI,Male,4.0,5,Mobile Phone,5,Single,5,1,12.0,2.0,2.0,3.0,152.99,3.0,2.0,4,4,2,10,Potential Loyalists
54835,0,31.0,Mobile Phone,1,12.0,Cash on Delivery,Female,3.0,5,Fashion,4,Married,4,1,14.0,2.0,2.0,,230.52,3.0,2.0,4,4,5,13,Champions
54836,0,5.0,Mobile Phone,3,14.0,Debit Card,Male,3.0,5,Mobile Phone,3,Married,5,0,16.0,3.0,6.0,3.0,148.29,3.0,6.0,4,5,2,11,Potential Loyalists
54837,0,9.0,Mobile Phone,1,28.0,Debit Card,Female,3.0,4,Laptop & Accessory,1,Married,3,1,26.0,1.0,2.0,8.0,165.14,8.0,2.0,2,4,3,9,Loyal Customers
54838,0,23.0,Mobile Phone,1,15.0,UPI,Female,3.0,4,Fashion,4,Married,6,0,12.0,1.0,2.0,8.0,199.03,8.0,2.0,2,4,4,10,Loyal Customers
54839,0,22.0,Mobile Phone,1,27.0,Credit Card,Male,3.0,4,Mobile Phone,3,Married,6,0,18.0,2.0,2.0,1.0,147.59,1.0,2.0,5,4,2,11,Potential Loyalists
54840,0,5.0,Computer,3,27.0,E wallet,Female,3.0,4,Laptop & Accessory,3,Married,3,0,14.0,2.0,2.0,1.0,194.32,1.0,2.0,5,4,4,13,Champions
54841,0,10.0,Mobile Phone,1,14.0,UPI,Male,4.0,4,Mobile Phone,1,Single,4,0,19.0,2.0,2.0,2.0,171.78,2.0,2.0,5,4,3,12,Loyal Customers
54842,0,12.0,Mobile Phone,1,7.0,Cash on Delivery,Female,4.0,4,Fashion,5,Married,3,0,14.0,5.0,6.0,12.0,260.82,12.0,6.0,1,5,5,11,Loyal Customers
54843,0,6.0,Computer,1,7.0,Debit Card,Female,4.0,5,Mobile Phone,4,Married,8,0,21.0,1.0,2.0,3.0,148.32,3.0,2.0,4,4,2,10,Potential Loyalists
54844,1,1.0,Mobile Phone,3,26.0,E wallet,Male,3.0,5,Mobile Phone,4,Married,3,1,19.0,1.0,2.0,1.0,149.13,1.0,2.0,5,4,2,11,Potential Loyalists
54845,0,14.0,Mobile Phone,3,17.0,E wallet,Male,4.0,5,Fashion,4,Married,4,0,13.0,1.0,2.0,,222.05,3.0,2.0,4,4,5,13,Champions
54846,0,1.0,Computer,3,7.0,Credit Card,Male,3.0,5,Laptop & Accessory,5,Single,3,0,13.0,1.0,2.0,8.0,167.94,8.0,2.0,2,4,3,9,Loyal Customers
54847,0,15.0,Mobile Phone,1,13.0,Credit Card,Male,3.0,4,Mobile Phone,5,Single,4,1,14.0,2.0,3.0,18.0,172.21,18.0,3.0,1,4,3,8,Loyal Customers
54848,0,10.0,Mobile Phone,1,9.0,Credit Card,Male,4.0,4,Mobile Phone,3,Single,6,0,22.0,2.0,4.0,10.0,150.19,10.0,4.0,1,5,2,8,At Risk
54849,1,1.0,Mobile Phone,3,28.0,UPI,Male,3.0,5,Mobile Phone,4,Single,3,1,14.0,2.0,2.0,1.0,146.21,1.0,2.0,5,4,2,11,Potential Loyalists
54850,1,1.0,Mobile Phone,1,11.0,Cash on Delivery,Male,3.0,4,Mobile Phone,5,Single,3,0,20.0,2.0,2.0,1.0,154.73,1.0,2.0,5,4,3,12,Loyal Customers
54851,0,5.0,Mobile Phone,1,19.0,Credit Card,Female,3.0,4,Laptop & Accessory,1,Married,2,1,12.0,7.0,9.0,6.0,183.55,6.0,9.0,2,5,4,11,Loyal Customers
54852,0,14.0,Computer,1,16.0,Credit Card,Male,3.0,4,Mobile Phone,4,Married,10,1,15.0,1.0,2.0,1.0,161.17,1.0,2.0,5,4,3,12,Loyal Customers
54853,0,6.0,Mobile Phone,1,10.0,Credit Card,Female,4.0,4,Laptop & Accessory,5,Married,3,0,13.0,2.0,7.0,4.0,192.25,4.0,7.0,3,5,4,12,Loyal Customers
54854,1,1.0,Mobile Phone,3,10.0,Debit Card,Male,3.0,5,Fashion,1,Married,3,1,12.0,4.0,4.0,,228.25,3.0,4.0,4,5,5,14,Champions
54855,0,7.0,Mobile Phone,1,7.0,Debit Card,Female,3.0,5,Laptop & Accessory,1,Single,2,0,15.0,2.0,2.0,5.0,194.49,5.0,2.0,2,4,4,10,Loyal Customers
54856,1,1.0,Mobile Phone,3,7.0,Debit Card,Male,3.0,5,Fashion,3,Married,7,0,12.0,6.0,12.0,,231.09,3.0,12.0,4,5,5,14,Champions
54857,0,19.0,Computer,1,11.0,Debit Card,Male,3.0,4,Laptop & Accessory,4,Married,3,0,13.0,2.0,2.0,9.0,169.47,9.0,2.0,1,4,3,8,Loyal Customers
54858,0,3.0,Computer,3,27.0,Cash on Delivery,Female,3.0,4,Mobile Phone,1,Married,3,0,16.0,1.0,2.0,3.0,146.57,3.0,2.0,4,4,2,10,Potential Loyalists
54859,0,9.0,Mobile Phone,3,25.0,Credit Card,Female,3.0,4,Laptop & Accessory,3,Married,3,0,17.0,2.0,2.0,1.0,171.01,1.0,2.0,5,4,3,12,Loyal Customers
54860,0,26.0,Mobile Phone,1,7.0,Debit Card,Male,4.0,4,Grocery,1,Married,4,0,,4.0,8.0,9.0,295.99,9.0,8.0,1,5,5,11,Loyal Customers
54861,1,21.0,Mobile Phone,1,9.0,Cash on Delivery,Male,3.0,4,Mobile Phone,3,Single,6,0,25.0,1.0,2.0,1.0,149.79,1.0,2.0,5,4,2,11,Potential Loyalists
54862,0,27.0,Mobile Phone,3,9.0,Credit Card,Male,3.0,4,Grocery,3,Married,8,0,14.0,,16.0,3.0,273.52,3.0,16.0,4,5,5,14,Champions
54863,0,4.0,Mobile Phone,3,15.0,UPI,Male,4.0,4,Fashion,3,Married,7,0,12.0,3.0,8.0,8.0,197.64,8.0,8.0,2,5,4,11,Loyal Customers
54864,0,12.0,Computer,3,17.0,Cash on Delivery,Female,3.0,4,Laptop & Accessory,1,Single,3,1,14.0,2.0,2.0,4.0,181.66,4.0,2.0,3,4,4,11,Loyal Customers
54865,0,9.0,Mobile Phone,3,10.0,Debit Card,Male,4.0,4,Fashion,1,Married,8,0,14.0,1.0,2.0,9.0,203.23,9.0,2.0,1,4,4,9,Loyal Customers
54866,0,13.0,Mobile Phone,3,9.0,Debit Card,Male,3.0,2,Fashion,3,Single,2,0,19.0,1.0,2.0,8.0,203.8,8.0,2.0,2,4,4,10,Loyal Customers
54867,1,4.0,Computer,3,31.0,Debit Card,Female,4.0,2,Grocery,4,Single,6,1,17.0,2.0,,1.0,256.94,1.0,2.0,5,4,5,14,Champions
54868,0,21.0,Computer,1,23.0,Credit Card,Male,4.0,2,Laptop & Accessory,3,Married,3,1,20.0,2.0,3.0,8.0,175.67,8.0,3.0,2,4,4,10,Loyal Customers
54869,0,10.0,Computer,3,15.0,Cash on Delivery,Male,3.0,4,Laptop & Accessory,1,Married,6,0,14.0,2.0,2.0,8.0,175.79,8.0,2.0,2,4,4,10,Loyal Customers
54870,1,1.0,Computer,1,16.0,Credit Card,Male,3.0,5,Mobile Phone,5,Single,2,1,23.0,1.0,2.0,3.0,148.21,3.0,2.0,4,4,2,10,Potential Loyalists
54871,0,7.0,Computer,3,24.0,Debit Card,Male,3.0,4,Grocery,3,Single,3,0,,6.0,7.0,1.0,299.44,1.0,7.0,5,5,5,15,Champions
54872,1,1.0,Mobile Phone,1,17.0,Debit Card,Female,4.0,5,Mobile Phone,5,Single,8,1,21.0,2.0,2.0,1.0,149.04,1.0,2.0,5,4,2,11,Potential Loyalists
54873,0,7.0,Mobile Phone,1,20.0,Debit Card,Female,3.0,4,Mobile Phone,1,Single,5,0,19.0,2.0,2.0,3.0,159.52,3.0,2.0,4,4,3,11,Loyal Customers
54874,0,19.0,Mobile Phone,1,7.0,Credit Card,Female,4.0,4,Mobile Phone,1,Married,5,0,15.0,2.0,2.0,3.0,147.7,3.0,2.0,4,4,2,10,Potential Loyalists
54875,0,24.0,Mobile Phone,1,7.0,Credit Card,Male,4.0,4,Grocery,1,Married,11,0,,1.0,2.0,4.0,298.99,4.0,2.0,3,4,5,12,Loyal Customers
54876,0,7.0,Computer,1,7.0,UPI,Female,3.0,2,Laptop & Accessory,4,Married,3,1,14.0,2.0,2.0,3.0,179.88,3.0,2.0,4,4,4,12,Champions
54877,0,15.0,Computer,1,16.0,Credit Card,Male,4.0,4,Others,3,Married,4,0,,1.0,2.0,12.0,319.19,12.0,2.0,1,4,5,10,Loyal Customers
54878,0,1.0,Mobile Phone,1,23.0,Cash on Delivery,Female,3.0,4,Mobile Phone,4,Married,11,0,15.0,3.0,3.0,3.0,153.11,3.0,3.0,4,4,2,10,Potential Loyalists
54879,0,19.0,Computer,1,30.0,Debit Card,Male,3.0,4,Laptop & Accessory,5,Married,3,1,16.0,2.0,2.0,9.0,161.33,9.0,2.0,1,4,3,8,Loyal Customers
54880,0,21.0,Mobile Phone,3,11.0,Debit Card,Female,3.0,4,Laptop & Accessory,1,Single,3,1,18.0,2.0,2.0,8.0,166.63,8.0,2.0,2,4,3,9,Loyal Customers
54881,1,1.0,Mobile Phone,1,29.0,Debit Card,Female,3.0,4,Mobile Phone,3,Married,6,1,12.0,1.0,2.0,2.0,146.32,2.0,2.0,5,4,2,11,Potential Loyalists
54882,0,24.0,Mobile Phone,1,31.0,Debit Card,Male,4.0,4,Grocery,3,Married,5,1,19.0,,2.0,6.0,264.73,6.0,2.0,2,4,5,11,Loyal Customers
54883,0,12.0,Computer,1,17.0,Credit Card,Male,4.0,4,Mobile Phone,3,Married,2,0,18.0,1.0,2.0,3.0,151.84,3.0,2.0,4,4,2,10,Potential Loyalists
54884,0,20.0,Mobile Phone,1,14.0,Credit Card,Male,4.0,4,Fashion,3,Married,8,0,14.0,2.0,,8.0,233.45,8.0,2.0,2,4,5,11,Loyal Customers
54885,0,1.0,Mobile Phone,1,24.0,Credit Card,Female,3.0,5,Laptop & Accessory,3,Married,3,0,16.0,1.0,4.0,3.0,168.77,3.0,4.0,4,5,3,12,Loyal Customers
54886,1,1.0,Mobile Phone,1,21.0,UPI,Male,3.0,5,Mobile Phone,4,Married,3,1,25.0,2.0,2.0,3.0,162.43,3.0,2.0,4,4,3,11,Loyal Customers
54887,0,5.0,Computer,1,7.0,Debit Card,Female,4.0,4,Laptop & Accessory,5,Married,3,0,13.0,2.0,2.0,4.0,166.48,4.0,2.0,3,4,3,10,Loyal Customers
54888,0,1.0,Computer,1,12.0,Debit Card,Male,4.0,4,Mobile Phone,1,Single,3,0,16.0,1.0,2.0,1.0,135.51,1.0,2.0,5,4,1,10,Potential Loyalists
54889,0,28.0,Mobile Phone,1,24.0,Cash on Delivery,Female,3.0,4,Fashion,3,Married,10,0,12.0,1.0,,9.0,232.39,9.0,2.0,1,4,5,10,Loyal Customers
54890,0,9.0,Mobile Phone,1,32.0,Credit Card,Female,3.0,4,Fashion,3,Married,3,1,12.0,1.0,11.0,,228.88,3.0,11.0,4,5,5,14,Champions
54891,0,4.0,Mobile Phone,1,15.0,Debit Card,Female,4.0,2,Fashion,5,Married,2,1,13.0,1.0,,8.0,239.16000000000005,8.0,2.0,2,4,5,11,Loyal Customers
54892,1,1.0,Mobile Phone,1,18.0,Credit Card,Female,4.0,5,Mobile Phone,5,Single,3,1,16.0,2.0,2.0,1.0,151.0,1.0,2.0,5,4,2,11,Potential Loyalists
54893,1,1.0,Computer,1,12.0,Credit Card,Female,3.0,4,Mobile Phone,4,Single,2,0,18.0,1.0,2.0,3.0,149.22,3.0,2.0,4,4,2,10,Potential Loyalists
54894,0,1.0,Mobile Phone,1,9.0,Credit Card,Male,3.0,2,Laptop & Accessory,1,Married,3,0,13.0,2.0,2.0,4.0,179.72,4.0,2.0,3,4,4,11,Loyal Customers
54895,0,1.0,Mobile Phone,1,15.0,Debit Card,Male,4.0,6,Mobile Phone,5,Married,3,0,16.0,1.0,2.0,2.0,149.51,2.0,2.0,5,4,2,11,Potential Loyalists
54896,0,22.0,Mobile Phone,1,13.0,Debit Card,Male,4.0,5,Laptop & Accessory,3,Single,4,0,14.0,1.0,3.0,3.0,167.4,3.0,3.0,4,4,3,11,Loyal Customers
54897,0,22.0,Mobile Phone,1,11.0,Debit Card,Male,4.0,5,Fashion,3,Single,9,0,15.0,2.0,,9.0,234.99,9.0,2.0,1,4,5,10,Loyal Customers
54898,0,15.0,Mobile Phone,1,14.0,Credit Card,Female,3.0,4,Laptop & Accessory,3,Single,8,0,15.0,3.0,3.0,2.0,175.03,2.0,3.0,5,4,4,13,Champions
54899,0,13.0,Mobile Phone,1,7.0,Debit Card,Female,4.0,5,Grocery,1,Married,3,0,17.0,10.0,,9.0,252.42,9.0,2.0,1,4,5,10,Loyal Customers
54900,0,1.0,Mobile Phone,1,9.0,Debit Card,Female,3.0,4,Laptop & Accessory,1,Married,2,0,19.0,3.0,3.0,3.0,167.27,3.0,3.0,4,4,3,11,Loyal Customers
54901,0,9.0,Mobile Phone,1,17.0,UPI,Male,3.0,4,Mobile Phone,1,Married,3,0,21.0,1.0,2.0,3.0,164.17,3.0,2.0,4,4,3,11,Loyal Customers
54902,0,1.0,Mobile Phone,3,12.0,E wallet,Male,3.0,4,Others,3,Married,8,0,,1.0,2.0,1.0,308.03,1.0,2.0,5,4,5,14,Champions
54903,0,24.0,Mobile Phone,1,16.0,Debit Card,Male,4.0,4,Mobile Phone,1,Married,6,0,19.0,2.0,2.0,1.0,148.8,1.0,2.0,5,4,2,11,Potential Loyalists
54904,0,31.0,Mobile Phone,1,9.0,Debit Card,Female,4.0,5,Grocery,1,Single,5,1,14.0,,5.0,4.0,262.26,4.0,5.0,3,5,5,13,Loyal Customers
54905,1,1.0,Mobile Phone,1,18.0,Credit Card,Female,4.0,6,Laptop & Accessory,4,Married,7,0,16.0,2.0,2.0,1.0,172.77,1.0,2.0,5,4,3,12,Loyal Customers
54906,0,29.0,Computer,1,25.0,Credit Card,Male,4.0,4,Laptop & Accessory,4,Married,5,1,15.0,3.0,7.0,8.0,188.85,8.0,7.0,2,5,4,11,Loyal Customers
54907,0,15.0,Computer,1,14.0,Debit Card,Female,3.0,6,Others,3,Married,3,0,23.0,6.0,6.0,11.0,324.73,11.0,6.0,1,5,5,11,Loyal Customers
54908,0,12.0,Mobile Phone,3,10.0,Debit Card,Male,3.0,4,Laptop & Accessory,1,Single,10,1,13.0,2.0,2.0,1.0,193.61,1.0,2.0,5,4,4,13,Champions
54909,1,1.0,Computer,3,36.0,Credit Card,Male,4.0,6,Laptop & Accessory,5,Single,10,0,19.0,2.0,3.0,3.0,174.69,3.0,3.0,4,4,4,12,Champions
54910,1,16.0,Mobile Phone,3,9.0,E wallet,Female,3.0,6,Others,1,Married,3,0,16.0,4.0,7.0,10.0,323.45,10.0,7.0,1,5,5,11,Loyal Customers
54911,0,18.0,Mobile Phone,3,35.0,Credit Card,Female,3.0,2,Grocery,1,Married,5,1,19.0,5.0,,12.0,258.2,12.0,2.0,1,4,5,10,Loyal Customers
54912,0,24.0,Computer,3,7.0,Debit Card,Female,4.0,4,Laptop & Accessory,3,Married,2,0,13.0,1.0,2.0,14.0,188.47,14.0,2.0,1,4,4,9,Loyal Customers
54913,1,1.0,Mobile Phone,1,23.0,Debit Card,Female,3.0,2,Mobile Phone,5,Single,3,0,17.0,4.0,16.0,15.0,152.43,15.0,16.0,1,5,2,8,At Risk
54914,0,13.0,Computer,1,29.0,Credit Card,Female,3.0,4,Fashion,5,Single,3,1,14.0,2.0,,9.0,233.8,9.0,2.0,1,4,5,10,Loyal Customers
54915,0,7.0,Computer,3,15.0,Debit Card,Female,3.0,5,Mobile Phone,1,Single,2,0,20.0,1.0,3.0,3.0,148.42,3.0,3.0,4,4,2,10,Potential Loyalists
54916,0,19.0,Mobile Phone,3,18.0,Debit Card,Female,3.0,4,Grocery,1,Married,5,0,,1.0,2.0,2.0,301.5,2.0,2.0,5,4,5,14,Champions
54917,0,6.0,Computer,1,36.0,Credit Card,Female,4.0,4,Mobile Phone,3,Single,11,0,13.0,7.0,8.0,8.0,165.25,8.0,8.0,2,5,3,10,Loyal Customers
54918,0,8.0,Mobile Phone,3,7.0,E wallet,Male,4.0,2,Laptop & Accessory,1,Married,2,0,12.0,1.0,2.0,,222.25,3.0,2.0,4,4,5,13,Champions
54919,0,31.0,Mobile Phone,3,7.0,Cash on Delivery,Male,4.0,4,Fashion,1,Married,5,1,15.0,2.0,,5.0,244.04,5.0,2.0,2,4,5,11,Loyal Customers
54920,0,19.0,Mobile Phone,2,31.0,Credit Card,Male,3.0,4,Mobile Phone,4,Single,3,0,17.0,1.0,2.0,5.0,146.77,5.0,2.0,2,4,2,8,At Risk
54921,0,27.0,Computer,3,9.0,E wallet,Female,3.0,5,Fashion,4,Married,4,0,13.0,6.0,7.0,13.0,200.25,13.0,7.0,1,5,4,10,Loyal Customers
54922,1,1.0,Mobile Phone,1,22.0,UPI,Male,3.0,4,Laptop & Accessory,3,Married,9,0,15.0,1.0,2.0,1.0,173.34,1.0,2.0,5,4,4,13,Champions
54923,1,1.0,Computer,1,9.0,Debit Card,Male,3.0,4,Mobile Phone,5,Married,8,1,15.0,1.0,2.0,3.0,145.42,3.0,2.0,4,4,2,10,Potential Loyalists
54924,0,8.0,Mobile Phone,3,17.0,Debit Card,Female,3.0,4,Mobile Phone,3,Married,3,1,20.0,1.0,2.0,1.0,147.2,1.0,2.0,5,4,2,11,Potential Loyalists
54925,0,2.0,Mobile Phone,3,17.0,Credit Card,Male,4.0,4,Mobile Phone,4,Married,3,0,23.0,1.0,2.0,1.0,135.52,1.0,2.0,5,4,1,10,Potential Loyalists
54926,0,12.0,Computer,1,10.0,UPI,Male,3.0,4,Mobile Phone,3,Married,5,0,17.0,3.0,3.0,3.0,153.21,3.0,3.0,4,4,2,10,Potential Loyalists
54927,0,24.0,Mobile Phone,1,9.0,Credit Card,Male,4.0,4,Others,3,Married,4,1,,5.0,8.0,8.0,317.37,8.0,8.0,2,5,5,12,Loyal Customers
54928,0,11.0,Mobile Phone,1,10.0,UPI,Female,3.0,4,Laptop & Accessory,4,Single,5,0,16.0,2.0,2.0,2.0,166.07,2.0,2.0,5,4,3,12,Loyal Customers
54929,0,14.0,Mobile Phone,3,33.0,E wallet,Male,4.0,4,Laptop & Accessory,5,Married,3,0,15.0,4.0,8.0,6.0,208.96,6.0,8.0,2,5,5,12,Loyal Customers
54930,0,1.0,Computer,1,7.0,Credit Card,Female,4.0,5,Mobile Phone,3,Married,3,0,14.0,1.0,2.0,4.0,145.07,4.0,2.0,3,4,2,9,Potential Loyalists
54931,0,20.0,Mobile Phone,1,7.0,Credit Card,Male,3.0,4,Others,1,Married,11,0,,2.0,3.0,3.0,321.27,3.0,3.0,4,4,5,13,Champions
54932,0,28.0,Mobile Phone,3,9.0,Debit Card,Female,3.0,5,Fashion,3,Married,8,0,12.0,7.0,,1.0,231.86,1.0,2.0,5,4,5,14,Champions
54933,0,30.0,Computer,1,16.0,Credit Card,Female,4.0,4,Mobile Phone,3,Married,4,0,20.0,2.0,2.0,4.0,154.42,4.0,2.0,3,4,3,10,Loyal Customers
54934,0,10.0,Mobile Phone,1,19.0,Credit Card,Female,3.0,5,Fashion,1,Single,2,0,12.0,6.0,8.0,,213.58,3.0,8.0,4,5,5,14,Champions
54935,0,29.0,Computer,1,9.0,Credit Card,Male,3.0,5,Grocery,5,Single,9,0,,3.0,7.0,3.0,292.56,3.0,7.0,4,5,5,14,Champions
54936,0,17.0,Mobile Phone,3,32.0,Credit Card,Male,4.0,5,Fashion,1,Married,7,0,14.0,2.0,,1.0,232.98,1.0,2.0,5,4,5,14,Champions
54937,1,1.0,Computer,3,16.0,E wallet,Female,3.0,4,Mobile Phone,1,Single,3,1,15.0,2.0,2.0,3.0,148.23,3.0,2.0,4,4,2,10,Potential Loyalists
54938,1,1.0,Mobile Phone,1,17.0,Debit Card,Female,3.0,5,Mobile Phone,5,Single,3,0,14.0,1.0,2.0,1.0,139.16,1.0,2.0,5,4,1,10,Potential Loyalists
54939,0,20.0,Mobile Phone,1,15.0,Debit Card,Female,4.0,5,Laptop & Accessory,5,Married,10,1,24.0,2.0,2.0,8.0,171.15,8.0,2.0,2,4,3,9,Loyal Customers
54940,1,15.0,Mobile Phone,1,11.0,Debit Card,Male,3.0,4,Mobile Phone,3,Married,11,1,13.0,1.0,3.0,8.0,149.61,8.0,3.0,2,4,2,8,At Risk
54941,1,1.0,Computer,1,31.0,Cash on Delivery,Male,4.0,5,Fashion,5,Single,3,0,13.0,2.0,2.0,,212.22,3.0,2.0,4,4,5,13,Champions
54942,0,1.0,Mobile Phone,1,7.0,Credit Card,Male,3.0,5,Mobile Phone,5,Married,3,0,17.0,2.0,2.0,4.0,164.55,4.0,2.0,3,4,3,10,Loyal Customers
54943,0,4.0,Mobile Phone,1,27.0,UPI,Male,3.0,4,Laptop & Accessory,5,Married,2,0,16.0,1.0,2.0,,224.57,3.0,2.0,4,4,5,13,Champions
54944,0,15.0,Mobile Phone,1,14.0,Cash on Delivery,Female,3.0,2,Mobile Phone,3,Married,3,0,14.0,1.0,2.0,9.0,158.76,9.0,2.0,1,4,3,8,Loyal Customers
54945,0,12.0,Mobile Phone,1,24.0,Debit Card,Female,4.0,5,Fashion,3,Married,2,0,19.0,2.0,2.0,,213.23,3.0,2.0,4,4,5,13,Champions
54946,0,14.0,Mobile Phone,1,27.0,Cash on Delivery,Male,4.0,4,Fashion,1,Married,6,0,21.0,4.0,12.0,,228.22,3.0,12.0,4,5,5,14,Champions
54947,0,1.0,Computer,1,15.0,Debit Card,Male,3.0,6,Mobile Phone,3,Married,3,0,20.0,2.0,2.0,3.0,171.21,3.0,2.0,4,4,3,11,Loyal Customers
54948,0,29.0,Computer,1,9.0,Debit Card,Male,4.0,4,Fashion,4,Married,5,0,19.0,1.0,,3.0,234.76,3.0,2.0,4,4,5,13,Champions
54949,0,2.0,Mobile Phone,1,17.0,UPI,Female,3.0,4,Laptop & Accessory,3,Single,5,0,14.0,1.0,2.0,8.0,161.6,8.0,2.0,2,4,3,9,Loyal Customers
54950,1,8.0,Mobile Phone,2,7.0,Credit Card,Male,4.0,5,Fashion,5,Married,11,0,15.0,3.0,4.0,,229.82,3.0,4.0,4,5,5,14,Champions
54951,0,7.0,Mobile Phone,1,12.0,Debit Card,Male,3.0,5,Fashion,1,Married,6,0,16.0,2.0,2.0,3.0,196.19,3.0,2.0,4,4,4,12,Champions
54952,1,1.0,Mobile Phone,3,11.0,Cash on Delivery,Male,3.0,4,Fashion,5,Single,2,1,23.0,3.0,5.0,,220.82,3.0,5.0,4,5,5,14,Champions
54953,1,1.0,Computer,1,36.0,Credit Card,Female,3.0,5,Laptop & Accessory,3,Single,3,0,23.0,3.0,4.0,9.0,170.08,9.0,4.0,1,5,3,9,Loyal Customers
54954,0,2.0,Mobile Phone,1,22.0,Debit Card,Male,3.0,4,Mobile Phone,3,Married,3,0,17.0,1.0,3.0,3.0,147.07,3.0,3.0,4,4,2,10,Potential Loyalists
54955,0,8.0,Computer,1,10.0,Debit Card,Male,3.0,4,Laptop & Accessory,1,Single,2,0,18.0,2.0,2.0,5.0,202.56,5.0,2.0,2,4,4,10,Loyal Customers
54956,0,11.0,Mobile Phone,3,17.0,Debit Card,Female,3.0,5,Laptop & Accessory,1,Married,4,1,15.0,2.0,2.0,1.0,191.94,1.0,2.0,5,4,4,13,Champions
54957,1,1.0,Mobile Phone,1,11.0,Cash on Delivery,Male,3.0,4,Mobile Phone,1,Married,3,1,16.0,5.0,6.0,7.0,161.91,7.0,6.0,2,5,3,10,Loyal Customers
54958,1,1.0,Mobile Phone,1,28.0,Credit Card,Male,3.0,4,Mobile Phone,3,Married,3,0,21.0,2.0,2.0,1.0,148.77,1.0,2.0,5,4,2,11,Potential Loyalists
54959,1,1.0,Mobile Phone,1,32.0,Credit Card,Male,3.0,5,Mobile Phone,4,Single,6,1,21.0,2.0,3.0,3.0,148.13,3.0,3.0,4,4,2,10,Potential Loyalists
54960,0,16.0,Mobile Phone,1,9.0,Credit Card,Male,3.0,4,Grocery,5,Married,2,0,,6.0,14.0,8.0,301.65,8.0,14.0,2,5,5,12,Loyal Customers
54961,1,1.0,Computer,1,7.0,Credit Card,Male,3.0,5,Mobile Phone,4,Married,3,0,16.0,2.0,2.0,1.0,150.96,1.0,2.0,5,4,2,11,Potential Loyalists
54962,1,14.0,Computer,3,7.0,UPI,Male,3.0,4,Laptop & Accessory,3,Single,5,1,15.0,2.0,2.0,1.0,172.28,1.0,2.0,5,4,3,12,Loyal Customers
54963,0,7.0,Computer,3,14.0,Debit Card,Female,2.0,4,Laptop & Accessory,4,Married,2,0,18.0,1.0,2.0,3.0,168.02,3.0,2.0,4,4,3,11,Loyal Customers
54964,0,8.0,Computer,1,10.0,Debit Card,Male,3.0,5,Mobile Phone,1,Married,5,0,18.0,1.0,2.0,1.0,154.79,1.0,2.0,5,4,3,12,Loyal Customers
54965,0,22.0,Computer,1,7.0,Credit Card,Male,3.0,2,Grocery,1,Single,4,0,,1.0,3.0,2.0,293.85,2.0,3.0,5,4,5,14,Champions
54966,0,19.0,Computer,3,16.0,Debit Card,Female,4.0,5,Laptop & Accessory,3,Married,3,0,14.0,5.0,5.0,13.0,180.93,13.0,5.0,1,5,4,10,Loyal Customers
54967,0,26.0,Mobile Phone,1,6.0,Debit Card,Male,3.0,4,Fashion,4,Single,9,0,20.0,3.0,5.0,,229.45,3.0,5.0,4,5,5,14,Champions
54968,0,12.0,Mobile Phone,3,17.0,E wallet,Male,4.0,5,Fashion,3,Married,2,1,15.0,2.0,3.0,,212.4,3.0,3.0,4,4,5,13,Champions
54969,0,3.0,Mobile Phone,1,35.0,Debit Card,Female,4.0,4,Mobile Phone,1,Married,6,0,23.0,2.0,2.0,8.0,150.14,8.0,2.0,2,4,2,8,At Risk
54970,0,2.0,Mobile Phone,1,10.0,Credit Card,Female,4.0,4,Fashion,4,Married,2,0,18.0,1.0,2.0,8.0,201.55,8.0,2.0,2,4,4,10,Loyal Customers
54971,0,20.0,Mobile Phone,3,10.0,E wallet,Male,3.0,4,Grocery,3,Married,5,0,,5.0,5.0,10.0,299.65,10.0,5.0,1,5,5,11,Loyal Customers
54972,0,12.0,Mobile Phone,3,9.0,E wallet,Male,3.0,4,Fashion,4,Single,9,0,17.0,2.0,2.0,1.0,198.51,1.0,2.0,5,4,4,13,Champions
54973,0,17.0,Computer,1,34.0,Debit Card,Female,3.0,4,Fashion,5,Married,10,0,12.0,2.0,,2.0,233.2,2.0,2.0,5,4,5,14,Champions
54974,1,3.0,Computer,1,9.0,Debit Card,Male,3.0,4,Grocery,1,Married,9,0,12.0,11.0,,6.0,246.69,6.0,2.0,2,4,5,11,Loyal Customers
54975,0,14.0,Mobile Phone,1,21.0,Credit Card,Male,3.0,5,Others,3,Single,3,0,,4.0,5.0,10.0,321.26,10.0,5.0,1,5,5,11,Loyal Customers
54976,0,1.0,Mobile Phone,1,7.0,Cash on Delivery,Female,4.0,5,Mobile Phone,4,Single,3,1,12.0,2.0,3.0,3.0,145.7,3.0,3.0,4,4,2,10,Potential Loyalists
54977,0,13.0,Computer,1,16.0,Debit Card,Male,4.0,4,Laptop & Accessory,4,Single,11,0,16.0,2.0,2.0,4.0,192.82,4.0,2.0,3,4,4,11,Loyal Customers
54978,0,10.0,Computer,1,25.0,Debit Card,Male,4.0,4,Laptop & Accessory,1,Single,4,0,21.0,1.0,2.0,10.0,202.79,10.0,2.0,1,4,4,9,Loyal Customers
54979,0,5.0,Computer,3,27.0,Debit Card,Male,4.0,2,Mobile Phone,1,Married,2,0,13.0,3.0,3.0,3.0,152.91,3.0,3.0,4,4,2,10,Potential Loyalists
54980,0,2.0,Mobile Phone,1,9.0,Debit Card,Male,4.0,5,Mobile Phone,4,Married,2,0,18.0,1.0,2.0,5.0,157.01,5.0,2.0,2,4,3,9,Loyal Customers
54981,0,9.0,Computer,3,18.0,E wallet,Male,3.0,4,Laptop & Accessory,1,Married,3,0,12.0,2.0,2.0,3.0,174.68,3.0,2.0,4,4,4,12,Champions
54982,0,23.0,Mobile Phone,3,15.0,Cash on Delivery,Male,3.0,5,Grocery,4,Married,8,0,18.0,2.0,,4.0,256.2,4.0,2.0,3,4,5,12,Loyal Customers
54983,0,8.0,Computer,1,9.0,Debit Card,Male,4.0,4,Laptop & Accessory,3,Single,4,0,12.0,2.0,2.0,3.0,165.33,3.0,2.0,4,4,3,11,Loyal Customers
54984,0,3.0,Computer,1,17.0,Debit Card,Female,4.0,4,Mobile Phone,4,Married,2,0,15.0,1.0,2.0,2.0,157.91,2.0,2.0,5,4,3,12,Loyal Customers
54985,0,16.0,Mobile Phone,1,36.0,Credit Card,Male,3.0,6,Laptop & Accessory,1,Single,6,0,20.0,2.0,2.0,1.0,167.72,1.0,2.0,5,4,3,12,Loyal Customers
54986,0,3.0,Mobile Phone,1,15.0,Credit Card,Male,4.0,5,Laptop & Accessory,1,Married,3,1,16.0,2.0,2.0,3.0,175.56,3.0,2.0,4,4,4,12,Champions
54987,0,12.0,Mobile Phone,2,7.0,UPI,Male,3.0,2,Mobile Phone,3,Married,3,0,14.0,4.0,6.0,1.0,153.44,1.0,6.0,5,5,2,12,Potential Loyalists
54988,0,2.0,Computer,1,13.0,Debit Card,Male,3.0,5,Mobile Phone,3,Married,3,1,15.0,2.0,2.0,3.0,152.03,3.0,2.0,4,4,2,10,Potential Loyalists
54989,1,1.0,Computer,1,15.0,Credit Card,Male,4.0,4,Mobile Phone,3,Single,3,0,13.0,2.0,2.0,1.0,144.04,1.0,2.0,5,4,2,11,Potential Loyalists
54990,1,1.0,Mobile Phone,3,16.0,E wallet,Female,4.0,4,Laptop & Accessory,5,Single,5,1,18.0,1.0,2.0,4.0,207.24,4.0,2.0,3,4,4,11,Loyal Customers
54991,0,15.0,Mobile Phone,1,19.0,Debit Card,Male,3.0,4,Mobile Phone,1,Married,5,1,12.0,2.0,2.0,1.0,172.66,1.0,2.0,5,4,3,12,Loyal Customers
54992,1,1.0,Computer,1,22.0,Credit Card,Male,4.0,4,Mobile Phone,3,Married,3,0,13.0,2.0,3.0,3.0,151.1,3.0,3.0,4,4,2,10,Potential Loyalists
54993,0,11.0,Mobile Phone,1,32.0,Credit Card,Female,3.0,5,Laptop & Accessory,1,Married,9,0,14.0,2.0,2.0,4.0,182.31,4.0,2.0,3,4,4,11,Loyal Customers
54994,0,1.0,Mobile Phone,1,13.0,Debit Card,Male,3.0,5,Mobile Phone,3,Married,3,0,14.0,2.0,3.0,3.0,150.39,3.0,3.0,4,4,2,10,Potential Loyalists
54995,0,8.0,Mobile Phone,3,16.0,Debit Card,Female,4.0,4,Laptop & Accessory,3,Married,3,0,21.0,1.0,2.0,4.0,182.14,4.0,2.0,3,4,4,11,Loyal Customers
54996,0,9.0,Mobile Phone,2,15.0,Cash on Delivery,Male,4.0,4,Mobile Phone,3,Single,3,0,18.0,1.0,2.0,5.0,168.23,5.0,2.0,2,4,3,9,Loyal Customers
54997,1,1.0,Mobile Phone,3,30.0,Debit Card,Female,3.0,5,Fashion,5,Married,3,0,14.0,2.0,4.0,11.0,198.36,11.0,4.0,1,5,4,10,Loyal Customers
54998,0,14.0,Computer,1,16.0,Credit Card,Female,3.0,4,Fashion,3,Single,11,0,18.0,2.0,,14.0,259.99,14.0,2.0,1,4,5,10,Loyal Customers
54999,1,6.0,Computer,3,19.0,Debit Card,Male,3.0,4,Grocery,5,Single,2,1,13.0,,14.0,15.0,262.58,15.0,14.0,1,5,5,11,Loyal Customers
55000,0,16.0,Mobile Phone,3,11.0,E wallet,Male,3.0,4,Laptop & Accessory,5,Single,9,0,14.0,2.0,2.0,6.0,176.55,6.0,2.0,2,4,4,10,Loyal Customers
55001,0,9.0,Mobile Phone,1,7.0,Credit Card,Male,3.0,5,Mobile Phone,3,Married,8,0,13.0,2.0,2.0,8.0,147.58,8.0,2.0,2,4,2,8,At Risk
55002,0,1.0,Mobile Phone,1,31.0,Credit Card,Male,3.0,4,Mobile Phone,4,Single,10,0,23.0,1.0,2.0,3.0,160.97,3.0,2.0,4,4,3,11,Loyal Customers
55003,1,1.0,Mobile Phone,1,19.0,Debit Card,Female,4.0,4,Mobile Phone,1,Married,3,1,12.0,2.0,2.0,1.0,150.15,1.0,2.0,5,4,2,11,Potential Loyalists
55004,0,1.0,Mobile Phone,1,10.0,Credit Card,Male,3.0,2,Mobile Phone,1,Married,3,0,23.0,2.0,2.0,8.0,169.2,8.0,2.0,2,4,3,9,Loyal Customers
55005,0,4.0,Mobile Phone,3,17.0,E wallet,Male,4.0,5,Laptop & Accessory,3,Married,3,0,19.0,1.0,2.0,5.0,190.78,5.0,2.0,2,4,4,10,Loyal Customers
55006,0,14.0,Computer,1,33.0,Credit Card,Female,4.0,5,Laptop & Accessory,1,Married,5,1,14.0,1.0,2.0,1.0,169.22,1.0,2.0,5,4,3,12,Loyal Customers
55007,0,9.0,Mobile Phone,1,9.0,Debit Card,Male,3.0,5,Fashion,4,Married,4,0,19.0,3.0,7.0,,227.74,3.0,7.0,4,5,5,14,Champions
55008,0,8.0,Computer,1,8.0,Credit Card,Male,4.0,5,Laptop & Accessory,5,Single,2,0,21.0,1.0,5.0,10.0,178.43,10.0,5.0,1,5,4,10,Loyal Customers
55009,0,9.0,Computer,1,11.0,UPI,Male,3.0,5,Mobile Phone,1,Married,3,0,14.0,2.0,3.0,3.0,148.76,3.0,3.0,4,4,2,10,Potential Loyalists
55010,1,7.0,Mobile Phone,3,16.0,E wallet,Female,3.0,6,Laptop & Accessory,3,Single,10,0,14.0,1.0,2.0,4.0,178.46,4.0,2.0,3,4,4,11,Loyal Customers
55011,0,6.0,Computer,3,9.0,Debit Card,Female,4.0,4,Mobile Phone,5,Married,3,0,13.0,2.0,2.0,1.0,153.27,1.0,2.0,5,4,2,11,Potential Loyalists
55012,0,30.0,Mobile Phone,1,11.0,Cash on Delivery,Female,4.0,4,Others,5,Married,6,0,14.0,5.0,5.0,3.0,324.43,3.0,5.0,4,5,5,14,Champions
55013,0,3.0,Mobile Phone,1,13.0,Credit Card,Female,3.0,4,Mobile Phone,1,Married,3,0,14.0,1.0,2.0,9.0,156.31,9.0,2.0,1,4,3,8,Loyal Customers
55014,0,1.0,Mobile Phone,1,16.0,Debit Card,Male,3.0,4,Mobile Phone,5,Single,3,0,26.0,1.0,2.0,1.0,150.52,1.0,2.0,5,4,2,11,Potential Loyalists
55015,0,19.0,Mobile Phone,1,14.0,Credit Card,Female,3.0,4,Mobile Phone,3,Married,6,1,20.0,1.0,2.0,3.0,169.77,3.0,2.0,4,4,3,11,Loyal Customers
55016,0,11.0,Mobile Phone,1,8.0,Debit Card,Female,3.0,5,Laptop & Accessory,1,Married,3,0,14.0,1.0,4.0,12.0,189.74,12.0,4.0,1,5,4,10,Loyal Customers
55017,0,1.0,Mobile Phone,1,6.0,Debit Card,Male,3.0,5,Mobile Phone,3,Single,3,0,13.0,1.0,2.0,3.0,155.33,3.0,2.0,4,4,3,11,Loyal Customers
55018,1,8.0,Mobile Phone,1,17.0,Debit Card,Male,4.0,4,Mobile Phone,3,Single,3,1,12.0,2.0,2.0,3.0,154.36,3.0,2.0,4,4,3,11,Loyal Customers
55019,0,27.0,Mobile Phone,1,14.0,Credit Card,Female,3.0,4,Others,3,Married,5,0,,4.0,5.0,8.0,311.06,8.0,5.0,2,5,5,12,Loyal Customers
55020,0,3.0,Mobile Phone,1,22.0,Debit Card,Female,4.0,6,Mobile Phone,1,Married,2,1,19.0,2.0,2.0,4.0,146.68,4.0,2.0,3,4,2,9,Potential Loyalists
55021,1,1.0,Computer,1,10.0,Debit Card,Male,3.0,5,Mobile Phone,1,Married,2,1,12.0,1.0,2.0,1.0,153.53,1.0,2.0,5,4,2,11,Potential Loyalists
55022,0,20.0,Mobile Phone,3,9.0,E wallet,Female,4.0,4,Grocery,5,Married,10,0,,7.0,16.0,10.0,295.48,10.0,16.0,1,5,5,11,Loyal Customers
55023,0,18.0,Computer,1,24.0,Debit Card,Male,4.0,6,Mobile Phone,3,Single,4,0,14.0,2.0,2.0,1.0,147.9,1.0,2.0,5,4,2,11,Potential Loyalists
55024,0,7.0,Mobile Phone,2,9.0,UPI,Male,4.0,4,Mobile Phone,3,Married,3,0,14.0,2.0,2.0,5.0,161.0,5.0,2.0,2,4,3,9,Loyal Customers
55025,1,5.0,Computer,1,12.0,Debit Card,Male,4.0,5,Mobile Phone,5,Married,8,0,18.0,1.0,2.0,1.0,146.07,1.0,2.0,5,4,2,11,Potential Loyalists
55026,0,4.0,Mobile Phone,3,36.0,Debit Card,Male,4.0,4,Laptop & Accessory,5,Married,10,0,20.0,2.0,2.0,4.0,166.15,4.0,2.0,3,4,3,10,Loyal Customers
55027,0,14.0,Computer,3,9.0,Credit Card,Male,4.0,4,Laptop & Accessory,4,Married,7,0,13.0,2.0,2.0,1.0,168.27,1.0,2.0,5,4,3,12,Loyal Customers
55028,0,24.0,Computer,1,9.0,Credit Card,Female,2.0,4,Grocery,5,Married,4,0,,1.0,3.0,3.0,303.56,3.0,3.0,4,4,5,13,Champions
55029,0,2.0,Mobile Phone,1,26.0,Credit Card,Male,4.0,5,Mobile Phone,5,Married,3,0,13.0,2.0,4.0,4.0,156.96,4.0,4.0,3,5,3,11,Loyal Customers
55030,0,20.0,Mobile Phone,1,22.0,Debit Card,Male,3.0,4,Others,4,Married,7,0,,2.0,2.0,4.0,315.81,4.0,2.0,3,4,5,12,Loyal Customers
55031,0,9.0,Mobile Phone,3,24.0,Debit Card,Male,4.0,4,Laptop & Accessory,5,Married,5,1,16.0,1.0,2.0,,214.66,3.0,2.0,4,4,5,13,Champions
55032,1,1.0,Mobile Phone,1,24.0,Debit Card,Female,4.0,4,Mobile Phone,4,Married,3,0,14.0,2.0,2.0,1.0,147.1,1.0,2.0,5,4,2,11,Potential Loyalists
55033,0,7.0,Computer,3,32.0,Credit Card,Female,3.0,4,Laptop & Accessory,3,Married,3,0,13.0,1.0,2.0,2.0,170.39,2.0,2.0,5,4,3,12,Loyal Customers
55034,0,10.0,Mobile Phone,1,13.0,Debit Card,Male,3.0,6,Mobile Phone,3,Married,3,0,15.0,2.0,2.0,8.0,152.41,8.0,2.0,2,4,2,8,At Risk
55035,0,4.0,Mobile Phone,1,14.0,Debit Card,Male,3.0,4,Laptop & Accessory,3,Married,3,0,14.0,5.0,9.0,10.0,159.91,10.0,9.0,1,5,3,9,Loyal Customers
55036,0,18.0,Mobile Phone,1,36.0,UPI,Male,3.0,4,Laptop & Accessory,1,Single,3,0,26.0,7.0,14.0,18.0,170.41,18.0,14.0,1,5,3,9,Loyal Customers
55037,0,1.0,Mobile Phone,3,28.0,E wallet,Male,3.0,2,Mobile Phone,1,Single,3,0,18.0,3.0,3.0,3.0,151.78,3.0,3.0,4,4,2,10,Potential Loyalists
55038,0,20.0,Mobile Phone,1,9.0,Cash on Delivery,Male,3.0,4,Laptop & Accessory,1,Married,4,0,12.0,1.0,2.0,5.0,198.79,5.0,2.0,2,4,4,10,Loyal Customers
55039,0,16.0,Computer,2,9.0,Credit Card,Male,4.0,2,Laptop & Accessory,5,Married,9,0,17.0,2.0,2.0,4.0,187.72,4.0,2.0,3,4,4,11,Loyal Customers
55040,0,31.0,Mobile Phone,3,14.0,E wallet,Male,3.0,2,Laptop & Accessory,1,Married,2,1,19.0,1.0,2.0,10.0,177.2,10.0,2.0,1,4,4,9,Loyal Customers
55041,0,6.0,Computer,1,20.0,UPI,Female,4.0,5,Mobile Phone,4,Married,3,0,21.0,3.0,3.0,3.0,159.0,3.0,3.0,4,4,3,11,Loyal Customers
55042,0,6.0,Computer,1,9.0,Debit Card,Female,3.0,4,Laptop & Accessory,3,Single,6,1,15.0,2.0,2.0,8.0,174.98,8.0,2.0,2,4,4,10,Loyal Customers
55043,0,10.0,Mobile Phone,1,8.0,Cash on Delivery,Female,4.0,6,Fashion,5,Married,4,1,22.0,8.0,8.0,,227.52,3.0,8.0,4,5,5,14,Champions
55044,0,7.0,Mobile Phone,1,16.0,Credit Card,Male,3.0,4,Mobile Phone,1,Married,2,0,14.0,1.0,5.0,11.0,152.81,11.0,5.0,1,5,2,8,At Risk
55045,0,14.0,Mobile Phone,3,17.0,Cash on Delivery,Female,3.0,5,Laptop & Accessory,4,Married,9,0,13.0,2.0,2.0,4.0,193.52,4.0,2.0,3,4,4,11,Loyal Customers
55046,0,1.0,Mobile Phone,3,17.0,Debit Card,Male,3.0,4,Laptop & Accessory,1,Single,2,0,15.0,2.0,2.0,2.0,174.5,2.0,2.0,5,4,4,13,Champions
55047,0,4.0,Mobile Phone,1,8.0,Credit Card,Male,4.0,4,Mobile Phone,4,Married,2,1,22.0,4.0,6.0,8.0,160.79,8.0,6.0,2,5,3,10,Loyal Customers
55048,0,16.0,Computer,1,33.0,Credit Card,Female,3.0,4,Fashion,5,Married,5,1,18.0,1.0,,1.0,256.91,1.0,2.0,5,4,5,14,Champions
55049,0,9.0,Computer,3,15.0,E wallet,Female,4.0,5,Fashion,1,Married,6,1,12.0,4.0,5.0,,228.77,3.0,5.0,4,5,5,14,Champions
55050,0,1.0,Mobile Phone,1,21.0,Debit Card,Male,3.0,4,Mobile Phone,5,Married,3,1,15.0,6.0,7.0,9.0,147.35,9.0,7.0,1,5,2,8,At Risk
55051,0,28.0,Computer,1,8.0,Debit Card,Female,3.0,4,Fashion,3,Married,9,0,18.0,1.0,2.0,,230.02,3.0,2.0,4,4,5,13,Champions
55052,0,18.0,Mobile Phone,1,9.0,Debit Card,Female,4.0,2,Mobile Phone,1,Married,3,0,14.0,2.0,8.0,8.0,145.11,8.0,8.0,2,5,2,9,At Risk
55053,1,1.0,Computer,1,17.0,Credit Card,Female,4.0,5,Mobile Phone,4,Single,3,1,26.0,1.0,2.0,1.0,143.59,1.0,2.0,5,4,2,11,Potential Loyalists
55054,0,3.0,Mobile Phone,1,8.0,Debit Card,Female,4.0,4,Mobile Phone,1,Married,3,0,16.0,2.0,2.0,3.0,162.6,3.0,2.0,4,4,3,11,Loyal Customers
55055,0,28.0,Mobile Phone,1,10.0,Debit Card,Male,3.0,4,Grocery,1,Married,5,0,,1.0,2.0,10.0,302.79,10.0,2.0,1,4,5,10,Loyal Customers
55056,0,5.0,Mobile Phone,1,18.0,Credit Card,Male,4.0,4,Laptop & Accessory,5,Married,3,1,13.0,2.0,2.0,2.0,193.33,2.0,2.0,5,4,4,13,Champions
55057,0,5.0,Mobile Phone,1,31.0,Credit Card,Female,4.0,5,Laptop & Accessory,5,Single,3,0,20.0,2.0,2.0,9.0,193.12,9.0,2.0,1,4,4,9,Loyal Customers
55058,0,31.0,Mobile Phone,3,10.0,Debit Card,Female,3.0,5,Laptop & Accessory,1,Single,7,0,18.0,1.0,2.0,6.0,176.71,6.0,2.0,2,4,4,10,Loyal Customers
55059,0,17.0,Mobile Phone,1,10.0,Debit Card,Male,4.0,6,Others,1,Married,5,0,,2.0,2.0,8.0,322.4,8.0,2.0,2,4,5,11,Loyal Customers
55060,0,23.0,Mobile Phone,1,11.0,Credit Card,Male,3.0,5,Others,3,Married,4,0,,1.0,2.0,1.0,312.11,1.0,2.0,5,4,5,14,Champions
55061,0,10.0,Computer,1,10.0,Cash on Delivery,Male,3.0,4,Mobile Phone,4,Married,3,0,13.0,1.0,2.0,8.0,161.92,8.0,2.0,2,4,3,9,Loyal Customers
55062,0,22.0,Mobile Phone,1,9.0,Cash on Delivery,Male,4.0,2,Mobile Phone,4,Single,7,0,12.0,1.0,2.0,1.0,150.59,1.0,2.0,5,4,2,11,Potential Loyalists
55063,0,1.0,Mobile Phone,1,11.0,Debit Card,Male,4.0,4,Mobile Phone,3,Married,3,0,12.0,2.0,2.0,4.0,150.17,4.0,2.0,3,4,2,9,Potential Loyalists
55064,0,3.0,Mobile Phone,1,14.0,Debit Card,Male,3.0,4,Laptop & Accessory,1,Married,3,1,12.0,2.0,2.0,1.0,191.23,1.0,2.0,5,4,4,13,Champions
55065,0,22.0,Mobile Phone,1,8.0,Debit Card,Male,4.0,5,Others,1,Single,8,0,,2.0,2.0,1.0,307.65,1.0,2.0,5,4,5,14,Champions
55066,0,3.0,Mobile Phone,1,8.0,Debit Card,Female,3.0,5,Grocery,1,Married,5,0,15.0,,2.0,8.0,286.24,8.0,2.0,2,4,5,11,Loyal Customers
55067,0,8.0,Mobile Phone,1,27.0,Cash on Delivery,Female,3.0,2,Mobile Phone,3,Married,2,0,18.0,2.0,2.0,1.0,150.85,1.0,2.0,5,4,2,11,Potential Loyalists
55068,0,18.0,Mobile Phone,3,12.0,E wallet,Male,3.0,4,Others,4,Married,9,0,,2.0,4.0,11.0,307.13,11.0,4.0,1,5,5,11,Loyal Customers
55069,0,7.0,Mobile Phone,3,17.0,E wallet,Male,3.0,2,Fashion,3,Married,2,1,15.0,1.0,2.0,9.0,208.8,9.0,2.0,1,4,4,9,Loyal Customers
55070,0,1.0,Mobile Phone,1,32.0,Debit Card,Female,3.0,2,Mobile Phone,1,Single,3,1,13.0,1.0,2.0,2.0,154.94,2.0,2.0,5,4,3,12,Loyal Customers
55071,0,1.0,Mobile Phone,1,8.0,Debit Card,Male,3.0,4,Mobile Phone,3,Married,3,0,23.0,2.0,2.0,2.0,137.23,2.0,2.0,5,4,1,10,Potential Loyalists
55072,1,1.0,Computer,3,31.0,Debit Card,Male,4.0,6,Mobile Phone,1,Single,3,1,15.0,2.0,2.0,1.0,136.18,1.0,2.0,5,4,1,10,Potential Loyalists
55073,0,1.0,Mobile Phone,1,11.0,Debit Card,Male,3.0,4,Mobile Phone,1,Single,3,1,21.0,3.0,3.0,3.0,153.75,3.0,3.0,4,4,3,11,Loyal Customers
55074,1,9.0,Mobile Phone,3,9.0,E wallet,Female,4.0,6,Others,4,Single,4,1,,2.0,2.0,12.0,313.24,12.0,2.0,1,4,5,10,Loyal Customers
55075,0,29.0,Computer,1,15.0,Credit Card,Male,3.0,5,Grocery,4,Married,3,1,16.0,3.0,16.0,1.0,260.77,1.0,16.0,5,5,5,15,Champions
55076,1,1.0,Computer,1,17.0,Debit Card,Female,3.0,5,Mobile Phone,3,Single,3,0,21.0,2.0,3.0,3.0,151.25,3.0,3.0,4,4,2,10,Potential Loyalists
55077,0,20.0,Mobile Phone,3,11.0,E wallet,Female,3.0,5,Others,4,Married,4,0,,2.0,2.0,9.0,312.89,9.0,2.0,1,4,5,10,Loyal Customers
55078,0,8.0,Mobile Phone,3,9.0,E wallet,Female,3.0,4,Laptop & Accessory,5,Single,2,1,13.0,2.0,2.0,3.0,170.38,3.0,2.0,4,4,3,11,Loyal Customers
55079,0,25.0,Computer,3,16.0,Debit Card,Male,3.0,4,Others,4,Married,6,1,25.0,7.0,12.0,11.0,323.47,11.0,12.0,1,5,5,11,Loyal Customers
55080,0,31.0,Mobile Phone,1,25.0,Credit Card,Male,4.0,4,Fashion,1,Single,8,0,13.0,4.0,6.0,,230.12,3.0,6.0,4,5,5,14,Champions
55081,0,8.0,Computer,1,26.0,Credit Card,Female,3.0,4,Laptop & Accessory,4,Married,6,0,14.0,1.0,6.0,11.0,169.44,11.0,6.0,1,5,3,9,Loyal Customers
55082,0,2.0,Computer,1,8.0,Credit Card,Male,3.0,4,Mobile Phone,3,Single,2,1,12.0,2.0,2.0,3.0,146.54,3.0,2.0,4,4,2,10,Potential Loyalists
55083,0,18.0,Mobile Phone,1,11.0,Debit Card,Male,4.0,2,Others,5,Married,3,0,,3.0,15.0,14.0,316.9,14.0,15.0,1,5,5,11,Loyal Customers
55084,0,8.0,Computer,2,18.0,Debit Card,Male,3.0,5,Laptop & Accessory,4,Married,6,0,12.0,1.0,2.0,9.0,169.9,9.0,2.0,1,4,3,8,Loyal Customers
55085,0,9.0,Mobile Phone,1,13.0,Debit Card,Male,4.0,4,Mobile Phone,3,Married,2,1,15.0,2.0,3.0,3.0,160.06,3.0,3.0,4,4,3,11,Loyal Customers
55086,0,16.0,Mobile Phone,1,14.0,Credit Card,Female,4.0,2,Laptop & Accessory,4,Married,8,1,17.0,1.0,2.0,1.0,148.72,1.0,2.0,5,4,2,11,Potential Loyalists
55087,0,17.0,Mobile Phone,3,11.0,E wallet,Female,3.0,5,Fashion,1,Single,5,0,15.0,11.0,16.0,,227.31,3.0,16.0,4,5,5,14,Champions
55088,0,10.0,Mobile Phone,1,9.0,Debit Card,Female,3.0,4,Laptop & Accessory,4,Single,11,1,12.0,5.0,6.0,13.0,179.1,13.0,6.0,1,5,4,10,Loyal Customers
55089,1,8.0,Mobile Phone,1,22.0,Credit Card,Female,4.0,4,Fashion,1,Married,3,0,12.0,1.0,2.0,6.0,204.78,6.0,2.0,2,4,4,10,Loyal Customers
55090,0,2.0,Computer,1,9.0,Debit Card,Male,3.0,5,Mobile Phone,1,Married,3,1,13.0,1.0,3.0,3.0,163.67,3.0,3.0,4,4,3,11,Loyal Customers
55091,0,25.0,Computer,1,13.0,Credit Card,Female,3.0,5,Mobile Phone,3,Single,2,0,15.0,4.0,8.0,8.0,153.38,8.0,8.0,2,5,2,9,At Risk
55092,0,4.0,Computer,1,16.0,Credit Card,Female,4.0,4,Laptop & Accessory,3,Single,9,1,19.0,1.0,2.0,8.0,171.95,8.0,2.0,2,4,3,9,Loyal Customers
55093,1,1.0,Mobile Phone,1,14.0,Cash on Delivery,Female,3.0,4,Mobile Phone,3,Married,5,1,14.0,5.0,8.0,8.0,158.39,8.0,8.0,2,5,3,10,Loyal Customers
55094,0,2.0,Mobile Phone,1,8.0,Cash on Delivery,Male,3.0,4,Mobile Phone,5,Single,4,0,12.0,2.0,2.0,3.0,145.8,3.0,2.0,4,4,2,10,Potential Loyalists
55095,0,1.0,Mobile Phone,1,8.0,Credit Card,Female,3.0,4,Mobile Phone,4,Single,3,0,19.0,2.0,3.0,2.0,145.96,2.0,3.0,5,4,2,11,Potential Loyalists
55096,0,6.0,Mobile Phone,3,15.0,Credit Card,Male,3.0,2,Laptop & Accessory,1,Married,3,0,16.0,1.0,2.0,9.0,187.09,9.0,2.0,1,4,4,9,Loyal Customers
55097,0,19.0,Computer,1,32.0,Credit Card,Female,3.0,4,Others,4,Single,5,0,,1.0,2.0,1.0,305.61,1.0,2.0,5,4,5,14,Champions
55098,0,13.0,Mobile Phone,1,20.0,Credit Card,Female,4.0,5,Grocery,4,Married,8,1,,11.0,16.0,3.0,296.23,3.0,16.0,4,5,5,14,Champions
55099,0,31.0,Mobile Phone,1,30.0,Debit Card,Male,3.0,4,Mobile Phone,3,Married,3,0,13.0,2.0,3.0,3.0,148.72,3.0,3.0,4,4,2,10,Potential Loyalists
55100,1,1.0,Mobile Phone,1,14.0,Debit Card,Male,4.0,4,Laptop & Accessory,3,Married,3,0,19.0,1.0,2.0,2.0,173.83,2.0,2.0,5,4,4,13,Champions
55101,1,3.0,Mobile Phone,1,30.0,Credit Card,Male,4.0,4,Mobile Phone,5,Single,2,0,14.0,1.0,2.0,4.0,164.04,4.0,2.0,3,4,3,10,Loyal Customers
55102,0,4.0,Mobile Phone,1,13.0,Cash on Delivery,Female,3.0,5,Laptop & Accessory,1,Married,2,0,13.0,6.0,7.0,8.0,171.27,8.0,7.0,2,5,3,10,Loyal Customers
55103,0,10.0,Mobile Phone,1,17.0,Cash on Delivery,Female,4.0,4,Fashion,3,Married,5,0,13.0,2.0,2.0,8.0,195.94,8.0,2.0,2,4,4,10,Loyal Customers
55104,0,20.0,Mobile Phone,2,8.0,Debit Card,Female,3.0,4,Mobile Phone,5,Single,8,0,13.0,3.0,6.0,8.0,159.23,8.0,6.0,2,5,3,10,Loyal Customers
55105,0,2.0,Computer,1,8.0,Debit Card,Female,3.0,6,Laptop & Accessory,1,Married,2,0,12.0,8.0,8.0,6.0,191.74,6.0,8.0,2,5,4,11,Loyal Customers
55106,0,24.0,Mobile Phone,1,35.0,Debit Card,Female,3.0,4,Grocery,5,Married,6,1,,1.0,2.0,3.0,293.8,3.0,2.0,4,4,5,13,Champions
55107,1,4.0,Mobile Phone,3,32.0,E wallet,Male,3.0,5,Fashion,4,Single,4,1,13.0,2.0,2.0,,215.94,3.0,2.0,4,4,5,13,Champions
55108,1,16.0,Mobile Phone,3,12.0,Debit Card,Male,4.0,4,Fashion,4,Single,11,1,20.0,8.0,8.0,,209.46,3.0,8.0,4,5,5,14,Champions
55109,0,4.0,Mobile Phone,1,24.0,Credit Card,Female,4.0,4,Fashion,5,Married,3,1,24.0,2.0,,9.0,244.16000000000005,9.0,2.0,1,4,5,10,Loyal Customers
55110,0,13.0,Mobile Phone,1,25.0,Debit Card,Male,3.0,4,Laptop & Accessory,3,Single,2,0,12.0,2.0,2.0,8.0,170.34,8.0,2.0,2,4,3,9,Loyal Customers
55111,0,5.0,Computer,3,9.0,Debit Card,Female,3.0,4,Fashion,3,Married,3,1,20.0,9.0,10.0,,223.52,3.0,10.0,4,5,5,14,Champions
55112,0,15.0,Computer,3,17.0,Credit Card,Male,3.0,6,Laptop & Accessory,4,Single,3,0,14.0,4.0,12.0,10.0,186.51,10.0,12.0,1,5,4,10,Loyal Customers
55113,1,1.0,Computer,3,8.0,Debit Card,Female,3.0,4,Mobile Phone,4,Single,3,1,12.0,3.0,3.0,3.0,148.02,3.0,3.0,4,4,2,10,Potential Loyalists
55114,1,8.0,Mobile Phone,1,10.0,Debit Card,Male,3.0,4,Mobile Phone,5,Married,6,0,13.0,2.0,2.0,3.0,148.62,3.0,2.0,4,4,2,10,Potential Loyalists
55115,0,16.0,Computer,1,9.0,Debit Card,Male,3.0,4,Grocery,3,Married,2,1,,1.0,3.0,11.0,303.61,11.0,3.0,1,4,5,10,Loyal Customers
55116,0,29.0,Mobile Phone,1,9.0,Credit Card,Female,3.0,6,Others,3,Married,6,0,,5.0,10.0,12.0,316.87,12.0,10.0,1,5,5,11,Loyal Customers
55117,0,30.0,Mobile Phone,2,15.0,Debit Card,Male,4.0,4,Others,4,Single,8,0,,3.0,8.0,8.0,322.17,8.0,8.0,2,5,5,12,Loyal Customers
55118,0,14.0,Computer,1,23.0,Debit Card,Male,4.0,4,Mobile Phone,3,Married,11,0,17.0,2.0,2.0,1.0,160.44,1.0,2.0,5,4,3,12,Loyal Customers
55119,0,8.0,Mobile Phone,1,16.0,Debit Card,Male,3.0,4,Fashion,1,Married,2,0,12.0,1.0,2.0,,210.0,3.0,2.0,4,4,5,13,Champions
55120,0,14.0,Mobile Phone,1,9.0,Debit Card,Male,4.0,4,Laptop & Accessory,1,Single,3,0,14.0,4.0,9.0,9.0,171.61,9.0,9.0,1,5,3,9,Loyal Customers
55121,0,15.0,Computer,3,8.0,E wallet,Female,4.0,4,Laptop & Accessory,5,Married,2,0,18.0,1.0,2.0,8.0,166.03,8.0,2.0,2,4,3,9,Loyal Customers
55122,0,9.0,Computer,1,11.0,Debit Card,Male,3.0,4,Laptop & Accessory,3,Single,3,1,12.0,2.0,2.0,2.0,167.49,2.0,2.0,5,4,3,12,Loyal Customers
55123,0,25.0,Mobile Phone,2,12.0,Debit Card,Male,3.0,4,Grocery,4,Married,3,1,12.0,,2.0,11.0,265.26,11.0,2.0,1,4,5,10,Loyal Customers
55124,0,12.0,Mobile Phone,3,9.0,Debit Card,Female,3.0,4,Laptop & Accessory,5,Married,5,0,16.0,1.0,2.0,8.0,193.93,8.0,2.0,2,4,4,10,Loyal Customers
55125,0,8.0,Mobile Phone,3,22.0,Credit Card,Female,4.0,4,Laptop & Accessory,5,Single,3,0,13.0,5.0,10.0,7.0,186.25,7.0,10.0,2,5,4,11,Loyal Customers
55126,0,1.0,Mobile Phone,1,26.0,Credit Card,Male,4.0,4,Mobile Phone,1,Married,5,0,12.0,1.0,2.0,3.0,161.69,3.0,2.0,4,4,3,11,Loyal Customers
55127,1,21.0,Mobile Phone,1,14.0,Credit Card,Female,3.0,5,Fashion,5,Married,9,1,15.0,2.0,6.0,,225.08,3.0,6.0,4,5,5,14,Champions
55128,0,14.0,Mobile Phone,1,8.0,Debit Card,Male,3.0,4,Mobile Phone,4,Married,5,0,23.0,2.0,2.0,4.0,148.87,4.0,2.0,3,4,2,9,Potential Loyalists
55129,0,10.0,Computer,3,14.0,E wallet,Female,3.0,2,Laptop & Accessory,5,Married,4,0,17.0,6.0,7.0,14.0,171.39,14.0,7.0,1,5,3,9,Loyal Customers
55130,0,22.0,Mobile Phone,1,11.0,Debit Card,Male,3.0,4,Fashion,1,Single,3,0,12.0,2.0,2.0,9.0,203.98,9.0,2.0,1,4,4,9,Loyal Customers
55131,0,1.0,Mobile Phone,3,18.0,Credit Card,Female,4.0,2,Mobile Phone,1,Married,10,0,15.0,1.0,2.0,1.0,150.34,1.0,2.0,5,4,2,11,Potential Loyalists
55132,0,25.0,Mobile Phone,1,18.0,Cash on Delivery,Female,3.0,5,Grocery,4,Single,5,0,17.0,1.0,,4.0,256.42,4.0,2.0,3,4,5,12,Loyal Customers
55133,0,1.0,Computer,1,8.0,Debit Card,Female,4.0,4,Mobile Phone,1,Single,3,0,16.0,2.0,2.0,1.0,141.11,1.0,2.0,5,4,2,11,Potential Loyalists
55134,0,9.0,Mobile Phone,1,8.0,Credit Card,Female,3.0,5,Laptop & Accessory,1,Married,2,0,13.0,1.0,2.0,1.0,178.63,1.0,2.0,5,4,4,13,Champions
55135,0,1.0,Computer,3,9.0,Debit Card,Male,3.0,6,Laptop & Accessory,1,Single,5,0,21.0,1.0,2.0,1.0,175.71,1.0,2.0,5,4,4,13,Champions
55136,1,19.0,Mobile Phone,3,20.0,E wallet,Male,3.0,2,Grocery,3,Single,8,1,18.0,,4.0,9.0,261.95,9.0,4.0,1,5,5,11,Loyal Customers
55137,0,30.0,Mobile Phone,1,30.0,Debit Card,Male,4.0,4,Grocery,4,Married,6,1,13.0,14.0,,10.0,259.02,10.0,2.0,1,4,5,10,Loyal Customers
55138,0,8.0,Computer,1,33.0,Cash on Delivery,Female,4.0,5,Mobile Phone,3,Married,3,0,21.0,2.0,2.0,1.0,145.29,1.0,2.0,5,4,2,11,Potential Loyalists
55139,0,14.0,Mobile Phone,1,9.0,Credit Card,Female,3.0,2,Laptop & Accessory,3,Married,7,0,21.0,7.0,12.0,9.0,188.77,9.0,12.0,1,5,4,10,Loyal Customers
55140,0,8.0,Mobile Phone,1,36.0,Credit Card,Male,3.0,4,Laptop & Accessory,3,Married,6,0,14.0,6.0,8.0,8.0,179.29,8.0,8.0,2,5,4,11,Loyal Customers
55141,1,1.0,Computer,3,9.0,Debit Card,Female,3.0,5,Mobile Phone,1,Single,9,0,15.0,1.0,2.0,1.0,152.85,1.0,2.0,5,4,2,11,Potential Loyalists
55142,1,1.0,Computer,3,25.0,E wallet,Female,4.0,4,Laptop & Accessory,3,Married,2,1,19.0,1.0,4.0,3.0,171.14,3.0,4.0,4,5,3,12,Loyal Customers
55143,0,12.0,Computer,1,14.0,Debit Card,Male,3.0,2,Mobile Phone,3,Married,3,0,12.0,1.0,2.0,4.0,151.1,4.0,2.0,3,4,2,9,Potential Loyalists
55144,0,8.0,Mobile Phone,1,9.0,Cash on Delivery,Female,4.0,4,Laptop & Accessory,1,Single,3,0,12.0,5.0,5.0,12.0,191.87,12.0,5.0,1,5,4,10,Loyal Customers
55145,0,2.0,Mobile Phone,3,33.0,Debit Card,Male,3.0,5,Laptop & Accessory,5,Married,3,0,12.0,2.0,2.0,5.0,172.24,5.0,2.0,2,4,3,9,Loyal Customers
55146,1,1.0,Mobile Phone,1,29.0,Credit Card,Male,4.0,4,Laptop & Accessory,3,Married,3,1,16.0,6.0,7.0,8.0,186.79,8.0,7.0,2,5,4,11,Loyal Customers
55147,0,13.0,Mobile Phone,3,28.0,Debit Card,Male,3.0,5,Laptop & Accessory,1,Married,5,1,13.0,1.0,2.0,5.0,186.2,5.0,2.0,2,4,4,10,Loyal Customers
55148,0,25.0,Computer,3,9.0,E wallet,Male,3.0,4,Fashion,4,Married,4,0,12.0,4.0,4.0,,230.96,3.0,4.0,4,5,5,14,Champions
55149,0,15.0,Computer,1,29.0,Debit Card,Female,4.0,4,Laptop & Accessory,1,Married,5,1,15.0,3.0,4.0,4.0,179.67,4.0,4.0,3,5,4,12,Loyal Customers
55150,0,11.0,Mobile Phone,1,11.0,Debit Card,Male,3.0,4,Mobile Phone,3,Married,9,1,16.0,2.0,2.0,4.0,154.96,4.0,2.0,3,4,3,10,Loyal Customers
55151,0,7.0,Computer,3,12.0,Debit Card,Male,4.0,4,Laptop & Accessory,1,Married,8,0,14.0,2.0,2.0,,224.98,3.0,2.0,4,4,5,13,Champions
55152,0,6.0,Mobile Phone,3,9.0,E wallet,Male,3.0,4,Laptop & Accessory,4,Married,2,1,14.0,2.0,2.0,3.0,165.78,3.0,2.0,4,4,3,11,Loyal Customers
55153,0,13.0,Computer,1,32.0,Debit Card,Male,4.0,4,Fashion,3,Married,5,0,22.0,1.0,,6.0,234.2,6.0,2.0,2,4,5,11,Loyal Customers
55154,0,1.0,Mobile Phone,3,25.0,Debit Card,Male,4.0,2,Laptop & Accessory,3,Married,4,0,12.0,2.0,2.0,3.0,187.32,3.0,2.0,4,4,4,12,Champions
55155,0,26.0,Computer,1,35.0,Credit Card,Female,3.0,2,Grocery,3,Married,4,1,12.0,2.0,,3.0,257.47,3.0,2.0,4,4,5,13,Champions
55156,0,17.0,Mobile Phone,1,13.0,Credit Card,Female,4.0,5,Laptop & Accessory,3,Single,3,1,15.0,1.0,2.0,9.0,165.81,9.0,2.0,1,4,3,8,Loyal Customers
55157,0,1.0,Mobile Phone,3,17.0,E wallet,Female,4.0,5,Laptop & Accessory,1,Married,3,1,12.0,2.0,5.0,5.0,182.69,5.0,5.0,2,5,4,11,Loyal Customers
55158,1,1.0,Mobile Phone,1,24.0,Debit Card,Female,3.0,4,Mobile Phone,3,Single,3,1,14.0,5.0,8.0,8.0,148.94,8.0,8.0,2,5,2,9,At Risk
55159,0,1.0,Mobile Phone,1,9.0,Credit Card,Male,3.0,5,Mobile Phone,1,Single,2,0,13.0,2.0,2.0,2.0,164.04,2.0,2.0,5,4,3,12,Loyal Customers
55160,0,16.0,Mobile Phone,2,17.0,UPI,Female,3.0,4,Grocery,5,Married,2,0,,1.0,2.0,10.0,292.99,10.0,2.0,1,4,5,10,Loyal Customers
55161,0,26.0,Mobile Phone,1,15.0,UPI,Female,3.0,4,Mobile Phone,5,Married,11,0,14.0,2.0,2.0,5.0,154.5,5.0,2.0,2,4,3,9,Loyal Customers
55162,0,11.0,Mobile Phone,1,18.0,Credit Card,Female,4.0,4,Mobile Phone,3,Single,6,0,19.0,2.0,2.0,3.0,161.29,3.0,2.0,4,4,3,11,Loyal Customers
55163,0,9.0,Computer,1,25.0,Debit Card,Male,3.0,4,Fashion,1,Single,4,0,12.0,3.0,3.0,,218.62,3.0,3.0,4,4,5,13,Champions
55164,0,1.0,Mobile Phone,1,8.0,Cash on Delivery,Male,3.0,4,Mobile Phone,1,Married,6,0,12.0,1.0,2.0,3.0,157.29,3.0,2.0,4,4,3,11,Loyal Customers
55165,0,1.0,Mobile Phone,1,14.0,UPI,Male,4.0,2,Mobile Phone,5,Single,2,0,13.0,1.0,2.0,8.0,160.78,8.0,2.0,2,4,3,9,Loyal Customers
55166,0,3.0,Mobile Phone,2,24.0,UPI,Male,3.0,5,Fashion,5,Single,3,0,14.0,1.0,2.0,10.0,204.88,10.0,2.0,1,4,4,9,Loyal Customers
55167,1,13.0,Computer,1,35.0,Debit Card,Male,4.0,5,Laptop & Accessory,5,Single,5,0,21.0,1.0,2.0,4.0,167.84,4.0,2.0,3,4,3,10,Loyal Customers
55168,1,1.0,Computer,1,21.0,UPI,Female,3.0,4,Fashion,1,Single,2,1,13.0,5.0,8.0,8.0,200.53,8.0,8.0,2,5,4,11,Loyal Customers
55169,0,28.0,Mobile Phone,1,8.0,Credit Card,Female,3.0,4,Grocery,1,Single,8,0,,7.0,13.0,8.0,298.28,8.0,13.0,2,5,5,12,Loyal Customers
55170,0,31.0,Mobile Phone,1,8.0,Credit Card,Female,4.0,4,Others,5,Married,5,1,,2.0,2.0,6.0,322.01,6.0,2.0,2,4,5,11,Loyal Customers
55171,0,29.0,Mobile Phone,1,8.0,Credit Card,Male,3.0,2,Grocery,1,Married,4,0,14.0,,2.0,1.0,272.32,1.0,2.0,5,4,5,14,Champions
55172,0,10.0,Mobile Phone,3,10.0,E wallet,Female,4.0,4,Laptop & Accessory,4,Single,5,1,17.0,1.0,2.0,,217.78,3.0,2.0,4,4,5,13,Champions
55173,1,1.0,Computer,3,8.0,Debit Card,Female,3.0,6,Mobile Phone,3,Single,3,0,13.0,1.0,2.0,1.0,138.59,1.0,2.0,5,4,1,10,Potential Loyalists
55174,0,4.0,Mobile Phone,3,14.0,E wallet,Female,4.0,4,Laptop & Accessory,5,Married,9,0,15.0,2.0,2.0,3.0,172.79,3.0,2.0,4,4,3,11,Loyal Customers
55175,0,5.0,Mobile Phone,1,15.0,Debit Card,Female,4.0,4,Grocery,4,Single,5,0,12.0,,2.0,1.0,289.22,1.0,2.0,5,4,5,14,Champions
55176,0,8.0,Computer,1,8.0,UPI,Male,4.0,4,Mobile Phone,5,Married,7,0,15.0,2.0,2.0,4.0,154.96,4.0,2.0,3,4,3,10,Loyal Customers
55177,1,1.0,Mobile Phone,1,15.0,Debit Card,Female,3.0,5,Mobile Phone,4,Single,3,0,13.0,1.0,2.0,1.0,137.61,1.0,2.0,5,4,1,10,Potential Loyalists
55178,0,1.0,Mobile Phone,1,18.0,Debit Card,Male,4.0,4,Mobile Phone,5,Married,2,0,15.0,2.0,2.0,5.0,145.99,5.0,2.0,2,4,2,8,At Risk
55179,0,10.0,Mobile Phone,1,11.0,Debit Card,Male,3.0,5,Laptop & Accessory,1,Single,3,0,17.0,1.0,2.0,9.0,183.1,9.0,2.0,1,4,4,9,Loyal Customers
55180,0,10.0,Mobile Phone,3,23.0,E wallet,Female,4.0,5,Laptop & Accessory,5,Married,6,0,14.0,2.0,2.0,3.0,181.47,3.0,2.0,4,4,4,12,Champions
55181,0,21.0,Mobile Phone,1,8.0,Cash on Delivery,Male,4.0,4,Mobile Phone,1,Married,9,0,13.0,2.0,2.0,3.0,159.2,3.0,2.0,4,4,3,11,Loyal Customers
55182,1,1.0,Mobile Phone,3,16.0,Debit Card,Male,4.0,5,Mobile Phone,5,Married,5,0,13.0,3.0,3.0,3.0,169.0,3.0,3.0,4,4,3,11,Loyal Customers
55183,0,11.0,Computer,1,12.0,Cash on Delivery,Male,3.0,2,Mobile Phone,3,Single,2,0,15.0,1.0,2.0,4.0,160.0,4.0,2.0,3,4,3,10,Loyal Customers
55184,0,30.0,Mobile Phone,1,8.0,Debit Card,Female,3.0,4,Mobile Phone,5,Married,4,0,23.0,1.0,2.0,1.0,145.66,1.0,2.0,5,4,2,11,Potential Loyalists
55185,0,21.0,Mobile Phone,1,9.0,Credit Card,Female,3.0,4,Grocery,3,Married,5,0,,3.0,6.0,7.0,296.69,7.0,6.0,2,5,5,12,Loyal Customers
55186,0,1.0,Mobile Phone,3,11.0,Credit Card,Female,3.0,4,Laptop & Accessory,3,Married,3,1,13.0,2.0,2.0,4.0,166.62,4.0,2.0,3,4,3,10,Loyal Customers
55187,0,6.0,Mobile Phone,3,14.0,E wallet,Male,4.0,4,Laptop & Accessory,1,Married,6,0,13.0,1.0,2.0,,217.04,3.0,2.0,4,4,5,13,Champions
55188,0,8.0,Mobile Phone,1,8.0,Debit Card,Female,3.0,5,Mobile Phone,4,Married,7,0,18.0,2.0,2.0,3.0,157.94,3.0,2.0,4,4,3,11,Loyal Customers
55189,0,15.0,Mobile Phone,1,12.0,Credit Card,Male,3.0,2,Mobile Phone,3,Married,4,1,13.0,1.0,2.0,4.0,146.27,4.0,2.0,3,4,2,9,Potential Loyalists
55190,0,14.0,Computer,1,16.0,UPI,Male,3.0,4,Laptop & Accessory,3,Married,5,0,12.0,1.0,2.0,8.0,164.75,8.0,2.0,2,4,3,9,Loyal Customers
55191,0,5.0,Mobile Phone,3,15.0,Debit Card,Male,3.0,4,Fashion,1,Married,3,0,19.0,3.0,,10.0,232.93,10.0,2.0,1,4,5,10,Loyal Customers
55192,1,10.0,Mobile Phone,3,16.0,E wallet,Male,3.0,4,Fashion,1,Married,6,0,12.0,5.0,5.0,,225.96,3.0,5.0,4,5,5,14,Champions
55193,1,3.0,Computer,1,9.0,Debit Card,Female,3.0,5,Mobile Phone,5,Single,4,1,24.0,1.0,2.0,1.0,161.46,1.0,2.0,5,4,3,12,Loyal Customers
55194,1,1.0,Computer,1,8.0,Debit Card,Female,4.0,2,Fashion,4,Single,3,0,12.0,2.0,5.0,8.0,199.46,8.0,5.0,2,5,4,11,Loyal Customers
55195,0,19.0,Mobile Phone,1,27.0,Credit Card,Male,4.0,6,Fashion,5,Married,4,1,19.0,2.0,,8.0,233.51,8.0,2.0,2,4,5,11,Loyal Customers
55196,0,5.0,Mobile Phone,2,15.0,Credit Card,Female,4.0,2,Mobile Phone,4,Single,11,0,19.0,2.0,2.0,3.0,146.09,3.0,2.0,4,4,2,10,Potential Loyalists
55197,1,1.0,Computer,1,9.0,Debit Card,Male,4.0,4,Mobile Phone,1,Married,8,1,14.0,1.0,3.0,3.0,162.22,3.0,3.0,4,4,3,11,Loyal Customers
55198,0,19.0,Mobile Phone,1,36.0,Cash on Delivery,Male,3.0,4,Fashion,1,Married,6,1,19.0,2.0,2.0,,218.8,3.0,2.0,4,4,5,13,Champions
55199,0,22.0,Mobile Phone,3,14.0,E wallet,Male,4.0,4,Laptop & Accessory,5,Married,6,0,12.0,1.0,3.0,3.0,179.86,3.0,3.0,4,4,4,12,Champions
55200,1,1.0,Mobile Phone,2,16.0,Cash on Delivery,Female,3.0,4,Mobile Phone,3,Married,3,0,16.0,3.0,3.0,3.0,152.42,3.0,3.0,4,4,2,10,Potential Loyalists
55201,0,14.0,Computer,1,15.0,Credit Card,Male,3.0,5,Fashion,4,Married,4,0,12.0,,5.0,9.0,262.57,9.0,5.0,1,5,5,11,Loyal Customers
55202,0,2.0,Mobile Phone,3,12.0,Credit Card,Male,3.0,4,Laptop & Accessory,5,Single,2,0,19.0,1.0,2.0,,209.63,3.0,2.0,4,4,5,13,Champions
55203,0,18.0,Computer,1,12.0,Debit Card,Male,3.0,5,Mobile Phone,3,Single,5,0,15.0,1.0,2.0,4.0,156.62,4.0,2.0,3,4,3,10,Loyal Customers
55204,0,27.0,Mobile Phone,1,9.0,Credit Card,Male,3.0,2,Grocery,4,Single,6,0,13.0,,9.0,9.0,290.98,9.0,9.0,1,5,5,11,Loyal Customers
55205,0,23.0,Mobile Phone,1,12.0,Cash on Delivery,Male,4.0,4,Laptop & Accessory,3,Married,4,0,15.0,1.0,2.0,3.0,191.51,3.0,2.0,4,4,4,12,Champions
55206,0,14.0,Mobile Phone,1,9.0,Credit Card,Male,4.0,4,Mobile Phone,3,Married,4,0,15.0,2.0,2.0,3.0,148.45,3.0,2.0,4,4,2,10,Potential Loyalists
55207,0,18.0,Mobile Phone,1,27.0,Debit Card,Male,3.0,4,Mobile Phone,4,Single,3,0,14.0,2.0,2.0,4.0,159.2,4.0,2.0,3,4,3,10,Loyal Customers
55208,0,7.0,Computer,3,14.0,Credit Card,Male,3.0,4,Laptop & Accessory,5,Married,2,0,15.0,2.0,2.0,4.0,168.73,4.0,2.0,3,4,3,10,Loyal Customers
55209,0,8.0,Mobile Phone,3,10.0,UPI,Male,3.0,6,Laptop & Accessory,5,Single,5,0,19.0,3.0,4.0,13.0,172.59,13.0,4.0,1,5,3,9,Loyal Customers
55210,0,4.0,Mobile Phone,3,23.0,Debit Card,Male,4.0,4,Laptop & Accessory,3,Married,10,0,16.0,2.0,3.0,3.0,178.01,3.0,3.0,4,4,4,12,Champions
55211,0,16.0,Computer,1,16.0,Credit Card,Female,4.0,4,Mobile Phone,1,Single,3,0,14.0,1.0,6.0,9.0,161.73,9.0,6.0,1,5,3,9,Loyal Customers
55212,0,18.0,Computer,3,8.0,E wallet,Female,4.0,4,Laptop & Accessory,3,Married,9,0,13.0,1.0,2.0,1.0,172.68,1.0,2.0,5,4,3,12,Loyal Customers
55213,0,4.0,Computer,1,14.0,Cash on Delivery,Male,4.0,4,Mobile Phone,3,Married,3,0,14.0,1.0,2.0,1.0,137.74,1.0,2.0,5,4,1,10,Potential Loyalists
55214,0,31.0,Mobile Phone,1,8.0,Debit Card,Male,4.0,2,Laptop & Accessory,3,Married,2,0,25.0,2.0,3.0,9.0,174.0,9.0,3.0,1,4,4,9,Loyal Customers
55215,0,23.0,Mobile Phone,1,14.0,Debit Card,Male,3.0,4,Fashion,4,Married,5,0,15.0,1.0,2.0,,229.66,3.0,2.0,4,4,5,13,Champions
55216,0,8.0,Computer,1,22.0,Credit Card,Male,4.0,4,Grocery,5,Married,9,0,,3.0,7.0,10.0,295.07,10.0,7.0,1,5,5,11,Loyal Customers
55217,1,1.0,Computer,3,8.0,Cash on Delivery,Male,4.0,4,Mobile Phone,3,Married,5,0,16.0,2.0,2.0,3.0,154.09,3.0,2.0,4,4,3,11,Loyal Customers
55218,1,1.0,Computer,3,20.0,Cash on Delivery,Female,3.0,4,Laptop & Accessory,4,Single,7,0,12.0,2.0,2.0,1.0,182.65,1.0,2.0,5,4,4,13,Champions
55219,1,1.0,Mobile Phone,3,31.0,Credit Card,Female,3.0,5,Laptop & Accessory,4,Single,2,1,24.0,5.0,11.0,11.0,170.99,11.0,11.0,1,5,3,9,Loyal Customers
55220,0,9.0,Mobile Phone,3,14.0,Debit Card,Male,4.0,4,Mobile Phone,3,Married,3,0,14.0,1.0,2.0,1.0,149.04,1.0,2.0,5,4,2,11,Potential Loyalists
55221,1,1.0,Computer,1,16.0,Credit Card,Male,3.0,4,Mobile Phone,5,Single,4,1,12.0,1.0,2.0,1.0,156.72,1.0,2.0,5,4,3,12,Loyal Customers
55222,0,1.0,Computer,3,20.0,Debit Card,Female,4.0,4,Mobile Phone,4,Married,3,0,14.0,1.0,2.0,1.0,145.33,1.0,2.0,5,4,2,11,Potential Loyalists
55223,0,18.0,Computer,1,9.0,Credit Card,Male,3.0,4,Fashion,3,Single,7,1,19.0,3.0,3.0,,227.09,3.0,3.0,4,4,5,13,Champions
55224,0,3.0,Mobile Phone,3,26.0,Debit Card,Male,4.0,5,Laptop & Accessory,3,Married,3,0,15.0,2.0,2.0,,211.2,3.0,2.0,4,4,5,13,Champions
55225,0,4.0,Mobile Phone,2,8.0,Debit Card,Male,3.0,4,Mobile Phone,3,Married,2,0,22.0,1.0,2.0,4.0,145.64,4.0,2.0,3,4,2,9,Potential Loyalists
55226,0,29.0,Mobile Phone,1,11.0,Debit Card,Male,2.0,4,Laptop & Accessory,3,Married,2,1,17.0,2.0,2.0,3.0,165.35,3.0,2.0,4,4,3,11,Loyal Customers
55227,0,7.0,Mobile Phone,1,11.0,Credit Card,Female,3.0,5,Mobile Phone,4,Married,10,0,12.0,2.0,2.0,3.0,163.38,3.0,2.0,4,4,3,11,Loyal Customers
55228,0,21.0,Mobile Phone,3,21.0,Credit Card,Female,4.0,4,Laptop & Accessory,3,Married,5,1,18.0,2.0,2.0,3.0,170.91,3.0,2.0,4,4,3,11,Loyal Customers
55229,1,1.0,Computer,1,9.0,Credit Card,Male,3.0,5,Mobile Phone,5,Single,9,0,12.0,2.0,2.0,1.0,150.61,1.0,2.0,5,4,2,11,Potential Loyalists
55230,0,2.0,Mobile Phone,1,8.0,Debit Card,Male,4.0,5,Mobile Phone,3,Married,3,0,15.0,1.0,2.0,1.0,140.63,1.0,2.0,5,4,1,10,Potential Loyalists
55231,0,2.0,Computer,3,14.0,Debit Card,Male,3.0,4,Laptop & Accessory,5,Single,2,0,15.0,2.0,2.0,4.0,173.98,4.0,2.0,3,4,4,11,Loyal Customers
55232,0,23.0,Mobile Phone,1,10.0,Credit Card,Female,3.0,5,Laptop & Accessory,5,Married,6,0,26.0,1.0,2.0,3.0,172.89,3.0,2.0,4,4,3,11,Loyal Customers
55233,0,3.0,Computer,1,9.0,Debit Card,Female,4.0,4,Mobile Phone,4,Married,2,0,14.0,2.0,2.0,3.0,156.8,3.0,2.0,4,4,3,11,Loyal Customers
55234,0,2.0,Mobile Phone,1,36.0,Debit Card,Male,4.0,6,Laptop & Accessory,4,Married,3,0,15.0,1.0,2.0,8.0,190.49,8.0,2.0,2,4,4,10,Loyal Customers
55235,0,7.0,Mobile Phone,1,15.0,Debit Card,Male,4.0,4,Laptop & Accessory,3,Single,4,1,18.0,2.0,2.0,1.0,188.88,1.0,2.0,5,4,4,13,Champions
55236,0,6.0,Mobile Phone,1,17.0,Credit Card,Male,4.0,4,Fashion,1,Single,4,0,26.0,1.0,,1.0,237.44,1.0,2.0,5,4,5,14,Champions
55237,0,28.0,Computer,1,18.0,Credit Card,Female,3.0,4,Grocery,1,Married,5,0,21.0,,2.0,13.0,285.32,13.0,2.0,1,4,5,10,Loyal Customers
55238,1,1.0,Mobile Phone,1,8.0,Cash on Delivery,Male,4.0,5,Mobile Phone,5,Single,8,0,14.0,2.0,2.0,8.0,148.62,8.0,2.0,2,4,2,8,At Risk
55239,0,18.0,Mobile Phone,1,35.0,Debit Card,Male,3.0,4,Grocery,5,Married,5,0,14.0,,15.0,18.0,288.28,18.0,15.0,1,5,5,11,Loyal Customers
55240,0,13.0,Mobile Phone,1,13.0,Debit Card,Female,3.0,4,Fashion,4,Single,6,0,19.0,3.0,3.0,3.0,208.76,3.0,3.0,4,4,4,12,Champions
55241,0,20.0,Mobile Phone,3,10.0,Debit Card,Female,3.0,4,Grocery,4,Married,10,0,13.0,,6.0,2.0,291.06,2.0,6.0,5,5,5,15,Champions
55242,0,9.0,Mobile Phone,1,23.0,Debit Card,Female,4.0,5,Fashion,4,Single,3,0,20.0,4.0,4.0,,211.06,3.0,4.0,4,5,5,14,Champions
55243,0,1.0,Mobile Phone,1,27.0,Debit Card,Male,4.0,4,Laptop & Accessory,3,Single,2,0,15.0,2.0,2.0,3.0,147.72,3.0,2.0,4,4,2,10,Potential Loyalists
55244,1,4.0,Mobile Phone,1,16.0,Debit Card,Male,3.0,4,Mobile Phone,5,Single,5,0,15.0,2.0,2.0,1.0,145.18,1.0,2.0,5,4,2,11,Potential Loyalists
55245,0,8.0,Mobile Phone,3,8.0,Cash on Delivery,Male,4.0,5,Fashion,3,Married,3,1,15.0,8.0,9.0,7.0,195.83,7.0,9.0,2,5,4,11,Loyal Customers
55246,1,1.0,Computer,1,10.0,Debit Card,Female,3.0,4,Mobile Phone,3,Single,3,0,13.0,3.0,8.0,8.0,165.84,8.0,8.0,2,5,3,10,Loyal Customers
55247,0,24.0,Computer,1,29.0,Credit Card,Male,3.0,6,Grocery,1,Single,3,1,14.0,,14.0,10.0,269.11,10.0,14.0,1,5,5,11,Loyal Customers
55248,0,8.0,Mobile Phone,3,14.0,Cash on Delivery,Male,3.0,4,Mobile Phone,3,Married,2,1,26.0,4.0,6.0,8.0,148.08,8.0,6.0,2,5,2,9,At Risk
55249,0,16.0,Mobile Phone,1,9.0,Credit Card,Male,4.0,5,Mobile Phone,4,Married,6,0,15.0,1.0,2.0,1.0,173.41,1.0,2.0,5,4,4,13,Champions
55250,0,11.0,Mobile Phone,1,20.0,Credit Card,Male,3.0,4,Laptop & Accessory,1,Married,3,0,18.0,3.0,4.0,8.0,167.85,8.0,4.0,2,5,3,10,Loyal Customers
55251,0,3.0,Mobile Phone,1,15.0,UPI,Female,3.0,6,Laptop & Accessory,5,Married,5,0,14.0,2.0,2.0,,222.15,3.0,2.0,4,4,5,13,Champions
55252,0,7.0,Mobile Phone,1,32.0,Debit Card,Male,3.0,5,Laptop & Accessory,4,Single,3,0,14.0,2.0,2.0,3.0,168.2,3.0,2.0,4,4,3,11,Loyal Customers
55253,0,19.0,Mobile Phone,1,35.0,Cash on Delivery,Male,4.0,4,Mobile Phone,1,Married,6,0,21.0,2.0,2.0,4.0,146.32,4.0,2.0,3,4,2,9,Potential Loyalists
55254,0,16.0,Computer,1,9.0,Debit Card,Male,3.0,4,Fashion,1,Married,4,1,15.0,5.0,14.0,,226.24,3.0,14.0,4,5,5,14,Champions
55255,0,14.0,Mobile Phone,3,16.0,Credit Card,Male,3.0,4,Laptop & Accessory,5,Married,2,0,13.0,8.0,8.0,2.0,179.73,2.0,8.0,5,5,4,14,Champions
55256,0,7.0,Mobile Phone,1,35.0,Debit Card,Male,4.0,4,Laptop & Accessory,3,Married,3,1,13.0,5.0,6.0,8.0,177.07,8.0,6.0,2,5,4,11,Loyal Customers
55257,0,14.0,Mobile Phone,2,13.0,Credit Card,Male,3.0,4,Grocery,1,Single,3,1,22.0,,8.0,8.0,289.37,8.0,8.0,2,5,5,12,Loyal Customers
55258,0,1.0,Mobile Phone,1,28.0,Cash on Delivery,Male,3.0,5,Mobile Phone,5,Married,2,0,15.0,1.0,2.0,1.0,147.96,1.0,2.0,5,4,2,11,Potential Loyalists
55259,0,14.0,Computer,1,15.0,Debit Card,Male,4.0,4,Laptop & Accessory,1,Married,5,1,19.0,2.0,3.0,3.0,165.69,3.0,3.0,4,4,3,11,Loyal Customers
55260,0,19.0,Mobile Phone,1,8.0,Cash on Delivery,Male,4.0,4,Fashion,4,Married,3,0,13.0,4.0,8.0,8.0,199.41,8.0,8.0,2,5,4,11,Loyal Customers
55261,0,9.0,Mobile Phone,3,35.0,Debit Card,Female,4.0,5,Mobile Phone,3,Married,2,0,24.0,3.0,5.0,3.0,149.3,3.0,5.0,4,5,2,11,Potential Loyalists
55262,0,6.0,Mobile Phone,1,12.0,Debit Card,Female,4.0,5,Laptop & Accessory,4,Married,5,0,13.0,2.0,3.0,6.0,183.78,6.0,3.0,2,4,4,10,Loyal Customers
55263,0,10.0,Mobile Phone,3,9.0,Debit Card,Male,4.0,4,Mobile Phone,1,Single,5,1,22.0,2.0,2.0,3.0,151.44,3.0,2.0,4,4,2,10,Potential Loyalists
55264,0,22.0,Mobile Phone,3,23.0,Debit Card,Female,4.0,4,Laptop & Accessory,3,Married,10,0,15.0,8.0,8.0,8.0,189.39,8.0,8.0,2,5,4,11,Loyal Customers
55265,0,3.0,Mobile Phone,1,16.0,Debit Card,Male,4.0,2,Mobile Phone,3,Married,8,0,19.0,1.0,2.0,1.0,149.51,1.0,2.0,5,4,2,11,Potential Loyalists
55266,0,7.0,Mobile Phone,3,15.0,Debit Card,Male,3.0,4,Laptop & Accessory,5,Married,4,0,14.0,3.0,3.0,3.0,188.92,3.0,3.0,4,4,4,12,Champions
55267,1,1.0,Mobile Phone,3,8.0,Debit Card,Male,4.0,5,Laptop & Accessory,5,Married,3,0,12.0,2.0,7.0,,222.14,3.0,7.0,4,5,5,14,Champions
55268,0,12.0,Computer,2,17.0,UPI,Male,4.0,4,Laptop & Accessory,3,Married,5,0,12.0,1.0,2.0,3.0,185.77,3.0,2.0,4,4,4,12,Champions
55269,0,9.0,Mobile Phone,1,8.0,Credit Card,Male,4.0,5,Mobile Phone,5,Single,3,0,20.0,2.0,2.0,3.0,149.5,3.0,2.0,4,4,2,10,Potential Loyalists
55270,0,8.0,Mobile Phone,3,36.0,Cash on Delivery,Male,3.0,4,Fashion,4,Married,5,0,13.0,2.0,2.0,,217.5,3.0,2.0,4,4,5,13,Champions
55271,1,1.0,Mobile Phone,1,9.0,Debit Card,Female,4.0,4,Mobile Phone,5,Married,3,1,13.0,2.0,2.0,1.0,145.74,1.0,2.0,5,4,2,11,Potential Loyalists
55272,1,17.0,Mobile Phone,1,9.0,Cash on Delivery,Female,4.0,5,Fashion,1,Married,2,0,17.0,1.0,2.0,,226.69,3.0,2.0,4,4,5,13,Champions
55273,1,2.0,Mobile Phone,1,9.0,Credit Card,Male,3.0,4,Laptop & Accessory,4,Married,6,0,12.0,2.0,2.0,5.0,173.55,5.0,2.0,2,4,4,10,Loyal Customers
55274,0,6.0,Computer,1,8.0,Cash on Delivery,Male,4.0,4,Laptop & Accessory,5,Married,6,0,15.0,1.0,2.0,3.0,165.87,3.0,2.0,4,4,3,11,Loyal Customers
55275,0,22.0,Mobile Phone,1,22.0,UPI,Female,4.0,4,Mobile Phone,5,Married,10,0,13.0,7.0,8.0,7.0,148.67,7.0,8.0,2,5,2,9,At Risk
55276,0,8.0,Mobile Phone,1,14.0,Credit Card,Male,3.0,4,Mobile Phone,1,Single,3,0,14.0,1.0,2.0,1.0,154.72,1.0,2.0,5,4,3,12,Loyal Customers
55277,0,29.0,Mobile Phone,3,33.0,E wallet,Male,3.0,5,Others,1,Married,3,0,,1.0,3.0,14.0,320.86,14.0,3.0,1,4,5,10,Loyal Customers
55278,0,8.0,Mobile Phone,1,8.0,Debit Card,Male,3.0,4,Laptop & Accessory,1,Married,11,0,18.0,1.0,3.0,2.0,179.84,2.0,3.0,5,4,4,13,Champions
55279,0,1.0,Mobile Phone,1,10.0,Debit Card,Female,3.0,4,Mobile Phone,1,Married,3,0,22.0,2.0,2.0,1.0,145.61,1.0,2.0,5,4,2,11,Potential Loyalists
55280,0,12.0,Mobile Phone,3,21.0,Debit Card,Male,4.0,4,Laptop & Accessory,4,Married,2,0,12.0,4.0,8.0,,224.24,3.0,8.0,4,5,5,14,Champions
55281,0,12.0,Mobile Phone,3,23.0,Debit Card,Female,3.0,4,Laptop & Accessory,4,Single,4,0,13.0,2.0,2.0,3.0,166.98,3.0,2.0,4,4,3,11,Loyal Customers
55282,0,10.0,Mobile Phone,3,8.0,Debit Card,Female,4.0,4,Laptop & Accessory,3,Single,8,0,14.0,2.0,2.0,1.0,193.15,1.0,2.0,5,4,4,13,Champions
55283,0,3.0,Mobile Phone,1,10.0,Credit Card,Male,3.0,4,Mobile Phone,5,Single,3,1,19.0,1.0,2.0,6.0,172.23,6.0,2.0,2,4,3,9,Loyal Customers
55284,0,9.0,Mobile Phone,1,17.0,Credit Card,Female,3.0,4,Laptop & Accessory,3,Single,5,1,17.0,1.0,2.0,5.0,186.42,5.0,2.0,2,4,4,10,Loyal Customers
55285,0,13.0,Mobile Phone,3,13.0,Credit Card,Male,3.0,2,Fashion,3,Married,4,0,12.0,4.0,8.0,7.0,207.37,7.0,8.0,2,5,4,11,Loyal Customers
55286,0,3.0,Computer,1,9.0,Debit Card,Male,3.0,4,Laptop & Accessory,1,Married,3,0,20.0,2.0,2.0,,213.53,3.0,2.0,4,4,5,13,Champions
55287,0,24.0,Mobile Phone,3,16.0,E wallet,Male,3.0,4,Others,3,Married,6,1,,1.0,2.0,1.0,318.31,1.0,2.0,5,4,5,14,Champions
55288,0,1.0,Mobile Phone,1,17.0,Cash on Delivery,Male,3.0,2,Mobile Phone,3,Married,4,0,17.0,1.0,3.0,3.0,145.73,3.0,3.0,4,4,2,10,Potential Loyalists
55289,0,10.0,Computer,1,13.0,Debit Card,Male,4.0,2,Laptop & Accessory,5,Married,5,1,14.0,1.0,2.0,3.0,180.62,3.0,2.0,4,4,4,12,Champions
55290,0,16.0,Mobile Phone,1,16.0,UPI,Male,4.0,5,Others,1,Single,10,0,,2.0,2.0,2.0,321.13,2.0,2.0,5,4,5,14,Champions
55291,0,9.0,Mobile Phone,1,35.0,Debit Card,Male,3.0,2,Laptop & Accessory,3,Married,3,0,18.0,7.0,7.0,9.0,159.07,9.0,7.0,1,5,3,9,Loyal Customers
55292,0,8.0,Computer,1,17.0,Cash on Delivery,Male,4.0,5,Laptop & Accessory,3,Married,3,0,15.0,2.0,8.0,8.0,175.63,8.0,8.0,2,5,4,11,Loyal Customers
55293,0,14.0,Mobile Phone,3,21.0,Debit Card,Female,3.0,4,Laptop & Accessory,5,Married,3,0,16.0,1.0,2.0,3.0,171.39,3.0,2.0,4,4,3,11,Loyal Customers
55294,0,17.0,Mobile Phone,1,34.0,Cash on Delivery,Male,3.0,2,Mobile Phone,4,Married,7,0,13.0,2.0,2.0,3.0,173.76,3.0,2.0,4,4,4,12,Champions
55295,0,9.0,Mobile Phone,1,14.0,Debit Card,Male,4.0,5,Mobile Phone,1,Married,3,0,19.0,2.0,2.0,2.0,151.9,2.0,2.0,5,4,2,11,Potential Loyalists
55296,0,20.0,Mobile Phone,3,8.0,Debit Card,Male,3.0,2,Grocery,5,Single,3,0,,1.0,2.0,13.0,300.67,13.0,2.0,1,4,5,10,Loyal Customers
55297,1,1.0,Mobile Phone,1,31.0,Credit Card,Male,3.0,4,Mobile Phone,4,Married,3,1,18.0,1.0,2.0,1.0,149.08,1.0,2.0,5,4,2,11,Potential Loyalists
55298,0,1.0,Computer,1,33.0,UPI,Female,3.0,5,Mobile Phone,3,Married,3,1,15.0,2.0,2.0,4.0,153.14,4.0,2.0,3,4,2,9,Potential Loyalists
55299,0,24.0,Computer,1,27.0,Credit Card,Male,3.0,4,Grocery,3,Married,4,1,16.0,1.0,,14.0,237.45,14.0,2.0,1,4,5,10,Loyal Customers
55300,0,6.0,Mobile Phone,1,12.0,UPI,Female,3.0,2,Mobile Phone,1,Married,5,0,18.0,2.0,2.0,3.0,158.12,3.0,2.0,4,4,3,11,Loyal Customers
55301,0,18.0,Mobile Phone,1,14.0,Credit Card,Female,3.0,4,Others,1,Married,2,1,,1.0,2.0,11.0,315.49,11.0,2.0,1,4,5,10,Loyal Customers
55302,0,4.0,Mobile Phone,1,14.0,Credit Card,Male,3.0,5,Mobile Phone,4,Married,3,0,13.0,2.0,2.0,2.0,146.41,2.0,2.0,5,4,2,11,Potential Loyalists
55303,0,19.0,Mobile Phone,1,12.0,Credit Card,Female,3.0,6,Laptop & Accessory,5,Single,3,1,15.0,1.0,2.0,5.0,182.69,5.0,2.0,2,4,4,10,Loyal Customers
55304,0,19.0,Computer,3,33.0,E wallet,Male,3.0,5,Laptop & Accessory,5,Married,3,0,16.0,4.0,5.0,6.0,168.85,6.0,5.0,2,5,3,10,Loyal Customers
55305,0,5.0,Computer,3,9.0,UPI,Male,3.0,4,Laptop & Accessory,5,Single,9,0,14.0,2.0,2.0,4.0,178.32,4.0,2.0,3,4,4,11,Loyal Customers
55306,0,10.0,Mobile Phone,1,19.0,Debit Card,Female,4.0,4,Laptop & Accessory,3,Married,11,1,13.0,1.0,2.0,2.0,171.63,2.0,2.0,5,4,3,12,Loyal Customers
55307,0,8.0,Computer,1,17.0,Debit Card,Male,3.0,2,Laptop & Accessory,1,Married,3,0,14.0,4.0,8.0,3.0,172.24,3.0,8.0,4,5,3,12,Loyal Customers
55308,0,23.0,Mobile Phone,1,32.0,Debit Card,Female,3.0,4,Mobile Phone,5,Married,3,0,15.0,2.0,2.0,5.0,157.11,5.0,2.0,2,4,3,9,Loyal Customers
55309,0,13.0,Mobile Phone,1,17.0,Credit Card,Male,4.0,4,Laptop & Accessory,5,Married,4,0,14.0,4.0,8.0,8.0,178.77,8.0,8.0,2,5,4,11,Loyal Customers
55310,0,1.0,Mobile Phone,1,26.0,UPI,Male,4.0,5,Mobile Phone,5,Married,3,0,12.0,1.0,2.0,8.0,165.66,8.0,2.0,2,4,3,9,Loyal Customers
55311,0,9.0,Mobile Phone,1,25.0,Debit Card,Male,3.0,2,Laptop & Accessory,5,Married,3,0,12.0,2.0,2.0,11.0,177.08,11.0,2.0,1,4,4,9,Loyal Customers
55312,0,2.0,Mobile Phone,1,34.0,Credit Card,Female,3.0,6,Laptop & Accessory,5,Married,2,0,22.0,2.0,2.0,1.0,173.77,1.0,2.0,5,4,4,13,Champions
55313,0,1.0,Mobile Phone,1,12.0,Credit Card,Male,4.0,4,Mobile Phone,1,Single,3,0,19.0,1.0,3.0,3.0,156.17,3.0,3.0,4,4,3,11,Loyal Customers
55314,1,1.0,Computer,3,10.0,Credit Card,Female,4.0,4,Mobile Phone,1,Single,3,1,13.0,2.0,2.0,1.0,140.69,1.0,2.0,5,4,1,10,Potential Loyalists
55315,0,21.0,Mobile Phone,2,33.0,Debit Card,Female,4.0,4,Others,3,Married,5,0,,2.0,2.0,1.0,321.58,1.0,2.0,5,4,5,14,Champions
55316,0,13.0,Mobile Phone,1,10.0,Credit Card,Male,4.0,5,Laptop & Accessory,3,Married,2,0,16.0,1.0,2.0,8.0,155.69,8.0,2.0,2,4,3,9,Loyal Customers
55317,0,14.0,Mobile Phone,1,22.0,Debit Card,Female,4.0,5,Fashion,3,Married,3,0,14.0,7.0,15.0,,229.35,3.0,15.0,4,5,5,14,Champions
55318,0,9.0,Computer,1,15.0,Debit Card,Female,3.0,4,Laptop & Accessory,3,Married,3,0,13.0,1.0,3.0,10.0,166.48,10.0,3.0,1,4,3,8,Loyal Customers
55319,0,11.0,Mobile Phone,1,26.0,Debit Card,Male,3.0,4,Laptop & Accessory,3,Married,5,0,18.0,1.0,2.0,3.0,182.68,3.0,2.0,4,4,4,12,Champions
55320,0,13.0,Computer,1,11.0,Credit Card,Female,3.0,4,Laptop & Accessory,3,Single,2,0,14.0,4.0,4.0,9.0,175.42,9.0,4.0,1,5,4,10,Loyal Customers
55321,0,19.0,Mobile Phone,1,9.0,UPI,Female,3.0,5,Laptop & Accessory,1,Married,3,0,20.0,4.0,4.0,10.0,182.7,10.0,4.0,1,5,4,10,Loyal Customers
55322,0,12.0,Mobile Phone,1,9.0,Credit Card,Female,3.0,5,Fashion,3,Married,5,1,20.0,1.0,2.0,3.0,202.56,3.0,2.0,4,4,4,12,Champions
55323,1,1.0,Mobile Phone,3,17.0,Credit Card,Male,3.0,5,Fashion,5,Married,11,0,18.0,1.0,7.0,,228.06,3.0,7.0,4,5,5,14,Champions
55324,0,11.0,Mobile Phone,1,17.0,Credit Card,Female,4.0,4,Mobile Phone,4,Married,3,0,12.0,5.0,8.0,8.0,164.36,8.0,8.0,2,5,3,10,Loyal Customers
55325,0,14.0,Mobile Phone,1,23.0,Debit Card,Female,3.0,4,Fashion,1,Single,8,1,16.0,4.0,4.0,4.0,204.45,4.0,4.0,3,5,4,12,Loyal Customers
55326,0,18.0,Computer,2,8.0,UPI,Male,3.0,4,Laptop & Accessory,1,Married,6,1,12.0,2.0,2.0,3.0,182.43,3.0,2.0,4,4,4,12,Champions
55327,0,22.0,Computer,1,11.0,Credit Card,Male,3.0,5,Grocery,1,Married,4,0,26.0,,3.0,3.0,277.02,3.0,3.0,4,4,5,13,Champions
55328,1,1.0,Mobile Phone,3,22.0,Credit Card,Male,3.0,6,Laptop & Accessory,1,Married,8,1,15.0,1.0,3.0,3.0,179.4,3.0,3.0,4,4,4,12,Champions
55329,0,1.0,Computer,1,9.0,Cash on Delivery,Female,3.0,4,Mobile Phone,1,Single,3,1,14.0,1.0,2.0,4.0,162.6,4.0,2.0,3,4,3,10,Loyal Customers
55330,0,1.0,Mobile Phone,1,15.0,Credit Card,Female,3.0,2,Mobile Phone,3,Married,9,0,18.0,1.0,2.0,3.0,160.17,3.0,2.0,4,4,3,11,Loyal Customers
55331,0,1.0,Computer,1,9.0,Credit Card,Male,3.0,4,Mobile Phone,1,Single,4,0,14.0,1.0,2.0,3.0,150.8,3.0,2.0,4,4,2,10,Potential Loyalists
55332,1,4.0,Mobile Phone,1,14.0,Debit Card,Male,4.0,4,Mobile Phone,5,Single,5,1,15.0,1.0,2.0,4.0,146.66,4.0,2.0,3,4,2,9,Potential Loyalists
55333,0,3.0,Mobile Phone,3,17.0,Credit Card,Male,3.0,5,Laptop & Accessory,3,Single,11,0,12.0,2.0,2.0,5.0,183.69,5.0,2.0,2,4,4,10,Loyal Customers
55334,0,10.0,Mobile Phone,1,12.0,Debit Card,Female,3.0,4,Fashion,5,Married,6,0,13.0,2.0,2.0,3.0,205.08,3.0,2.0,4,4,4,12,Champions
55335,0,1.0,Computer,1,9.0,Debit Card,Male,4.0,2,Laptop & Accessory,3,Married,3,0,18.0,2.0,2.0,8.0,177.06,8.0,2.0,2,4,4,10,Loyal Customers
55336,0,13.0,Mobile Phone,1,19.0,Credit Card,Male,4.0,4,Laptop & Accessory,4,Married,6,0,22.0,2.0,2.0,1.0,177.95,1.0,2.0,5,4,4,13,Champions
55337,0,23.0,Mobile Phone,1,29.0,UPI,Female,4.0,4,Grocery,4,Married,5,0,17.0,,2.0,3.0,289.13,3.0,2.0,4,4,5,13,Champions
55338,0,24.0,Mobile Phone,1,24.0,Debit Card,Female,3.0,5,Fashion,5,Married,7,0,16.0,1.0,,12.0,257.69,12.0,2.0,1,4,5,10,Loyal Customers
55339,0,1.0,Mobile Phone,3,9.0,Credit Card,Female,3.0,4,Mobile Phone,3,Single,3,0,20.0,1.0,3.0,3.0,152.83,3.0,3.0,4,4,2,10,Potential Loyalists
55340,0,8.0,Mobile Phone,1,10.0,Debit Card,Female,4.0,4,Laptop & Accessory,4,Married,3,0,13.0,2.0,8.0,10.0,179.33,10.0,8.0,1,5,4,10,Loyal Customers
55341,0,10.0,Mobile Phone,1,14.0,Debit Card,Male,4.0,4,Mobile Phone,4,Single,4,0,12.0,1.0,2.0,4.0,145.13,4.0,2.0,3,4,2,9,Potential Loyalists
55342,0,23.0,Mobile Phone,1,13.0,Debit Card,Female,3.0,5,Grocery,3,Married,4,1,20.0,,3.0,13.0,264.66,13.0,3.0,1,4,5,10,Loyal Customers
55343,0,10.0,Computer,1,8.0,Credit Card,Female,3.0,5,Laptop & Accessory,3,Married,2,0,16.0,1.0,2.0,3.0,168.74,3.0,2.0,4,4,3,11,Loyal Customers
55344,0,10.0,Mobile Phone,1,10.0,Debit Card,Male,4.0,2,Laptop & Accessory,5,Married,8,0,21.0,1.0,2.0,5.0,193.42,5.0,2.0,2,4,4,10,Loyal Customers
55345,0,28.0,Mobile Phone,1,29.0,Credit Card,Female,4.0,4,Grocery,3,Married,5,0,,4.0,5.0,8.0,299.26,8.0,5.0,2,5,5,12,Loyal Customers
55346,0,17.0,Mobile Phone,1,22.0,Debit Card,Male,4.0,5,Grocery,3,Married,3,0,,3.0,7.0,12.0,301.03,12.0,7.0,1,5,5,11,Loyal Customers
55347,1,1.0,Computer,3,19.0,UPI,Male,3.0,4,Laptop & Accessory,1,Single,5,1,25.0,6.0,7.0,8.0,170.81,8.0,7.0,2,5,3,10,Loyal Customers
55348,0,12.0,Computer,1,8.0,Debit Card,Male,3.0,4,Laptop & Accessory,1,Married,9,0,16.0,2.0,3.0,10.0,172.35,10.0,3.0,1,4,3,8,Loyal Customers
55349,0,3.0,Mobile Phone,3,12.0,Credit Card,Male,3.0,5,Laptop & Accessory,4,Married,3,1,14.0,1.0,2.0,10.0,166.87,10.0,2.0,1,4,3,8,Loyal Customers
55350,0,7.0,Mobile Phone,3,9.0,Credit Card,Male,4.0,4,Laptop & Accessory,1,Married,3,0,15.0,2.0,2.0,5.0,180.05,5.0,2.0,2,4,4,10,Loyal Customers
55351,0,6.0,Mobile Phone,1,9.0,Credit Card,Male,3.0,4,Laptop & Accessory,4,Married,2,0,14.0,2.0,2.0,7.0,179.7,7.0,2.0,2,4,4,10,Loyal Customers
55352,0,5.0,Mobile Phone,3,12.0,Debit Card,Female,4.0,4,Laptop & Accessory,1,Married,3,0,12.0,1.0,2.0,3.0,179.76,3.0,2.0,4,4,4,12,Champions
55353,0,23.0,Mobile Phone,1,23.0,Credit Card,Female,4.0,4,Mobile Phone,5,Married,6,1,17.0,1.0,3.0,3.0,150.87,3.0,3.0,4,4,2,10,Potential Loyalists
55354,0,12.0,Computer,1,9.0,Credit Card,Female,3.0,5,Mobile Phone,4,Single,3,0,23.0,1.0,4.0,4.0,149.4,4.0,4.0,3,5,2,10,Potential Loyalists
55355,0,21.0,Mobile Phone,3,9.0,Debit Card,Female,3.0,2,Grocery,4,Married,8,0,15.0,,2.0,3.0,284.72,3.0,2.0,4,4,5,13,Champions
55356,0,23.0,Mobile Phone,1,8.0,Debit Card,Male,3.0,4,Grocery,3,Single,6,0,15.0,,2.0,1.0,278.79,1.0,2.0,5,4,5,14,Champions
55357,0,15.0,Mobile Phone,3,30.0,Debit Card,Male,4.0,4,Fashion,3,Single,5,1,17.0,1.0,2.0,3.0,195.82,3.0,2.0,4,4,4,12,Champions
55358,0,1.0,Mobile Phone,3,16.0,Debit Card,Male,3.0,4,Mobile Phone,5,Single,3,0,12.0,1.0,2.0,3.0,152.28,3.0,2.0,4,4,2,10,Potential Loyalists
55359,0,7.0,Computer,3,23.0,Debit Card,Female,3.0,4,Laptop & Accessory,1,Married,3,1,26.0,1.0,2.0,3.0,178.68,3.0,2.0,4,4,4,12,Champions
55360,0,10.0,Mobile Phone,1,33.0,Debit Card,Male,4.0,4,Laptop & Accessory,3,Married,8,0,15.0,2.0,2.0,3.0,178.47,3.0,2.0,4,4,4,12,Champions
55361,0,18.0,Mobile Phone,2,8.0,Debit Card,Female,3.0,4,Mobile Phone,1,Married,6,1,19.0,3.0,3.0,3.0,156.95,3.0,3.0,4,4,3,11,Loyal Customers
55362,1,1.0,Mobile Phone,1,15.0,Credit Card,Male,4.0,5,Mobile Phone,3,Single,3,1,12.0,2.0,2.0,3.0,164.89,3.0,2.0,4,4,3,11,Loyal Customers
55363,0,12.0,Mobile Phone,1,11.0,Credit Card,Female,3.0,4,Mobile Phone,3,Married,9,0,20.0,1.0,2.0,1.0,158.06,1.0,2.0,5,4,3,12,Loyal Customers
55364,0,27.0,Mobile Phone,1,31.0,Credit Card,Male,3.0,2,Fashion,1,Married,5,0,16.0,1.0,2.0,3.0,195.05,3.0,2.0,4,4,4,12,Champions
55365,1,12.0,Computer,3,14.0,Credit Card,Female,4.0,4,Mobile Phone,3,Married,4,1,12.0,2.0,8.0,8.0,151.55,8.0,8.0,2,5,2,9,At Risk
55366,1,1.0,Mobile Phone,1,9.0,Debit Card,Male,4.0,4,Mobile Phone,4,Single,3,0,13.0,1.0,2.0,1.0,138.93,1.0,2.0,5,4,1,10,Potential Loyalists
55367,0,1.0,Computer,1,14.0,Credit Card,Male,4.0,4,Mobile Phone,1,Single,3,0,21.0,1.0,6.0,8.0,150.7,8.0,6.0,2,5,2,9,At Risk
55368,0,29.0,Mobile Phone,1,29.0,Cash on Delivery,Male,4.0,5,Mobile Phone,4,Married,7,0,13.0,2.0,2.0,3.0,160.37,3.0,2.0,4,4,3,11,Loyal Customers
55369,0,8.0,Mobile Phone,1,12.0,Credit Card,Male,3.0,5,Laptop & Accessory,1,Married,3,0,15.0,1.0,5.0,14.0,164.86,14.0,5.0,1,5,3,9,Loyal Customers
55370,0,31.0,Mobile Phone,1,8.0,Credit Card,Male,4.0,6,Fashion,1,Married,5,0,21.0,2.0,,1.0,233.83,1.0,2.0,5,4,5,14,Champions
55371,0,7.0,Mobile Phone,1,28.0,Credit Card,Male,4.0,2,Mobile Phone,4,Married,3,0,19.0,1.0,3.0,14.0,145.28,14.0,3.0,1,4,2,7,At Risk
55372,0,11.0,Computer,3,8.0,Credit Card,Male,3.0,6,Laptop & Accessory,1,Married,3,0,15.0,2.0,2.0,,220.25,3.0,2.0,4,4,5,13,Champions
55373,0,8.0,Mobile Phone,1,26.0,Debit Card,Female,3.0,5,Mobile Phone,1,Married,3,0,13.0,2.0,9.0,8.0,154.29,8.0,9.0,2,5,3,10,Loyal Customers
55374,1,1.0,Mobile Phone,3,14.0,Debit Card,Male,4.0,4,Mobile Phone,1,Married,3,1,22.0,2.0,2.0,3.0,147.75,3.0,2.0,4,4,2,10,Potential Loyalists
55375,0,18.0,Mobile Phone,1,9.0,Debit Card,Female,4.0,2,Fashion,1,Married,3,1,20.0,2.0,7.0,8.0,203.79,8.0,7.0,2,5,4,11,Loyal Customers
55376,0,9.0,Computer,1,9.0,Credit Card,Male,4.0,5,Mobile Phone,1,Single,2,1,15.0,2.0,2.0,5.0,174.3,5.0,2.0,2,4,4,10,Loyal Customers
55377,0,17.0,Mobile Phone,3,9.0,Credit Card,Male,4.0,4,Laptop & Accessory,1,Married,3,1,18.0,4.0,9.0,9.0,203.47,9.0,9.0,1,5,4,10,Loyal Customers
55378,0,1.0,Mobile Phone,1,16.0,Credit Card,Male,4.0,2,Mobile Phone,3,Married,3,0,17.0,1.0,2.0,5.0,169.01,5.0,2.0,2,4,3,9,Loyal Customers
55379,0,15.0,Mobile Phone,3,13.0,E wallet,Male,3.0,4,Fashion,3,Single,3,0,13.0,4.0,9.0,,217.41,3.0,9.0,4,5,5,14,Champions
55380,0,3.0,Mobile Phone,1,16.0,Credit Card,Female,3.0,4,Mobile Phone,3,Married,11,0,18.0,1.0,2.0,3.0,154.74,3.0,2.0,4,4,3,11,Loyal Customers
55381,0,10.0,Mobile Phone,3,9.0,Debit Card,Female,3.0,4,Laptop & Accessory,1,Single,5,0,16.0,7.0,7.0,8.0,170.02,8.0,7.0,2,5,3,10,Loyal Customers
55382,0,19.0,Computer,1,8.0,Debit Card,Male,4.0,5,Fashion,3,Married,5,0,24.0,5.0,,5.0,232.48,5.0,2.0,2,4,5,11,Loyal Customers
55383,1,1.0,Mobile Phone,2,29.0,UPI,Male,3.0,6,Mobile Phone,3,Married,3,0,12.0,1.0,2.0,1.0,140.55,1.0,2.0,5,4,1,10,Potential Loyalists
55384,1,11.0,Computer,3,16.0,Debit Card,Male,3.0,6,Grocery,3,Married,9,0,12.0,7.0,,11.0,254.36,11.0,2.0,1,4,5,10,Loyal Customers
55385,0,1.0,Mobile Phone,1,24.0,Credit Card,Male,4.0,6,Mobile Phone,3,Married,3,0,16.0,2.0,2.0,3.0,148.05,3.0,2.0,4,4,2,10,Potential Loyalists
55386,0,19.0,Mobile Phone,1,35.0,Cash on Delivery,Female,3.0,5,Grocery,4,Single,3,0,,7.0,9.0,7.0,292.04,7.0,9.0,2,5,5,12,Loyal Customers
55387,0,6.0,Computer,1,17.0,Debit Card,Male,3.0,4,Mobile Phone,3,Married,8,0,14.0,1.0,2.0,4.0,159.33,4.0,2.0,3,4,3,10,Loyal Customers
55388,0,5.0,Mobile Phone,1,9.0,Debit Card,Male,4.0,4,Mobile Phone,3,Married,3,0,15.0,2.0,2.0,4.0,159.77,4.0,2.0,3,4,3,10,Loyal Customers
55389,0,15.0,Computer,2,11.0,UPI,Male,3.0,6,Laptop & Accessory,4,Married,8,0,20.0,1.0,2.0,3.0,189.3,3.0,2.0,4,4,4,12,Champions
55390,0,14.0,Mobile Phone,1,15.0,Debit Card,Female,4.0,4,Laptop & Accessory,5,Married,4,1,17.0,2.0,2.0,1.0,190.16,1.0,2.0,5,4,4,13,Champions
55391,0,1.0,Mobile Phone,1,36.0,Credit Card,Male,4.0,4,Mobile Phone,5,Married,3,0,14.0,2.0,2.0,3.0,164.07,3.0,2.0,4,4,3,11,Loyal Customers
55392,0,20.0,Mobile Phone,1,20.0,Debit Card,Male,3.0,4,Laptop & Accessory,4,Single,8,0,15.0,2.0,2.0,10.0,180.62,10.0,2.0,1,4,4,9,Loyal Customers
55393,0,9.0,Mobile Phone,1,34.0,Debit Card,Male,3.0,4,Laptop & Accessory,3,Married,4,0,17.0,2.0,2.0,8.0,193.83,8.0,2.0,2,4,4,10,Loyal Customers
55394,0,4.0,Mobile Phone,1,23.0,Debit Card,Male,3.0,4,Mobile Phone,1,Married,3,0,13.0,1.0,2.0,9.0,153.62,9.0,2.0,1,4,2,7,At Risk
55395,0,21.0,Computer,3,9.0,E wallet,Male,3.0,4,Laptop & Accessory,4,Married,9,0,12.0,1.0,2.0,1.0,174.78,1.0,2.0,5,4,4,13,Champions
55396,0,20.0,Mobile Phone,3,9.0,Debit Card,Male,4.0,4,Fashion,1,Married,6,1,13.0,1.0,2.0,,228.68,3.0,2.0,4,4,5,13,Champions
55397,1,1.0,Mobile Phone,3,20.0,E wallet,Male,4.0,5,Laptop & Accessory,5,Married,7,1,14.0,2.0,3.0,3.0,186.34,3.0,3.0,4,4,4,12,Champions
55398,1,1.0,Mobile Phone,3,8.0,Debit Card,Male,3.0,6,Laptop & Accessory,4,Single,8,0,16.0,1.0,2.0,1.0,192.35,1.0,2.0,5,4,4,13,Champions
55399,0,1.0,Mobile Phone,1,11.0,Credit Card,Female,3.0,4,Mobile Phone,4,Single,3,0,14.0,1.0,2.0,3.0,157.95,3.0,2.0,4,4,3,11,Loyal Customers
55400,0,5.0,Computer,1,31.0,Cash on Delivery,Female,2.0,4,Laptop & Accessory,1,Single,4,0,21.0,1.0,2.0,5.0,177.38,5.0,2.0,2,4,4,10,Loyal Customers
55401,0,13.0,Computer,1,8.0,Debit Card,Male,4.0,4,Laptop & Accessory,1,Married,3,1,16.0,1.0,6.0,9.0,189.72,9.0,6.0,1,5,4,10,Loyal Customers
55402,0,6.0,Mobile Phone,3,26.0,Debit Card,Male,4.0,6,Fashion,3,Married,5,0,14.0,1.0,2.0,,221.1,3.0,2.0,4,4,5,13,Champions
55403,0,14.0,Mobile Phone,3,14.0,Credit Card,Male,3.0,4,Others,4,Single,3,0,15.0,13.0,13.0,9.0,323.33,9.0,13.0,1,5,5,11,Loyal Customers
55404,0,19.0,Mobile Phone,2,11.0,Debit Card,Female,3.0,6,Fashion,3,Married,6,0,22.0,2.0,2.0,,222.56,3.0,2.0,4,4,5,13,Champions
55405,0,4.0,Computer,1,9.0,Cash on Delivery,Female,4.0,5,Mobile Phone,5,Single,2,0,17.0,1.0,2.0,8.0,174.68,8.0,2.0,2,4,4,10,Loyal Customers
55406,0,1.0,Computer,2,17.0,Credit Card,Male,3.0,4,Mobile Phone,1,Married,2,0,15.0,1.0,3.0,2.0,146.45,2.0,3.0,5,4,2,11,Potential Loyalists
55407,1,1.0,Computer,2,15.0,UPI,Female,4.0,5,Mobile Phone,1,Married,8,0,12.0,2.0,2.0,3.0,146.8,3.0,2.0,4,4,2,10,Potential Loyalists
55408,0,5.0,Mobile Phone,3,12.0,Cash on Delivery,Male,3.0,4,Laptop & Accessory,3,Married,3,0,20.0,2.0,2.0,3.0,208.46,3.0,2.0,4,4,4,12,Champions
55409,0,1.0,Mobile Phone,1,15.0,Credit Card,Female,4.0,4,Mobile Phone,1,Single,3,0,12.0,1.0,2.0,5.0,159.45,5.0,2.0,2,4,3,9,Loyal Customers
55410,1,1.0,Mobile Phone,3,16.0,E wallet,Female,3.0,6,Mobile Phone,4,Single,3,0,14.0,3.0,3.0,3.0,152.6,3.0,3.0,4,4,2,10,Potential Loyalists
55411,0,3.0,Computer,1,8.0,Debit Card,Male,4.0,2,Laptop & Accessory,3,Single,10,1,13.0,2.0,2.0,3.0,187.94,3.0,2.0,4,4,4,12,Champions
55412,0,4.0,Mobile Phone,3,22.0,E wallet,Male,4.0,5,Fashion,5,Married,4,0,12.0,2.0,2.0,8.0,196.4,8.0,2.0,2,4,4,10,Loyal Customers
55413,0,8.0,Mobile Phone,1,9.0,Credit Card,Male,4.0,2,Mobile Phone,1,Married,2,1,15.0,2.0,2.0,3.0,154.32,3.0,2.0,4,4,3,11,Loyal Customers
55414,0,7.0,Computer,3,9.0,E wallet,Female,4.0,4,Laptop & Accessory,4,Single,10,0,16.0,2.0,2.0,8.0,176.47,8.0,2.0,2,4,4,10,Loyal Customers
55415,0,23.0,Mobile Phone,3,18.0,E wallet,Female,4.0,4,Laptop & Accessory,1,Single,5,0,13.0,1.0,2.0,5.0,170.07,5.0,2.0,2,4,3,9,Loyal Customers
55416,1,1.0,Mobile Phone,3,23.0,Debit Card,Female,4.0,4,Fashion,5,Single,4,1,21.0,2.0,2.0,,210.64,3.0,2.0,4,4,5,13,Champions
55417,0,12.0,Computer,1,9.0,Credit Card,Female,4.0,5,Mobile Phone,4,Married,6,0,15.0,1.0,2.0,6.0,149.68,6.0,2.0,2,4,2,8,At Risk
55418,1,1.0,Mobile Phone,3,23.0,E wallet,Male,4.0,4,Fashion,3,Married,4,0,14.0,1.0,2.0,1.0,206.61,1.0,2.0,5,4,4,13,Champions
55419,0,3.0,Mobile Phone,1,11.0,Cash on Delivery,Female,4.0,5,Mobile Phone,5,Married,3,0,14.0,1.0,2.0,1.0,146.09,1.0,2.0,5,4,2,11,Potential Loyalists
55420,0,4.0,Mobile Phone,1,23.0,Debit Card,Male,3.0,2,Laptop & Accessory,3,Married,5,0,17.0,2.0,2.0,8.0,177.94,8.0,2.0,2,4,4,10,Loyal Customers
55421,0,6.0,Computer,1,12.0,Cash on Delivery,Male,4.0,4,Mobile Phone,4,Single,4,0,15.0,2.0,2.0,8.0,152.18,8.0,2.0,2,4,2,8,At Risk
55422,0,12.0,Mobile Phone,1,25.0,Credit Card,Male,3.0,6,Laptop & Accessory,1,Married,5,1,17.0,1.0,2.0,1.0,183.11,1.0,2.0,5,4,4,13,Champions
55423,1,7.0,Computer,1,24.0,Cash on Delivery,Male,3.0,5,Mobile Phone,3,Married,11,1,17.0,2.0,2.0,1.0,149.37,1.0,2.0,5,4,2,11,Potential Loyalists
55424,0,16.0,Mobile Phone,1,19.0,Credit Card,Male,3.0,4,Mobile Phone,4,Married,10,0,23.0,2.0,2.0,5.0,152.66,5.0,2.0,2,4,2,8,At Risk
55425,0,29.0,Mobile Phone,1,9.0,Credit Card,Male,3.0,5,Others,5,Married,10,0,,2.0,2.0,1.0,315.38,1.0,2.0,5,4,5,14,Champions
55426,0,7.0,Computer,1,11.0,Cash on Delivery,Male,3.0,4,Laptop & Accessory,4,Married,7,0,16.0,1.0,2.0,8.0,155.55,8.0,2.0,2,4,3,9,Loyal Customers
55427,0,15.0,Mobile Phone,1,16.0,Debit Card,Male,4.0,4,Mobile Phone,5,Married,3,0,21.0,1.0,2.0,5.0,147.89,5.0,2.0,2,4,2,8,At Risk
55428,0,8.0,Computer,3,17.0,Debit Card,Male,3.0,4,Laptop & Accessory,3,Married,3,1,15.0,2.0,2.0,8.0,165.01,8.0,2.0,2,4,3,9,Loyal Customers
55429,0,27.0,Computer,1,8.0,Credit Card,Female,3.0,5,Grocery,3,Married,6,1,21.0,2.0,,3.0,254.65,3.0,2.0,4,4,5,13,Champions
55430,0,17.0,Mobile Phone,2,9.0,Debit Card,Male,4.0,4,Mobile Phone,1,Single,2,0,14.0,2.0,2.0,9.0,160.39,9.0,2.0,1,4,3,8,Loyal Customers
55431,0,8.0,Mobile Phone,3,10.0,Debit Card,Female,3.0,6,Laptop & Accessory,1,Single,7,0,13.0,3.0,3.0,3.0,185.29,3.0,3.0,4,4,4,12,Champions
55432,1,1.0,Mobile Phone,3,14.0,E wallet,Male,3.0,4,Mobile Phone,4,Single,3,0,14.0,1.0,2.0,1.0,151.79,1.0,2.0,5,4,2,11,Potential Loyalists
55433,0,12.0,Mobile Phone,1,13.0,UPI,Female,3.0,5,Mobile Phone,3,Married,3,0,12.0,2.0,2.0,5.0,162.02,5.0,2.0,2,4,3,9,Loyal Customers
55434,1,1.0,Mobile Phone,1,15.0,Credit Card,Female,4.0,4,Mobile Phone,5,Married,3,1,18.0,1.0,2.0,1.0,148.98,1.0,2.0,5,4,2,11,Potential Loyalists
55435,0,5.0,Mobile Phone,3,36.0,E wallet,Female,4.0,5,Laptop & Accessory,1,Married,3,0,15.0,1.0,6.0,8.0,179.68,8.0,6.0,2,5,4,11,Loyal Customers
55436,0,25.0,Mobile Phone,1,10.0,Cash on Delivery,Female,3.0,4,Fashion,3,Married,4,0,12.0,3.0,,3.0,256.16,3.0,2.0,4,4,5,13,Champions
55437,0,11.0,Mobile Phone,3,16.0,E wallet,Male,3.0,5,Laptop & Accessory,4,Married,3,0,15.0,2.0,2.0,4.0,166.89,4.0,2.0,3,4,3,10,Loyal Customers
55438,0,20.0,Mobile Phone,1,9.0,Credit Card,Male,3.0,4,Others,1,Married,9,1,,3.0,3.0,3.0,318.28,3.0,3.0,4,4,5,13,Champions
55439,0,10.0,Mobile Phone,1,17.0,Debit Card,Male,3.0,4,Fashion,5,Married,9,1,14.0,3.0,6.0,8.0,208.21,8.0,6.0,2,5,4,11,Loyal Customers
55440,1,8.0,Computer,1,8.0,Credit Card,Male,4.0,4,Mobile Phone,4,Married,3,1,13.0,3.0,3.0,4.0,148.42,4.0,3.0,3,4,2,9,Potential Loyalists
55441,0,11.0,Mobile Phone,2,15.0,UPI,Male,3.0,4,Laptop & Accessory,4,Married,4,0,14.0,4.0,5.0,8.0,165.71,8.0,5.0,2,5,3,10,Loyal Customers
55442,1,1.0,Mobile Phone,3,34.0,Debit Card,Male,3.0,4,Laptop & Accessory,1,Single,3,1,19.0,4.0,8.0,8.0,183.13,8.0,8.0,2,5,4,11,Loyal Customers
55443,0,7.0,Mobile Phone,1,15.0,Debit Card,Male,3.0,2,Mobile Phone,5,Married,8,0,20.0,4.0,8.0,7.0,156.43,7.0,8.0,2,5,3,10,Loyal Customers
55444,0,2.0,Mobile Phone,1,8.0,Debit Card,Male,3.0,4,Mobile Phone,1,Married,3,0,12.0,1.0,2.0,4.0,145.44,4.0,2.0,3,4,2,9,Potential Loyalists
55445,0,13.0,Mobile Phone,1,17.0,Credit Card,Male,4.0,4,Fashion,3,Single,9,0,22.0,3.0,,3.0,259.64,3.0,2.0,4,4,5,13,Champions
55446,0,20.0,Computer,3,33.0,Debit Card,Male,4.0,5,Laptop & Accessory,4,Single,10,0,16.0,2.0,3.0,3.0,204.91,3.0,3.0,4,4,4,12,Champions
55447,0,14.0,Mobile Phone,1,9.0,Debit Card,Female,4.0,4,Mobile Phone,5,Married,6,0,18.0,2.0,2.0,3.0,158.77,3.0,2.0,4,4,3,11,Loyal Customers
55448,0,16.0,Mobile Phone,1,20.0,Credit Card,Male,4.0,2,Laptop & Accessory,5,Married,7,0,19.0,2.0,2.0,1.0,180.38,1.0,2.0,5,4,4,13,Champions
55449,0,9.0,Computer,1,9.0,Credit Card,Male,3.0,4,Laptop & Accessory,1,Married,4,0,15.0,2.0,2.0,8.0,182.62,8.0,2.0,2,4,4,10,Loyal Customers
55450,0,12.0,Computer,2,9.0,UPI,Male,4.0,4,Mobile Phone,4,Married,7,0,14.0,3.0,4.0,9.0,150.92,9.0,4.0,1,5,2,8,At Risk
55451,1,1.0,Computer,1,16.0,Debit Card,Male,4.0,4,Laptop & Accessory,5,Married,6,0,18.0,1.0,2.0,8.0,178.46,8.0,2.0,2,4,4,10,Loyal Customers
55452,1,1.0,Mobile Phone,1,17.0,Credit Card,Male,3.0,4,Laptop & Accessory,5,Single,3,0,16.0,1.0,2.0,9.0,167.13,9.0,2.0,1,4,3,8,Loyal Customers
55453,0,13.0,Computer,3,27.0,Debit Card,Male,3.0,4,Laptop & Accessory,1,Married,4,0,19.0,2.0,3.0,3.0,166.27,3.0,3.0,4,4,3,11,Loyal Customers
55454,0,17.0,Computer,1,16.0,Debit Card,Male,3.0,4,Mobile Phone,3,Single,6,0,14.0,2.0,2.0,3.0,149.38,3.0,2.0,4,4,2,10,Potential Loyalists
55455,0,15.0,Mobile Phone,1,12.0,Debit Card,Male,3.0,2,Laptop & Accessory,4,Single,5,0,13.0,1.0,2.0,3.0,193.7,3.0,2.0,4,4,4,12,Champions
55456,0,15.0,Mobile Phone,3,11.0,E wallet,Female,3.0,4,Fashion,3,Married,2,1,14.0,6.0,14.0,,229.47,3.0,14.0,4,5,5,14,Champions
55457,0,4.0,Mobile Phone,1,17.0,Credit Card,Female,4.0,4,Fashion,3,Single,11,0,15.0,1.0,2.0,,221.67,3.0,2.0,4,4,5,13,Champions
55458,1,1.0,Mobile Phone,2,27.0,Credit Card,Female,4.0,4,Mobile Phone,4,Married,2,1,12.0,1.0,2.0,5.0,146.48,5.0,2.0,2,4,2,8,At Risk
55459,1,10.0,Mobile Phone,1,28.0,Credit Card,Female,4.0,4,Laptop & Accessory,4,Married,6,0,23.0,4.0,4.0,,214.26,3.0,4.0,4,5,5,14,Champions
55460,0,14.0,Mobile Phone,1,8.0,Debit Card,Female,3.0,4,Laptop & Accessory,1,Married,6,0,18.0,1.0,2.0,4.0,190.13,4.0,2.0,3,4,4,11,Loyal Customers
55461,0,8.0,Mobile Phone,3,15.0,Cash on Delivery,Male,4.0,2,Laptop & Accessory,3,Married,3,0,22.0,3.0,5.0,9.0,192.99,9.0,5.0,1,5,4,10,Loyal Customers
55462,0,31.0,Computer,3,9.0,Credit Card,Male,3.0,4,Grocery,4,Married,6,0,23.0,,15.0,15.0,287.91,15.0,15.0,1,5,5,11,Loyal Customers
55463,0,9.0,Mobile Phone,1,30.0,Credit Card,Male,4.0,6,Mobile Phone,3,Married,2,0,17.0,1.0,2.0,4.0,152.05,4.0,2.0,3,4,2,9,Potential Loyalists
55464,0,21.0,Mobile Phone,1,11.0,Debit Card,Female,4.0,5,Fashion,4,Married,10,1,13.0,6.0,15.0,,228.33,3.0,15.0,4,5,5,14,Champions
55465,0,14.0,Mobile Phone,1,19.0,Debit Card,Female,3.0,4,Laptop & Accessory,5,Married,4,0,13.0,2.0,8.0,8.0,169.48,8.0,8.0,2,5,3,10,Loyal Customers
55466,0,28.0,Mobile Phone,1,14.0,Credit Card,Female,4.0,4,Laptop & Accessory,1,Married,6,0,16.0,2.0,2.0,8.0,193.54,8.0,2.0,2,4,4,10,Loyal Customers
55467,0,5.0,Computer,3,14.0,E wallet,Female,4.0,4,Fashion,5,Married,4,0,15.0,3.0,3.0,,221.37,3.0,3.0,4,4,5,13,Champions
55468,0,2.0,Mobile Phone,1,8.0,Credit Card,Female,4.0,4,Mobile Phone,5,Married,3,0,26.0,2.0,2.0,3.0,160.91,3.0,2.0,4,4,3,11,Loyal Customers
55469,0,12.0,Mobile Phone,3,9.0,E wallet,Female,4.0,6,Laptop & Accessory,1,Married,4,1,21.0,1.0,2.0,4.0,179.05,4.0,2.0,3,4,4,11,Loyal Customers
55470,0,1.0,Mobile Phone,3,17.0,Credit Card,Male,3.0,4,Laptop & Accessory,1,Single,3,0,14.0,2.0,2.0,3.0,171.84,3.0,2.0,4,4,3,11,Loyal Customers
55471,0,31.0,Computer,1,22.0,Debit Card,Male,3.0,4,Grocery,3,Married,4,1,15.0,,3.0,3.0,282.87,3.0,3.0,4,4,5,13,Champions
55472,0,1.0,Computer,1,21.0,Credit Card,Female,3.0,4,Mobile Phone,3,Single,3,0,17.0,2.0,2.0,1.0,140.14,1.0,2.0,5,4,1,10,Potential Loyalists
55473,1,1.0,Mobile Phone,2,25.0,UPI,Male,3.0,2,Mobile Phone,5,Married,2,0,18.0,2.0,2.0,1.0,154.56,1.0,2.0,5,4,3,12,Loyal Customers
55474,1,1.0,Mobile Phone,2,20.0,UPI,Male,3.0,5,Mobile Phone,5,Married,6,1,16.0,3.0,3.0,1.0,148.35,1.0,3.0,5,4,2,11,Potential Loyalists
55475,0,19.0,Computer,3,9.0,Debit Card,Female,4.0,4,Laptop & Accessory,3,Married,6,0,23.0,4.0,6.0,8.0,176.54,8.0,6.0,2,5,4,11,Loyal Customers
55476,0,10.0,Mobile Phone,1,9.0,UPI,Female,4.0,4,Laptop & Accessory,4,Married,6,1,23.0,2.0,2.0,1.0,194.62,1.0,2.0,5,4,4,13,Champions
55477,0,17.0,Computer,3,9.0,Debit Card,Male,4.0,4,Laptop & Accessory,1,Married,3,0,21.0,8.0,8.0,8.0,181.75,8.0,8.0,2,5,4,11,Loyal Customers
55478,0,1.0,Computer,1,12.0,Debit Card,Female,3.0,4,Mobile Phone,1,Single,2,1,15.0,2.0,2.0,3.0,148.79,3.0,2.0,4,4,2,10,Potential Loyalists
55479,0,3.0,Computer,1,27.0,Credit Card,Male,3.0,4,Mobile Phone,1,Married,3,0,14.0,2.0,4.0,11.0,163.12,11.0,4.0,1,5,3,9,Loyal Customers
55480,0,6.0,Computer,3,17.0,E wallet,Male,4.0,4,Laptop & Accessory,1,Single,10,0,14.0,1.0,2.0,1.0,171.48,1.0,2.0,5,4,3,12,Loyal Customers
55481,0,16.0,Computer,1,17.0,Cash on Delivery,Male,3.0,4,Mobile Phone,3,Married,5,0,23.0,4.0,4.0,4.0,154.36,4.0,4.0,3,5,3,11,Loyal Customers
55482,0,21.0,Mobile Phone,1,16.0,Debit Card,Female,4.0,4,Mobile Phone,3,Single,6,0,13.0,1.0,3.0,1.0,146.05,1.0,3.0,5,4,2,11,Potential Loyalists
55483,0,20.0,Mobile Phone,1,9.0,Debit Card,Male,3.0,4,Fashion,1,Married,5,0,15.0,1.0,5.0,,210.78,3.0,5.0,4,5,5,14,Champions
55484,0,2.0,Computer,2,8.0,Debit Card,Male,3.0,4,Mobile Phone,1,Married,3,0,16.0,2.0,3.0,3.0,152.06,3.0,3.0,4,4,2,10,Potential Loyalists
55485,0,3.0,Mobile Phone,1,36.0,Debit Card,Male,4.0,6,Laptop & Accessory,3,Married,10,0,18.0,1.0,2.0,7.0,188.84,7.0,2.0,2,4,4,10,Loyal Customers
55486,0,16.0,Mobile Phone,1,15.0,Debit Card,Male,3.0,4,Mobile Phone,3,Single,6,0,14.0,2.0,2.0,1.0,164.68,1.0,2.0,5,4,3,12,Loyal Customers
55487,1,1.0,Mobile Phone,3,9.0,E wallet,Male,3.0,5,Laptop & Accessory,4,Single,9,1,13.0,2.0,3.0,,224.07,3.0,3.0,4,4,5,13,Champions
55488,0,20.0,Mobile Phone,3,10.0,Cash on Delivery,Female,3.0,2,Grocery,5,Married,4,0,13.0,3.0,,9.0,257.25,9.0,2.0,1,4,5,10,Loyal Customers
55489,0,1.0,Mobile Phone,3,30.0,Credit Card,Female,3.0,5,Laptop & Accessory,3,Married,3,0,22.0,4.0,6.0,9.0,160.4,9.0,6.0,1,5,3,9,Loyal Customers
55490,0,3.0,Mobile Phone,2,13.0,Credit Card,Male,3.0,5,Mobile Phone,4,Married,3,0,12.0,2.0,2.0,1.0,153.04,1.0,2.0,5,4,2,11,Potential Loyalists
55491,0,17.0,Mobile Phone,1,13.0,Credit Card,Female,3.0,5,Others,3,Married,9,0,,7.0,7.0,15.0,318.92,15.0,7.0,1,5,5,11,Loyal Customers
55492,0,22.0,Mobile Phone,1,17.0,Debit Card,Male,4.0,5,Others,4,Married,6,0,,4.0,13.0,10.0,321.65,10.0,13.0,1,5,5,11,Loyal Customers
55493,1,1.0,Computer,1,31.0,Debit Card,Male,4.0,5,Mobile Phone,1,Single,3,1,25.0,2.0,2.0,1.0,149.39,1.0,2.0,5,4,2,11,Potential Loyalists
55494,1,10.0,Mobile Phone,3,17.0,Debit Card,Female,4.0,4,Fashion,4,Married,7,0,22.0,2.0,2.0,8.0,198.14,8.0,2.0,2,4,4,10,Loyal Customers
55495,0,1.0,Computer,1,22.0,Debit Card,Female,4.0,5,Mobile Phone,5,Married,2,0,20.0,1.0,8.0,4.0,172.74,4.0,8.0,3,5,3,11,Loyal Customers
55496,0,13.0,Mobile Phone,1,26.0,UPI,Male,3.0,4,Laptop & Accessory,1,Married,10,0,15.0,1.0,3.0,3.0,164.02,3.0,3.0,4,4,3,11,Loyal Customers
55497,0,29.0,Mobile Phone,1,9.0,Cash on Delivery,Male,4.0,5,Mobile Phone,1,Married,10,0,21.0,2.0,2.0,5.0,151.62,5.0,2.0,2,4,2,8,At Risk
55498,0,2.0,Mobile Phone,3,10.0,Credit Card,Female,4.0,4,Mobile Phone,4,Married,3,0,20.0,2.0,2.0,1.0,153.56,1.0,2.0,5,4,2,11,Potential Loyalists
55499,1,1.0,Mobile Phone,3,16.0,Credit Card,Male,3.0,4,Mobile Phone,1,Single,3,0,14.0,1.0,2.0,1.0,135.81,1.0,2.0,5,4,1,10,Potential Loyalists
55500,1,1.0,Mobile Phone,1,14.0,Debit Card,Male,4.0,4,Mobile Phone,4,Single,3,1,24.0,2.0,2.0,1.0,149.72,1.0,2.0,5,4,2,11,Potential Loyalists
55501,0,10.0,Mobile Phone,3,17.0,Cash on Delivery,Female,4.0,5,Laptop & Accessory,3,Married,3,1,14.0,1.0,2.0,8.0,181.73,8.0,2.0,2,4,4,10,Loyal Customers
55502,0,5.0,Mobile Phone,1,27.0,Debit Card,Male,3.0,4,Laptop & Accessory,3,Married,3,0,12.0,1.0,2.0,3.0,166.97,3.0,2.0,4,4,3,11,Loyal Customers
55503,0,8.0,Mobile Phone,3,11.0,Debit Card,Male,4.0,4,Fashion,1,Married,4,1,14.0,1.0,2.0,,222.13,3.0,2.0,4,4,5,13,Champions
55504,0,3.0,Mobile Phone,1,14.0,Debit Card,Male,3.0,4,Mobile Phone,5,Single,5,0,15.0,1.0,2.0,3.0,145.62,3.0,2.0,4,4,2,10,Potential Loyalists
55505,0,11.0,Mobile Phone,1,14.0,Credit Card,Male,4.0,4,Laptop & Accessory,5,Married,7,1,23.0,1.0,2.0,5.0,167.84,5.0,2.0,2,4,3,9,Loyal Customers
55506,0,9.0,Mobile Phone,1,23.0,UPI,Female,3.0,5,Laptop & Accessory,4,Married,2,1,12.0,1.0,2.0,3.0,172.88,3.0,2.0,4,4,3,11,Loyal Customers
55507,0,19.0,Mobile Phone,1,32.0,Debit Card,Female,4.0,5,Laptop & Accessory,1,Married,2,0,14.0,1.0,4.0,9.0,184.06,9.0,4.0,1,5,4,10,Loyal Customers
55508,0,10.0,Computer,2,9.0,UPI,Male,4.0,5,Laptop & Accessory,1,Single,3,0,22.0,2.0,2.0,9.0,163.86,9.0,2.0,1,4,3,8,Loyal Customers
55509,0,14.0,Mobile Phone,1,8.0,Debit Card,Male,4.0,4,Grocery,5,Married,4,0,,3.0,12.0,17.0,293.23,17.0,12.0,1,5,5,11,Loyal Customers
55510,0,1.0,Mobile Phone,1,8.0,Debit Card,Female,3.0,5,Mobile Phone,3,Married,3,1,14.0,1.0,2.0,1.0,154.33,1.0,2.0,5,4,3,12,Loyal Customers
55511,0,1.0,Mobile Phone,3,9.0,Credit Card,Female,3.0,2,Laptop & Accessory,3,Single,2,0,15.0,1.0,2.0,8.0,190.0,8.0,2.0,2,4,4,10,Loyal Customers
55512,0,22.0,Computer,1,29.0,Credit Card,Female,3.0,4,Grocery,1,Married,5,0,,2.0,5.0,8.0,296.74,8.0,5.0,2,5,5,12,Loyal Customers
55513,0,18.0,Mobile Phone,1,8.0,Debit Card,Male,4.0,2,Laptop & Accessory,5,Married,4,0,16.0,2.0,3.0,3.0,175.33,3.0,3.0,4,4,4,12,Champions
55514,1,1.0,Computer,1,23.0,Cash on Delivery,Male,3.0,6,Mobile Phone,5,Married,3,1,24.0,1.0,4.0,1.0,148.07,1.0,4.0,5,5,2,12,Potential Loyalists
55515,1,20.0,Mobile Phone,1,31.0,Debit Card,Male,4.0,4,Mobile Phone,1,Single,3,0,17.0,1.0,2.0,1.0,150.87,1.0,2.0,5,4,2,11,Potential Loyalists
55516,0,10.0,Mobile Phone,3,24.0,E wallet,Male,3.0,5,Laptop & Accessory,4,Married,4,0,17.0,2.0,2.0,4.0,180.07,4.0,2.0,3,4,4,11,Loyal Customers
55517,0,15.0,Mobile Phone,3,15.0,E wallet,Female,3.0,4,Laptop & Accessory,4,Married,7,0,22.0,1.0,2.0,5.0,168.93,5.0,2.0,2,4,3,9,Loyal Customers
55518,0,16.0,Mobile Phone,1,13.0,Credit Card,Male,3.0,4,Fashion,5,Married,11,0,14.0,6.0,,8.0,258.48,8.0,2.0,2,4,5,11,Loyal Customers
55519,0,5.0,Mobile Phone,3,17.0,Credit Card,Female,3.0,4,Laptop & Accessory,1,Married,4,1,12.0,2.0,2.0,5.0,190.83,5.0,2.0,2,4,4,10,Loyal Customers
55520,0,8.0,Mobile Phone,3,10.0,Credit Card,Female,4.0,5,Laptop & Accessory,1,Married,5,1,13.0,1.0,2.0,2.0,206.03,2.0,2.0,5,4,4,13,Champions
55521,0,5.0,Mobile Phone,1,11.0,Credit Card,Female,4.0,2,Mobile Phone,3,Married,10,0,13.0,2.0,3.0,3.0,164.78,3.0,3.0,4,4,3,11,Loyal Customers
55522,0,1.0,Computer,1,13.0,UPI,Male,4.0,2,Mobile Phone,1,Married,2,0,19.0,3.0,8.0,8.0,150.44,8.0,8.0,2,5,2,9,At Risk
55523,0,19.0,Computer,1,8.0,Credit Card,Male,3.0,4,Laptop & Accessory,3,Single,6,0,13.0,1.0,2.0,4.0,178.99,4.0,2.0,3,4,4,11,Loyal Customers
55524,0,7.0,Mobile Phone,3,17.0,E wallet,Male,3.0,4,Laptop & Accessory,3,Single,3,0,15.0,1.0,2.0,10.0,179.87,10.0,2.0,1,4,4,9,Loyal Customers
55525,0,2.0,Computer,3,8.0,Debit Card,Male,3.0,5,Laptop & Accessory,1,Married,3,1,13.0,2.0,2.0,8.0,193.34,8.0,2.0,2,4,4,10,Loyal Customers
55526,1,1.0,Computer,3,31.0,Cash on Delivery,Male,3.0,2,Mobile Phone,5,Single,3,0,18.0,1.0,2.0,1.0,135.91,1.0,2.0,5,4,1,10,Potential Loyalists
55527,0,13.0,Computer,3,28.0,Debit Card,Female,3.0,6,Laptop & Accessory,3,Married,8,0,20.0,1.0,2.0,3.0,182.36,3.0,2.0,4,4,4,12,Champions
55528,0,1.0,Mobile Phone,1,9.0,Cash on Delivery,Male,3.0,4,Mobile Phone,4,Married,3,0,12.0,1.0,2.0,3.0,147.26,3.0,2.0,4,4,2,10,Potential Loyalists
55529,0,8.0,Computer,1,29.0,UPI,Male,3.0,5,Laptop & Accessory,1,Married,3,1,16.0,4.0,7.0,12.0,182.47,12.0,7.0,1,5,4,10,Loyal Customers
55530,1,1.0,Mobile Phone,3,20.0,E wallet,Female,3.0,4,Laptop & Accessory,3,Single,5,1,12.0,1.0,3.0,,223.54,3.0,3.0,4,4,5,13,Champions
55531,0,21.0,Computer,1,21.0,Cash on Delivery,Male,4.0,4,Laptop & Accessory,4,Married,10,0,19.0,1.0,2.0,8.0,179.67,8.0,2.0,2,4,4,10,Loyal Customers
55532,0,30.0,Mobile Phone,3,18.0,E wallet,Female,3.0,5,Laptop & Accessory,5,Married,6,0,17.0,1.0,2.0,1.0,178.8,1.0,2.0,5,4,4,13,Champions
55533,0,13.0,Mobile Phone,1,16.0,Credit Card,Male,3.0,4,Laptop & Accessory,5,Married,3,0,26.0,1.0,8.0,10.0,176.51,10.0,8.0,1,5,4,10,Loyal Customers
55534,0,12.0,Computer,1,15.0,Credit Card,Female,3.0,5,Laptop & Accessory,4,Married,3,1,17.0,2.0,2.0,8.0,146.33,8.0,2.0,2,4,2,8,At Risk
55535,0,61.0,Mobile Phone,3,28.0,Debit Card,Female,4.0,4,Grocery,1,Married,6,1,,1.0,2.0,1.0,303.75,1.0,2.0,5,4,5,14,Champions
55536,1,1.0,Computer,1,12.0,Debit Card,Female,3.0,2,Mobile Phone,3,Single,5,1,15.0,1.0,2.0,4.0,149.32,4.0,2.0,3,4,2,9,Potential Loyalists
55537,0,12.0,Mobile Phone,1,16.0,Debit Card,Male,4.0,4,Mobile Phone,1,Married,4,0,20.0,1.0,2.0,4.0,172.71,4.0,2.0,3,4,3,10,Loyal Customers
55538,0,23.0,Computer,1,9.0,Debit Card,Male,3.0,4,Others,1,Married,5,0,,5.0,5.0,4.0,316.61,4.0,5.0,3,5,5,13,Loyal Customers
55539,0,16.0,Mobile Phone,3,19.0,E wallet,Male,4.0,4,Laptop & Accessory,1,Married,5,1,13.0,2.0,2.0,1.0,175.87,1.0,2.0,5,4,4,13,Champions
55540,1,1.0,Computer,2,29.0,UPI,Female,3.0,5,Mobile Phone,4,Married,3,0,13.0,2.0,2.0,1.0,153.63,1.0,2.0,5,4,2,11,Potential Loyalists
55541,0,9.0,Mobile Phone,3,25.0,Credit Card,Male,4.0,4,Laptop & Accessory,5,Married,2,0,17.0,2.0,2.0,5.0,180.61,5.0,2.0,2,4,4,10,Loyal Customers
55542,0,2.0,Computer,1,23.0,Credit Card,Male,3.0,4,Mobile Phone,3,Single,3,0,15.0,1.0,2.0,5.0,146.44,5.0,2.0,2,4,2,8,At Risk
55543,0,5.0,Computer,1,10.0,Credit Card,Male,3.0,4,Mobile Phone,5,Married,3,1,14.0,3.0,3.0,4.0,155.65,4.0,3.0,3,4,3,10,Loyal Customers
55544,0,10.0,Computer,1,16.0,Debit Card,Male,4.0,2,Mobile Phone,4,Married,3,0,23.0,2.0,2.0,3.0,153.1,3.0,2.0,4,4,2,10,Potential Loyalists
55545,0,8.0,Mobile Phone,3,8.0,E wallet,Male,3.0,4,Fashion,1,Single,3,0,22.0,3.0,3.0,,223.88,3.0,3.0,4,4,5,13,Champions
55546,0,8.0,Mobile Phone,3,20.0,Credit Card,Male,3.0,4,Fashion,3,Married,3,0,19.0,1.0,2.0,,211.28,3.0,2.0,4,4,5,13,Champions
55547,0,1.0,Mobile Phone,1,8.0,Credit Card,Male,4.0,4,Mobile Phone,5,Single,2,0,14.0,8.0,8.0,7.0,153.67,7.0,8.0,2,5,3,10,Loyal Customers
55548,0,3.0,Mobile Phone,1,8.0,Debit Card,Male,3.0,4,Laptop & Accessory,5,Married,2,0,13.0,1.0,2.0,3.0,178.73,3.0,2.0,4,4,4,12,Champions
55549,0,6.0,Computer,1,22.0,Credit Card,Female,3.0,4,Laptop & Accessory,1,Married,7,0,19.0,1.0,2.0,3.0,191.67,3.0,2.0,4,4,4,12,Champions
55550,0,5.0,Computer,1,8.0,Debit Card,Male,3.0,6,Laptop & Accessory,5,Married,3,0,22.0,7.0,9.0,8.0,175.03,8.0,9.0,2,5,4,11,Loyal Customers
55551,1,1.0,Mobile Phone,1,24.0,Cash on Delivery,Male,3.0,5,Mobile Phone,1,Married,7,0,13.0,2.0,2.0,4.0,148.67,4.0,2.0,3,4,2,9,Potential Loyalists
55552,0,12.0,Mobile Phone,3,8.0,Debit Card,Male,3.0,5,Mobile Phone,5,Single,6,0,15.0,2.0,2.0,1.0,153.58,1.0,2.0,5,4,2,11,Potential Loyalists
55553,0,9.0,Mobile Phone,3,14.0,Debit Card,Female,3.0,4,Laptop & Accessory,1,Married,3,1,12.0,2.0,2.0,10.0,177.04,10.0,2.0,1,4,4,9,Loyal Customers
55554,0,1.0,Mobile Phone,3,16.0,E wallet,Male,3.0,4,Laptop & Accessory,1,Single,3,0,15.0,2.0,2.0,8.0,166.05,8.0,2.0,2,4,3,9,Loyal Customers
55555,0,6.0,Mobile Phone,1,12.0,Debit Card,Male,3.0,5,Laptop & Accessory,1,Single,10,0,25.0,2.0,2.0,,221.79,3.0,2.0,4,4,5,13,Champions
55556,1,1.0,Computer,3,33.0,E wallet,Male,4.0,4,Laptop & Accessory,1,Married,3,1,12.0,1.0,2.0,9.0,181.17,9.0,2.0,1,4,4,9,Loyal Customers
55557,1,17.0,Mobile Phone,3,31.0,Debit Card,Male,4.0,4,Fashion,5,Single,8,1,14.0,1.0,3.0,,229.48,3.0,3.0,4,4,5,13,Champions
55558,0,28.0,Mobile Phone,1,16.0,Debit Card,Female,4.0,4,Laptop & Accessory,3,Married,5,0,12.0,2.0,3.0,4.0,153.97,4.0,3.0,3,4,3,10,Loyal Customers
55559,0,7.0,Computer,1,14.0,Debit Card,Male,3.0,4,Laptop & Accessory,3,Married,3,0,21.0,1.0,3.0,9.0,184.68,9.0,3.0,1,4,4,9,Loyal Customers
55560,0,17.0,Mobile Phone,1,18.0,Debit Card,Male,2.0,4,Fashion,3,Married,3,0,18.0,2.0,2.0,10.0,200.1,10.0,2.0,1,4,4,9,Loyal Customers
55561,0,12.0,Computer,2,8.0,UPI,Male,3.0,4,Mobile Phone,4,Married,2,1,12.0,1.0,2.0,3.0,154.91,3.0,2.0,4,4,3,11,Loyal Customers
55562,0,29.0,Mobile Phone,2,33.0,UPI,Male,4.0,2,Others,4,Married,6,1,,2.0,2.0,5.0,321.36,5.0,2.0,2,4,5,11,Loyal Customers
55563,0,5.0,Mobile Phone,1,9.0,Credit Card,Female,3.0,6,Mobile Phone,1,Married,3,1,12.0,1.0,2.0,1.0,136.29,1.0,2.0,5,4,1,10,Potential Loyalists
55564,0,13.0,Mobile Phone,3,22.0,E wallet,Male,4.0,4,Grocery,5,Single,2,0,13.0,5.0,,11.0,258.41,11.0,2.0,1,4,5,10,Loyal Customers
55565,0,16.0,Computer,1,30.0,Debit Card,Male,3.0,5,Laptop & Accessory,3,Single,3,0,13.0,4.0,4.0,8.0,168.32,8.0,4.0,2,5,3,10,Loyal Customers
55566,0,5.0,Computer,1,17.0,Credit Card,Female,3.0,4,Fashion,3,Married,6,0,21.0,4.0,,9.0,235.31,9.0,2.0,1,4,5,10,Loyal Customers
55567,0,28.0,Mobile Phone,1,17.0,Credit Card,Female,4.0,4,Laptop & Accessory,5,Single,8,1,20.0,1.0,2.0,5.0,169.4,5.0,2.0,2,4,3,9,Loyal Customers
55568,0,1.0,Mobile Phone,1,8.0,Debit Card,Male,3.0,5,Laptop & Accessory,3,Single,3,0,13.0,2.0,2.0,3.0,171.17,3.0,2.0,4,4,3,11,Loyal Customers
55569,0,1.0,Mobile Phone,1,19.0,UPI,Male,4.0,4,Mobile Phone,1,Single,3,0,14.0,2.0,2.0,5.0,151.47,5.0,2.0,2,4,2,8,At Risk
55570,0,14.0,Computer,1,18.0,Cash on Delivery,Female,4.0,4,Laptop & Accessory,3,Married,3,0,12.0,8.0,10.0,5.0,188.23,5.0,10.0,2,5,4,11,Loyal Customers
55571,0,14.0,Mobile Phone,3,9.0,E wallet,Female,4.0,4,Laptop & Accessory,4,Married,5,0,15.0,2.0,6.0,11.0,181.77,11.0,6.0,1,5,4,10,Loyal Customers
55572,0,1.0,Mobile Phone,2,9.0,UPI,Female,3.0,4,Mobile Phone,4,Married,6,0,15.0,1.0,2.0,3.0,146.87,3.0,2.0,4,4,2,10,Potential Loyalists
55573,0,4.0,Mobile Phone,1,8.0,Credit Card,Male,4.0,4,Mobile Phone,4,Married,3,0,14.0,2.0,2.0,8.0,162.48,8.0,2.0,2,4,3,9,Loyal Customers
55574,0,1.0,Mobile Phone,1,9.0,UPI,Male,3.0,4,Mobile Phone,3,Married,8,1,20.0,1.0,2.0,3.0,164.77,3.0,2.0,4,4,3,11,Loyal Customers
55575,0,21.0,Mobile Phone,1,32.0,Credit Card,Male,3.0,4,Fashion,3,Single,4,0,24.0,10.0,13.0,,211.33,3.0,13.0,4,5,5,14,Champions
55576,0,7.0,Computer,1,8.0,Credit Card,Male,3.0,5,Mobile Phone,3,Married,3,0,13.0,1.0,2.0,1.0,145.08,1.0,2.0,5,4,2,11,Potential Loyalists
55577,0,12.0,Mobile Phone,3,8.0,Debit Card,Male,3.0,4,Laptop & Accessory,4,Married,2,0,16.0,2.0,6.0,9.0,169.4,9.0,6.0,1,5,3,9,Loyal Customers
55578,0,5.0,Mobile Phone,3,9.0,Debit Card,Male,3.0,4,Mobile Phone,3,Married,2,0,20.0,1.0,2.0,3.0,155.67,3.0,2.0,4,4,3,11,Loyal Customers
55579,0,12.0,Computer,1,13.0,Debit Card,Male,4.0,5,Laptop & Accessory,3,Married,4,0,12.0,3.0,8.0,8.0,178.21,8.0,8.0,2,5,4,11,Loyal Customers
55580,0,16.0,Mobile Phone,1,25.0,Debit Card,Male,3.0,4,Laptop & Accessory,5,Married,8,1,18.0,2.0,2.0,3.0,179.1,3.0,2.0,4,4,4,12,Champions
55581,0,15.0,Mobile Phone,1,8.0,Debit Card,Male,4.0,4,Mobile Phone,1,Married,5,0,23.0,1.0,2.0,1.0,152.82,1.0,2.0,5,4,2,11,Potential Loyalists
55582,0,21.0,Computer,1,8.0,Credit Card,Female,4.0,4,Fashion,4,Married,2,0,19.0,1.0,,13.0,244.57,13.0,2.0,1,4,5,10,Loyal Customers
55583,0,9.0,Mobile Phone,1,18.0,Credit Card,Male,3.0,4,Mobile Phone,3,Married,9,1,12.0,3.0,3.0,3.0,151.6,3.0,3.0,4,4,2,10,Potential Loyalists
55584,0,1.0,Mobile Phone,1,8.0,Debit Card,Male,4.0,4,Mobile Phone,3,Single,2,0,13.0,2.0,2.0,3.0,158.75,3.0,2.0,4,4,3,11,Loyal Customers
55585,0,9.0,Mobile Phone,1,16.0,Credit Card,Male,3.0,4,Laptop & Accessory,3,Single,3,0,20.0,1.0,2.0,9.0,175.98,9.0,2.0,1,4,4,9,Loyal Customers
55586,0,7.0,Mobile Phone,1,22.0,Credit Card,Female,4.0,4,Laptop & Accessory,1,Married,2,1,14.0,7.0,9.0,2.0,173.78,2.0,9.0,5,5,4,14,Champions
55587,0,6.0,Mobile Phone,1,36.0,Debit Card,Female,3.0,5,Mobile Phone,4,Single,3,0,14.0,1.0,5.0,2.0,153.37,2.0,5.0,5,5,2,12,Potential Loyalists
55588,0,14.0,Mobile Phone,1,8.0,Debit Card,Male,3.0,4,Mobile Phone,1,Married,10,0,20.0,2.0,2.0,1.0,149.06,1.0,2.0,5,4,2,11,Potential Loyalists
55589,0,6.0,Mobile Phone,3,8.0,Credit Card,Male,4.0,5,Mobile Phone,4,Married,2,0,15.0,3.0,3.0,3.0,147.69,3.0,3.0,4,4,2,10,Potential Loyalists
55590,0,13.0,Mobile Phone,1,31.0,Debit Card,Male,3.0,4,Laptop & Accessory,1,Single,9,0,14.0,1.0,2.0,8.0,166.08,8.0,2.0,2,4,3,9,Loyal Customers
55591,0,12.0,Mobile Phone,1,17.0,Credit Card,Female,4.0,6,Fashion,3,Married,5,0,13.0,1.0,,12.0,257.06,12.0,2.0,1,4,5,10,Loyal Customers
55592,0,6.0,Mobile Phone,3,8.0,E wallet,Female,3.0,4,Fashion,1,Married,3,0,20.0,1.0,6.0,,229.22,3.0,6.0,4,5,5,14,Champions
55593,0,11.0,Mobile Phone,1,17.0,Debit Card,Female,3.0,2,Fashion,1,Married,3,1,26.0,,7.0,9.0,262.44,9.0,7.0,1,5,5,11,Loyal Customers
55594,0,1.0,Mobile Phone,3,15.0,UPI,Female,3.0,4,Laptop & Accessory,3,Married,2,1,23.0,1.0,2.0,5.0,174.07,5.0,2.0,2,4,4,10,Loyal Customers
55595,0,26.0,Computer,3,36.0,Debit Card,Male,3.0,4,Mobile Phone,1,Married,4,0,16.0,2.0,2.0,1.0,159.82,1.0,2.0,5,4,3,12,Loyal Customers
55596,0,18.0,Mobile Phone,1,8.0,Credit Card,Male,3.0,4,Mobile Phone,1,Single,8,1,13.0,2.0,2.0,3.0,149.36,3.0,2.0,4,4,2,10,Potential Loyalists
55597,0,1.0,Mobile Phone,3,12.0,Credit Card,Male,3.0,4,Mobile Phone,5,Single,3,1,12.0,2.0,2.0,3.0,148.8,3.0,2.0,4,4,2,10,Potential Loyalists
55598,0,13.0,Computer,1,16.0,Debit Card,Male,3.0,4,Others,1,Single,4,0,,2.0,2.0,4.0,319.31,4.0,2.0,3,4,5,12,Loyal Customers
55599,1,1.0,Computer,3,16.0,E wallet,Male,3.0,4,Mobile Phone,5,Married,3,0,20.0,2.0,2.0,1.0,142.9,1.0,2.0,5,4,2,11,Potential Loyalists
55600,0,10.0,Mobile Phone,3,10.0,Credit Card,Female,4.0,5,Fashion,1,Married,2,0,20.0,1.0,4.0,5.0,201.44,5.0,4.0,2,5,4,11,Loyal Customers
55601,0,10.0,Computer,1,11.0,Debit Card,Female,4.0,4,Laptop & Accessory,4,Married,9,0,14.0,1.0,2.0,3.0,176.31,3.0,2.0,4,4,4,12,Champions
55602,0,30.0,Computer,1,8.0,Debit Card,Male,3.0,4,Laptop & Accessory,3,Married,3,0,22.0,1.0,2.0,10.0,188.06,10.0,2.0,1,4,4,9,Loyal Customers
55603,1,1.0,Mobile Phone,1,8.0,Credit Card,Male,3.0,4,Mobile Phone,1,Married,11,1,15.0,3.0,3.0,3.0,172.87,3.0,3.0,4,4,3,11,Loyal Customers
55604,0,16.0,Mobile Phone,1,9.0,Debit Card,Male,3.0,4,Others,3,Married,7,0,,1.0,5.0,15.0,313.8,15.0,5.0,1,5,5,11,Loyal Customers
55605,1,20.0,Mobile Phone,1,14.0,Cash on Delivery,Male,4.0,4,Mobile Phone,3,Married,10,0,12.0,7.0,10.0,9.0,148.39,9.0,10.0,1,5,2,8,At Risk
55606,0,15.0,Mobile Phone,1,35.0,Debit Card,Female,3.0,5,Grocery,4,Married,2,0,24.0,2.0,2.0,11.0,260.7,11.0,2.0,1,4,5,10,Loyal Customers
55607,0,8.0,Mobile Phone,3,35.0,E wallet,Female,4.0,5,Laptop & Accessory,3,Married,3,0,22.0,2.0,2.0,8.0,192.12,8.0,2.0,2,4,4,10,Loyal Customers
55608,0,10.0,Computer,3,22.0,E wallet,Male,3.0,6,Laptop & Accessory,1,Married,3,0,25.0,6.0,12.0,12.0,179.06,12.0,12.0,1,5,4,10,Loyal Customers
55609,0,15.0,Mobile Phone,3,10.0,Debit Card,Male,3.0,5,Laptop & Accessory,4,Married,4,0,12.0,2.0,2.0,,214.38,3.0,2.0,4,4,5,13,Champions
55610,0,6.0,Mobile Phone,1,9.0,Cash on Delivery,Male,4.0,4,Mobile Phone,5,Single,3,0,15.0,1.0,2.0,3.0,149.39,3.0,2.0,4,4,2,10,Potential Loyalists
55611,0,9.0,Mobile Phone,2,33.0,Debit Card,Female,3.0,4,Fashion,1,Single,3,1,17.0,2.0,2.0,,213.37,3.0,2.0,4,4,5,13,Champions
55612,0,12.0,Mobile Phone,3,17.0,Debit Card,Female,4.0,4,Laptop & Accessory,1,Married,3,0,12.0,1.0,2.0,10.0,178.43,10.0,2.0,1,4,4,9,Loyal Customers
55613,1,14.0,Computer,3,8.0,Debit Card,Male,4.0,4,Laptop & Accessory,3,Married,9,0,13.0,2.0,2.0,2.0,192.28,2.0,2.0,5,4,4,13,Champions
55614,0,10.0,Mobile Phone,3,18.0,E wallet,Female,4.0,5,Laptop & Accessory,1,Married,6,0,14.0,2.0,2.0,1.0,191.52,1.0,2.0,5,4,4,13,Champions
55615,0,19.0,Mobile Phone,3,27.0,Debit Card,Female,3.0,4,Laptop & Accessory,3,Single,10,0,16.0,1.0,2.0,2.0,173.5,2.0,2.0,5,4,4,13,Champions
55616,0,14.0,Mobile Phone,1,9.0,Debit Card,Male,1.0,5,Mobile Phone,3,Single,4,0,15.0,1.0,3.0,3.0,153.09,3.0,3.0,4,4,2,10,Potential Loyalists
55617,0,9.0,Computer,1,25.0,Debit Card,Male,4.0,4,Laptop & Accessory,3,Married,3,1,15.0,1.0,2.0,3.0,181.89,3.0,2.0,4,4,4,12,Champions
55618,0,14.0,Mobile Phone,1,9.0,Credit Card,Female,4.0,4,Mobile Phone,3,Married,4,0,15.0,1.0,2.0,3.0,145.01,3.0,2.0,4,4,2,10,Potential Loyalists
55619,0,9.0,Mobile Phone,1,8.0,Debit Card,Female,4.0,6,Mobile Phone,1,Married,3,0,13.0,2.0,2.0,2.0,154.77,2.0,2.0,5,4,3,12,Loyal Customers
55620,0,3.0,Mobile Phone,1,20.0,UPI,Male,3.0,5,Laptop & Accessory,4,Married,6,1,14.0,1.0,2.0,4.0,165.25,4.0,2.0,3,4,3,10,Loyal Customers
55621,0,3.0,Mobile Phone,1,35.0,Credit Card,Female,4.0,5,Mobile Phone,5,Single,3,0,15.0,1.0,2.0,5.0,162.85,5.0,2.0,2,4,3,9,Loyal Customers
55622,1,14.0,Mobile Phone,3,35.0,E wallet,Male,3.0,5,Fashion,5,Married,6,1,14.0,3.0,,1.0,233.54,1.0,2.0,5,4,5,14,Champions
55623,0,13.0,Mobile Phone,3,31.0,E wallet,Female,3.0,5,Grocery,1,Married,2,0,12.0,4.0,,7.0,245.31,7.0,2.0,2,4,5,11,Loyal Customers
55624,0,5.0,Computer,1,12.0,Credit Card,Male,4.0,4,Laptop & Accessory,5,Single,2,0,20.0,2.0,2.0,,224.36,3.0,2.0,4,4,5,13,Champions
55625,0,1.0,Mobile Phone,3,12.0,UPI,Female,2.0,5,Mobile Phone,3,Single,2,0,19.0,2.0,2.0,1.0,154.66,1.0,2.0,5,4,3,12,Loyal Customers
55626,0,10.0,Computer,1,30.0,Credit Card,Male,3.0,2,Laptop & Accessory,1,Married,6,0,18.0,1.0,2.0,4.0,150.71,4.0,2.0,3,4,2,9,Potential Loyalists
55627,0,13.0,Mobile Phone,1,13.0,Credit Card,Male,3.0,5,Fashion,5,Married,6,0,16.0,1.0,2.0,,224.91,3.0,2.0,4,4,5,13,Champions
55628,0,1.0,Mobile Phone,1,11.0,Debit Card,Male,3.0,2,Laptop & Accessory,4,Married,3,1,21.0,1.0,2.0,4.0,186.42,4.0,2.0,3,4,4,11,Loyal Customers
55629,0,23.0,Computer,3,9.0,Credit Card,Male,4.0,5,Laptop & Accessory,4,Married,4,0,15.0,2.0,2.0,9.0,178.9,9.0,2.0,1,4,4,9,Loyal Customers
55630,0,8.0,Mobile Phone,1,15.0,Credit Card,Male,3.0,2,Laptop & Accessory,3,Married,4,0,13.0,2.0,2.0,3.0,169.04,3.0,2.0,4,4,3,11,Loyal Customers
